# brand	model	width	height	dpi — portrait pixels; generated by gen, do not edit
1&1	AEOP525	720	1640	320
10.or	10or_G2	1080	2246	480
10.or	D	720	1280	320
10.or	E	1080	1920	480
10.or	G	1080	1920	480
3ATech	T10-8128	1200	1920	240
3nStar	Nustar65	720	1600	320
3Rtablet	VT-7GE	800	1280	240
8849	A101	1440	3200	560
8849	OB-A98	1440	3200	560
8849	OB-A99	1200	2652	480
8849	OB-P08	1200	1920	260
8849	OB-P12	1200	1920	260
8849	TANK MINI 1	540	1200	260
8849	TANK X	1080	2460	480
8849	TANK2	1080	2460	480
8849	TANK2pro	1080	2460	480
A1	A1 Alpha 20+	1080	2340	480
A1	A1 Smart N9	720	1440	320
A1	Ai-ES1059	800	1280	160
Aamra WE	A10	480	800	240
Aamra WE	A50	480	854	240
AAUW	M50	1200	2000	260
AAUW	M50_NEW	1200	2000	280
AAUW	M60_NEW	1200	1920	280
AAUW	T10	1200	1920	280
AAUW	T50_2023	1200	1920	280
AAUW	T60PRO	800	1280	160
AAUW	T60Pro	1200	1920	280
AAUW	T60Pro_2023	1200	1920	280
AAUW	T90	1200	1920	272
AAUW	T_50	1200	1920	240
Aaztec	THAZ-65/75/86/98/110 PD	2160	3840	480
ABCTECH	PG11	800	1280	213
ABCTECH	X20	1200	1920	320
ABIL	A8	1080	2400	480
abxylute	abxylute_one	1080	1920	320
Accent	C5L PLUS	480	854	240
Accent	fast-10	800	1280	213
Accent	FAST10	800	1280	213
Accent	Fast10	800	1280	240
Accent	Fast17	800	1280	213
Accent	FAST7	600	1024	213
Accent	FAST7 3G	720	1280	160
Accent	FAST73G	600	1024	213
Accent	PEARL A4 Lite	720	1440	320
Accent	Pearl A4 PLUS	720	1440	320
Accent	PEARL A6	720	1440	320
Accent	Pearl A6	720	1600	320
Accent	TANK_P55	720	1440	320
ACD Computers	ACD-Tab-10S	800	1280	213
ACE (Global)	AS0124	576	1280	213
ACE (Global)	AS0224	720	1600	320
ACE (Global)	AS0324	720	1650	320
ACE (Global)	AS0623	720	1650	320
ACE (Global)	BUZZ 3	720	1600	320
ACE (Global)	BUZZ 3 Plus	720	1600	320
ACE (Global)	BUZZ 4	720	1600	320
ACE (Global)	BUZZ 4 Prime	720	1560	280
ACE (Global)	BUZZ 4 Ultra	1080	2460	480
ACE (Global)	BUZZ 5 Ultra	1080	2400	480
ACE (Global)	BUZZ 6 Flip	1080	2560	480
ACE (Global)	BUZZ 6 Prime	720	1612	320
ACE (Global)	BUZZ 6 Prime PLUS	720	1612	320
ACE (Global)	BUZZ 6 Pro PLUS	720	1604	320
ACE (Global)	BUZZ 6 Ultra	720	1604	320
ACE (Global)	BUZZ 7 Lite	720	1612	320
ACE (Global)	BUZZ 7 Pro	720	1604	320
ACE (Global)	BUZZ 7 Ultra	1080	2400	480
ACE (Global)	CLEVER 3	720	1600	320
ACE (Global)	URBAN 3	720	1600	320
ACE (Global)	URBAN 3 Plus	720	1640	320
ACE France	AS0218	720	1440	320
ACE France	AS0518	720	1440	320
ACE France	AS0618	720	1500	320
ACE France	BUZZ 2	720	1560	320
ACE France	BUZZ 3 Lite	720	1600	300
ACE France	BUZZ 4Lite	720	1560	320
ACE France	BUZZ 4Pro	720	1600	320
ACE France	BUZZ 4S	720	1600	320
ACE France	BUZZ 5 Pro	720	1600	320
ACE France	BUZZ 5 Pro PLUS	720	1600	320
ACE France	BUZZ 6 Pro	720	1612	480
ACE France	BUZZ 7 GT	1080	2400	480
ACE France	BUZZ 7 Note	720	1600	320
ACE France	BUZZ 7 Prime	720	1612	320
ACE France	BUZZ 7 Prime PLUS	720	1612	320
ACE France	buzz 8 Lite	720	1600	320
ACE France	BUZZ_1_Lite	480	960	240
ACE France	BUZZ_1_Plus	720	1440	320
ACE France	BUZZ_3E	480	960	200
ACE France	URBAN 1	720	1440	320
ACE France	URBAN 3	720	1600	320
Acegame S.A.	NEONHD/NEONGo	600	1024	160
Acegame S.A.	SAPPHIRE_HDLT	600	1024	160
Acegame S.A.	TitaniumHD	600	1024	160
Acepad	A121	800	1280	160
Acepad	A130	800	1280	160
Acepad	A131	800	1280	200
Acepad	A131_14	800	1280	213
Acepad	A140	1200	1920	240
Acepad	A145	1200	1920	240
Acepad	A150	1200	1920	280
Acepad	A150_14	1200	1920	213
Acepad	A151	1200	1920	213
Acepad	A170	1200	2000	280
Acepad	A171_14	1200	2000	213
Acepad	Acepad ABLE	1200	1920	320
Acepad	Acepad_HIGH_EEA	1600	2560	320
Acepad	AX1	800	1280	160
Acer	A1-734	720	1280	213
Acer	A1-810	768	1024	160
Acer	A1-830	768	1024	160
Acer	A10M1	800	1280	213
Acer	A10M2	800	1280	160
Acer	A10P2	800	1280	160
Acer	A11M1	1200	1920	213
Acer	A11M2	1200	1920	213
Acer	A11M2N	1200	1920	240
Acer	A11P2	800	1280	160
Acer	A12M1N	1200	2000	240
Acer	A12P2	1200	2000	213
Acer	A13P2	1200	1920	160
Acer	A14M1N​	1200	1920	160
Acer	A16M1N​	1200	1920	160
Acer	A3-A11	800	1280	160
Acer	A3-A20	800	1280	160
Acer	A3-A20FHD	1200	1920	240
Acer	A3-A30	1200	1920	240
Acer	A3-A40	1200	1920	240
Acer	A5PLUS	720	1600	320
Acer	A8M1	800	1340	213
Acer	A8M2	800	1340	213
Acer	A8P2	800	1280	213
Acer	AC50_VZ	720	1600	320
Acer	Acer Iconia iM11-22M5G	1440	2200	240
Acer	Acer Iconia Tab iM10-22	1200	2000	260
Acer	Acer Iconia Tab iM11-12M	1440	2200	260
Acer	Acer Iconia Tab iM9-12M	800	1280	213
Acer	Acer One 10 T4-129LI	800	1280	160
Acer	Acer One 10 T8-129L	1200	1920	240
Acer	Acer One 7 4G	800	1280	213
Acer	Acer One 8 T4-82L	800	1280	213
Acer	Acer One 8 T9-422L	800	1340	240
Acer	Acer One T10-22L	1200	2000	260
Acer	Acer One T11-22L	1440	2200	260
Acer	Acer One T11-22L-5G	1440	2200	240
Acer	ACER TAB V9-22	800	1340	240
Acer	Acer_A60	720	1440	320
Acer	Acer_A60L	720	1440	320
Acer	Acer_A61LX	720	1560	320
Acer	Acer_A62_ULTRA	720	1600	320
Acer	Acer_AC50	720	1600	320
Acer	Acer_AC81	720	1640	320
Acer	Acer_AC92	1080	2460	480
Acer	ACER_ALTOS_EZB	2160	3840	420
Acer	Acer_AQ9_EU	1080	2460	480
Acer	Acer_AX61	720	1600	320
Acer	Acer_AX64	720	1600	320
Acer	Acer_AX85	720	1640	320
Acer	Acer_education_whiteboard	2160	3840	420
Acer	Acer_One_10_T9-1212L	1200	1920	240
Acer	Acer_one_8_T2	800	1280	160
Acer	ACTAB1021_A	800	1280	213
Acer	ACTAB1022	800	1280	213
Acer	ACTAB1024	800	1280	160
Acer	ACTAB1025	800	1280	160
Acer	ACTAB10KB24	1200	1920	240
Acer	ACTAB1123	1200	2000	240
Acer	ACTAB1422	1200	2000	240
Acer	ACTAB721	600	1024	160
Acer	ACTAB723	600	1024	160
Acer	ACTAB821_A	800	1280	213
Acer	ACTABKID	800	1280	160
Acer	ARSP25MTA14A1	1080	2460	480
Acer	AS10L	800	1280	180
Acer	AS10W	1200	1920	280
Acer	AS10WF	800	1280	180
Acer	AS8W	800	1280	213
Acer	ATAB1021E	800	1280	213
Acer	ATAB1024E	800	1280	160
Acer	ATAB10KB24E	1200	1920	240
Acer	ATAB1123E	1200	2000	240
Acer	ATAB1422E	1200	2000	240
Acer	ATAB723E	600	1024	160
Acer	ATAB821E	800	1280	213
Acer	ATABKD1024K	800	1280	160
Acer	ATLTE1022	800	1280	160
Acer	ATLTE1022E	800	1280	160
Acer	B1-710	600	976	160
Acer	B1-711	600	1024	160
Acer	B1-720	600	1024	160
Acer	B1-723	600	1024	160
Acer	B1-730	600	1024	160
Acer	B1-733	720	1280	213
Acer	B1-850	800	1280	213
Acer	B1-A71	600	976	160
Acer	B3-A30	800	1280	160
Acer	Battlezone	1200	1920	240
Acer	Battlezone LTE	1200	1920	240
Acer	Baymax	1200	1920	240
Acer	Frontier	1200	2000	240
Acer	GT-810	1200	1920	320
Acer	Iconia One 10	800	1280	160
Acer	Iconia One 10	1200	1920	240
Acer	Iconia One 7	600	1024	160
Acer	Iconia One 7	720	1280	213
Acer	Iconia One 7	800	1280	213
Acer	Iconia One 8	800	1280	213
Acer	Iconia Tab 10	800	1280	160
Acer	Iconia Tab 10	1200	1920	240
Acer	Iconia Tab 10 (AsgardLTE)	800	1280	160
Acer	Iconia Tab 7	600	1024	160
Acer	Iconia Tab 7	800	1280	213
Acer	Iconia Tab 8	800	1280	213
Acer	Iconia Tab 8	1200	1920	320
Acer	Iconia Tab A210	752	1280	160
Acer	Iconia Tab A700	1128	1920	240
Acer	Liquid T2	720	1280	320
Acer	Liquid Z220	1080	1920	480
Acer	Liquid Z330	480	854	240
Acer	Liquid Z6	720	1280	320
Acer	Liquid Z6 Plus	1080	1920	480
Acer	Liquid Z630	720	1280	320
Acer	Liquid Z630S	720	1280	320
Acer	Liquid Zest	720	1280	320
Acer	Liquid Zest 4G	720	1280	320
Acer	Liquid Zest Plus	720	1280	320
Acer	P10M2	1200	2000	240
Acer	P11	1200	2000	240
Acer	Sospiro AS20WF	1200	1920	240
Acer	Tattoo	800	1280	200
Acer	Ultimo	1200	1920	240
Acer	V10M2	1200	1920	240
Acer	V11M1	1200	1920	240
Acer	V11M2	1200	1920	240
Acer	V11M2-LTE	1200	1920	240
Acer	V12M1	1200	2000	240
Acer	V13M1	1200	1920	240
Acer	Walle	800	1280	160
Acer	X12M1	1600	2560	320
Acer	X12M2	1600	2560	320
Acer	X14M1N	1200	1920	160
ACER_ALTOS	ALTOS_EZA	2160	3840	480
Achate	Kids Tab 1	800	1280	160
Achate	Kids_Tab_2	800	1280	160
Achate	KidsTab3_EEA	800	1280	200
Aclas	AO4	800	1280	160
ACTECK	AC_934312	600	1024	160
Adget	ADGT_AL02	2160	3840	540
Admiral Overseas Corporation	A2272PW4T	672	1280	160
Admiral Overseas Corporation	Fire	600	1024	160
ADOC	ADOC D18	480	854	160
ADOC	Adoc_T20	800	1280	160
ADOC	D30	800	1280	320
Adreamer (Shenzhen)	KidsPad10X	800	1280	200
Adreamer (Shenzhen)	KidsPad_7	600	1024	160
Adreamer (Shenzhen)	LeoPad 10X	800	1280	200
Adreamer (Shenzhen)	LeoPad20	800	1280	160
ADVAN	ADVAN_SKETSA5	1200	2000	240
ADVAN	ADVAN_TAB_A10	800	1280	160
ADVAN	ADVAN_V11	1200	1920	280
ADVAN	ADVAN_X1	1080	2460	480
ADVAN	ADVANNASAPro	720	1560	320
ADVAN	S50	1080	2400	480
ADVAN	Sketsa3	800	1280	210
ADVAN	TAB A8	800	1280	213
ADVAN	VX NEO	800	1280	320
ADVAN	VX_LITE	1200	2000	320
Advan digital	5041	480	854	240
Advan digital	5060	480	854	240
Advan digital	5061	720	1280	320
Advan digital	ADVAN G2 plus	720	1440	320
Advan digital	ADVAN S50 4G	480	854	240
Advan digital	ADVAN_SKETSA_2	800	1280	213
Advan digital	E1C	600	1024	213
Advan digital	E1C 4G	600	1024	213
Advan digital	E1C NXT	600	1024	213
Advan digital	G-Tab	800	1280	213
Advan digital	G2	1080	1920	480
Advan digital	G2 Pro	720	1440	320
Advan digital	G3	720	1440	320
Advan digital	G3 Pro	720	1520	320
Advan digital	G5	720	1520	320
Advan digital	G5 Elite	720	1560	320
Advan digital	G5 Plus	720	1600	320
Advan digital	G9	720	1600	320
Advan digital	GX	720	1640	320
Advan digital	I Tab	720	1280	240
Advan digital	i10	800	1280	240
Advan digital	i55D	480	960	240
Advan digital	i55K	640	1280	320
Advan digital	i5C plus	720	1280	320
Advan digital	i6A	720	1440	320
Advan digital	i6c	720	1440	320
Advan digital	I7D	600	1024	213
Advan digital	i7U	600	1024	213
Advan digital	NASA	540	960	240
Advan digital	NASA_Plus	480	960	240
Advan digital	S40	480	800	240
Advan digital	S4Z	480	800	240
Advan digital	S50 Prime	480	854	240
Advan digital	S5E FULL VIEW	480	960	240
Advan digital	S6 Plus	480	960	240
Advan digital	S7C	600	1024	213
Advan digital	T2J	600	1024	160
Advan digital	TAB 7	600	1024	213
Advan digital	TAB 8	800	1280	240
Advan digital	TAB Gallilea	800	1280	213
Advan digital	TAB VX	1200	2000	320
Advan digital	TAB_10	800	1280	240
Advan digital	TAB_A8_PLUS	800	1280	200
Advan digital	X7 Max	600	1024	213
Advan digital	X7 Pro	600	1024	213
Advan digital	XTAB	800	1280	200
Advance	HL9000	720	1560	320
Advance	NP6050	1200	2000	320
Advance	NP6070	1200	1920	240
Advance	Pr5650	600	1024	160
Advance	PR5860	800	1280	213
Advance	PR6149	600	1024	160
Advance	PR6152	800	1280	160
Advance	PR6152-ADV	600	1024	160
Advance	Pr7547	600	1024	160
Advance	SP3703	800	1280	164
Advance	SP4702	1200	1920	240
Advance	SP4703	800	1280	213
Advance	SP5702	1200	1920	240
Advance	SP5705	800	1280	160
Advance	SP5712	1200	1920	240
Advance	SP5713	1200	2000	320
Advance	Sp5730	800	1280	213
Advance	SP5732	1200	1920	320
Advance	SP5736	800	1280	213
Advance	SP5775	1200	1920	280
Advance	SP5776	1200	1920	280
Advance	SP7248	600	1024	160
Advance	SP7348	800	1280	240
Advance	TR3947	600	1024	160
Advance	Tr4986	600	1024	160
Advance	TR4986	600	1024	160
Advance	TR5994	600	1024	160
Advance	TR5996	600	1024	160
Advance	TR6948	600	1024	160
Advance	TR6985	600	1024	160
Advance	TR7988	600	1024	160
Advance	TR7989	600	1024	160
Advance	TR7990	600	1024	160
Advance	TR7998	800	1280	213
Advance	TR8050	800	1280	240
Advance	TR8990	600	1024	200
Advantage Air	PIC10GS10	800	1280	160
Advantage Air	PIC10GS13	800	1280	200
Advantage Air	PIC10GS8	800	1280	160
Advantage Air	PIC7GS10-A	600	1024	160
Advantage Air	PIC7GS13	600	1024	160
Advantage Air	PIC7GS8	600	1024	160
Advantage Air	PIC8GS10	800	1280	160
Advantage Air	PIC8GS12	800	1280	200
Advantage Air	PIC8GS8	800	1280	240
Advantech	AIM-75	1200	1920	420
Advantech	AIM-76S	1200	1920	320
Advantech	AIM75-WIFI	1200	1920	420
Advent	SB11MD1	1080	1920	240
AEEZO	TK701	600	1024	160
AEEZO	TK701_EEA	800	1280	160
AEEZO	TK801	1200	1920	240
AEEZO	TK806	800	1280	160
AEEZO	TK806_EEA	800	1280	160
AEEZO	TK809	800	1280	160
AEEZO	TK809_EEA	800	1280	160
AEEZO	TP1001	1200	1920	240
AEEZO	TP901	800	1280	213
AFRICELL	S10	480	960	200
AfriOne	CYGNUSX	720	1560	320
AG Mobile	AGM A10	720	1440	320
AG Mobile	AGM A9	1080	2160	480
AG Mobile	AGM X3	1080	2160	480
AG Mobile	AGM_G3	1080	2400	480
AG_Neovo	MeetBoard_4	2160	3840	420
AGM Mobile	AGM Glory G1	1080	2340	480
AGM Mobile	AGM Glory_G1S	1080	2340	480
AGM Mobile	AGM H3	720	1440	320
AGM Mobile	AGM H5	720	1600	320
AGM Mobile	AGM_H5_PRO	720	1600	320
AGM Mobile	AGM_H6	720	1612	320
AGM Mobile	AGM_H_MAX	720	1612	480
AGM Mobile	AGM_Note_N1	720	1600	320
AGM Mobile	AGM_NOTE_N2	480	854	160
AGM Mobile	AGM_PAD_P1	1200	2000	320
AGM Mobile	AGM_PAD_P2	1200	1920	280
AGM Mobile	AGM_PAD_P2W_EEA	1200	1920	280
AGM Mobile	AGM_PAD_T1	1200	1920	280
AGM Mobile	AGM_PAD_T1_WIFI	1200	1920	280
AGM Mobile	AGM_PAD_T2	1200	1920	280
AGM Mobile	AGM_PAD_T3	800	1280	213
AGM Mobile	AGM_X6	1080	2460	480
AGM Mobile	Rugged_Tablet_A	1200	2000	320
AGNeovo	AGNeovo	2160	3840	480
AGNO	TAIG717A	800	1340	213
AHA(A)	AHA_IFPD	2160	3840	480
AHA(A)	IFPD	2160	3840	420
ahlo	1	1080	2408	480
AIDATA	ADT-R10TME	1200	1920	280
AIDATA	ADT1012L	800	1280	160
AIDATA	ADT1061	1200	1920	213
AIDATA	ADT1061_1	1200	1920	240
AIDATA	ADT_1061	1200	1920	240
aigo	A16	1200	2000	240
aigo	A16pro	1200	2000	240
Aikun	EDSTAR LC-TS08S	800	1280	213
Ainmel	A10S_EEA	1200	1920	213
Ainmel	KB07_EEA	600	1024	160
Ainmel	KB08_EEA	600	1024	160
Ainmel	KB1001_EEA	800	1332	160
Ainmel	KB1003_EEA	800	1332	160
Ainmel	KB1004	800	1332	160
Ainmel	KB1004S_EEA	800	1280	160
Ainmel	KB1005	800	1332	160
Ainuevo	Ainuevo Neo S25 Pro	720	1600	320
AIPLUS	AI+ Nova 1 5G	720	1600	320
AIPLUS	AI+ Nova 2 5G	720	1600	480
AIPLUS	AI+ Nova 2 Neo	720	1600	320
AIPLUS	AI+ Nova 2 Pro	1080	2340	440
AIPLUS	AI+ Nova 2 Ultra	1272	2772	560
AIPLUS	AI+ NxtFlip 5G	1188	2790	520
AIPLUS	AI+ Pulse 1	720	1600	320
AIPLUS	AI+ Pulse 2 4G	720	1600	480
AIPLUS	Ai+PulseTab	1200	1920	240
Airpha	Halo4	720	1600	320
Airpha	Halo4 Pro	720	1600	320
Airpha	Sense2	480	854	240
Airtel	H6682_Airtel_DRC	720	1612	280
AirTouch	AirTouch5	800	1280	160
AirTouch	AirTouch5n	800	1280	160
Aiuto	AT1001	800	1280	160
Aiuto	AT1002	1200	1920	240
Aiuto	AT702	600	1024	160
Aiwa	A81	800	1280	300
Aiwa	AW-P	800	1280	160
Aiwa	AW790	720	1280	320
Aiwa	AW_TAB10_14	800	1280	213
Aiwa	AWM539	480	960	240
Aiwa	AWPM106A	800	1280	160
Aiwa	AWPM108T	800	1280	213
Aiwa	AWPP101AW	800	1280	160
Aiwa	AWPP86AW	800	1280	213
Aiwa	AWT10H	800	1280	213
Aiwa	JA2-SMP0601	720	1600	280
Aiwa	JA2-TBA0801	800	1280	180
Aiwa	JA2-TBA1001	1200	2000	240
Aiwa	JA2-TBA1002	800	1280	160
Aiwa	JA3-SMP0602	720	1600	280
Aiwa	JA3-TBA0802	800	1280	160
Aiwa	JA3-TBA1005	800	1280	213
Aiwa	JA3-TBA1006-4	1200	1920	240
Aiwa	JA3-TBA1006-6	1200	1920	240
Aiwa	JA3-TBA1007	1200	1920	320
Aiwa	JA4-TBA1008	800	1280	180
Aiwa	JA4-TBA1009	1200	1920	240
Aiwa	JA4-TBA1101	1200	2000	240
Aiwa	JA5-TBA1011	800	1280	180
Aiwa	JA5-TBA1012	800	1280	200
Aiwa	JA5-TBA1102	1200	1920	240
Aiwa	JA5-TBA1201	1200	2000	280
Aiwa	TA-07-232	600	1024	160
Aiwa	TA-10-232	800	1280	160
Aiwa	TA10-SO10	800	1280	160
Aiwa	TAB-1100	800	1280	180
Aiwa	TAB-1102	1200	1920	240
Aiwa	TAB-1103	1200	1920	240
Aiwa	TAB_1003G	800	1280	213
Aiwa	TABLETAWTH801	800	1280	213
ajib	ajib l1	720	1600	320
ajib	ajib X1	1080	2460	480
ajib	ajib_i10	720	1612	320
ajib	i15	720	1600	320
ajib	i25	720	1600	320
Akai	SP5504G	480	960	200
AKUVOX	S567	800	1280	160
AKUVOX	X937	1080	1920	160
Alba	Alba10Nou	800	1280	160
Alba	Alba10Pie	800	1280	160
Alba	Alba10Q	800	1280	160
Alba	Alba7Nou	600	1024	160
Alba	Alba7Pie	600	1024	160
Alba	Alba7Q	600	1024	160
Alba	Alba8Nou	800	1280	213
Alco	RCT6613W23PG	768	1366	160
Alco	VCT9B06Q23EU_eea	800	1280	160
Alco	VCT9T48Q34	1080	1920	213
Alco	Voyager Pro	600	1024	160
Aldo Mobile	T10S	800	1280	213
Aldo Mobile	T7Q-4G	600	1024	213
Aligator	'Aligator_S5550	480	960	240
Aligator	ALIGATOR RX800	720	1440	320
Aligator	ALIGATOR S5070	720	1280	320
Aligator	ALIGATOR S5540	480	960	240
Aligator	ALIGATOR S6000	480	960	240
Aligator	ALIGATOR S6500	540	1200	240
Aligator	ALIGATOR_RX710_EEA	720	1440	320
Aligator	Aligator_S6100	720	1520	320
Aligator	Aligator_S6550	720	1520	320
Aligator	Aligator_S6600	720	1612	320
Aligator	Aligator_S6700	720	1612	320
Aligator	Aligator_S8000	720	1640	320
Aligator	RX700	720	1440	320
Aligator	RX850	480	960	240
Aligator	S5710	720	1440	320
AllCall	AllCall_S1_X	480	960	240
AllCall	HERO_20_PRO	720	1640	280
AllCall	MIX2	1080	2160	480
AllCall	S5500	480	960	240
Alldocube	iPlay 20P	1200	1920	350
Alldocube	iPlay 20S	1200	1920	320
Alldocube	iPlay 40H	1200	2000	320
Alldocube	iPlay 50	1200	2000	320
Alldocube	iPlay 50S	800	1280	210
Alldocube	iPlay 60 Pad Pro	1600	2560	320
Alldocube	iPlay 70 Max Pro	1600	2560	320
Alldocube	iPlay 70 Max Pro 5G	1600	2560	360
Alldocube	iPlay 70 SE	800	1280	240
Alldocube	iPlay 70E	1200	1920	320
Alldocube	iPlay 8 Pro	800	1280	160
Alldocube	iPlay 80 mini Pro	1200	1920	320
Alldocube	iPlay 80 miniUltra	1600	2560	340
Alldocube	iPlay 8T	800	1280	320
Alldocube	iPlay50	1200	2000	320
Alldocube	iPlay50 Pro	1200	2000	320
Alldocube	iPlay50_Lite	1200	2000	240
Alldocube	iPlay50_Mini_Lite	800	1280	160
Alldocube	iPlay50_mini_Pro	1200	1920	360
Alldocube	iPlay50S	800	1280	210
Alldocube	iPlay60_mini	800	1340	213
Alldocube	iPlay60_mini_Pro	1200	1920	320
Alldocube	iPlay60_mini_Turbo	1200	1920	320
Alldocube	iPlay60_Pro	1200	1920	240
Alldocube	iPlay60_S	800	1280	240
Alldocube	iPlay60_S_4G	800	1280	320
Alldocube	iPlay70	800	1280	160
Alldocube	iPlay80miniTurbo	1600	2560	320
Alldocube	iPlay9T	1280	1920	320
Alldocube	iPlay_20	1200	1920	320
Alldocube	iPlay_30	1200	1920	360
Alldocube	iPlay_40	1200	2000	320
Alldocube	iPlay_40_5G	1200	2000	320
Alldocube	iPlay_50_Pro	1200	2000	320
Alldocube	iPlay_60	1200	2000	360
Alldocube	iPlay_60_Lite	800	1280	320
Alldocube	iPlay_70_mini_Ultra	1600	2560	340
Alldocube	iPlay_70_Pad_Pro	1600	2560	280
Alldocube	iPlay_70_Pro	1600	2560	320
Alldocube	iPlay_70_S	1280	1920	210
Alldocube	iPlay_70_Ultra	1840	2880	480
Alldocube	Kido	800	1280	240
Alldocube	KidzPad Pro	1200	1920	360
Alldocube	kPad	1200	2000	320
Alldocube	Smile_1	800	1280	213
Alldocube	Smile_X	1200	1920	320
Alldocube	T1021P	1200	1920	380
Alldocube	T1021T	1200	1920	320
Alldocube	T701	720	1280	240
Alldocube	T701_X	720	1280	300
Alldocube	T806	800	1280	160
Alldocube	U1005	1600	2560	240
Alldocube	U1005E	1600	2560	240
Alldocube	U1006	1200	1920	240
Alldocube	U1006E	1200	1920	240
Alldocube	U1006H	1200	1920	240
Alldocube	U63PLUS	800	1280	240
Alldocube	X game	1280	1920	320
Allducube	T1001	1200	1920	320
Allnet	PrimeOne	1080	1920	214
AllView	A10 Lite 2019	480	960	240
AllView	A10 Max	720	1440	320
AllView	A20 Lite	480	960	240
AllView	A20 Max	480	1014	213
AllView	A30 MAX	720	1600	320
AllView	A30_Plus	720	1440	320
AllView	A5 Ready	480	800	240
AllView	AX503	600	1024	240
AllView	P10 Max	480	960	240
AllView	P10 Pro	720	1440	320
AllView	P4 Pro	768	1280	360
AllView	P41 eMagic	480	800	240
AllView	P7 PRO	720	1280	320
AllView	P8 Energy	720	1280	320
AllView	P8 Pro	1080	1920	480
AllView	Prime_H201_LTE_EEA	1200	1920	320
AllView	V10 Viper	720	1600	320
AllView	V10 Viper Lite	720	1520	320
AllView	V2 Viper S	1080	1920	480
AllView	V3 Viper	720	1440	320
AllView	V4 Viper	720	1520	320
AllView	V4 Viper PRO	640	1352	240
AllView	V5 Viper	480	1014	213
AllView	Viva 1003G	800	1280	160
AllView	Viva 1003G Lite	800	1280	213
AllView	Viva 803G	800	1280	240
AllView	Viva C1004	800	1280	213
AllView	Viva H1001 LTE	800	1280	213
AllView	Viva H1002 LTE	800	1280	213
AllView	Viva H1003 LTE	800	1280	213
AllView	Viva H1003 LTE PRO/1	800	1280	213
AllView	Viva H1003 LTE PRO/1-64GB	800	1280	213
AllView	Viva H1003 LTE PRO/B6	800	1280	213
AllView	Viva H1003 LTE PRO3	800	1280	213
AllView	Viva H1004 LTE	800	1280	213
AllView	Viva H802 LTE	800	1280	213
AllView	Viva_Play_804_EEA	800	1280	160
AllView	X10_Soul_EEA	720	1600	320
AllView	X10_Soul_Lite	720	1612	280
AllView	X20_Soul_EEA	1080	2460	480
AllView	X3 Soul Lite	720	1280	320
AllView	X3 Soul Style	1080	1920	480
AllView	X4 Soul Infinity N	720	1440	320
AllView	X4 Soul Infinity Plus	1080	2160	480
AllView	X5 Soul Mini	720	1498	320
AllView	X5 Soul Pro	1080	2246	480
AllView	X5_Soul	720	1520	320
AllView	X5_Soul_Style	720	1500	320
AllView	X6 Soul mini	720	1520	320
AllView	X6 Soul Xtreme	1080	2340	480
AllView	X7 Soul Style	720	1520	320
AllView	X7_Soul_Pro_EEA	1080	2340	480
AllView	X8 PRO	1080	2400	480
AllView	X8 Soul Style	720	1640	320
Alpha	T1_Pro	600	1024	213
ALPHA_LING	A97GT	800	1280	160
ALPHA_LING	A97GT_Pro	800	1280	200
ALPHA_LING	P10SU_PLUS	800	1280	160
ALPHAWOLF	A1	1600	2560	320
ALPHAWOLF	A2	1600	2560	320
ALPHAWOLF	L2	1200	1920	280
ALPHAWOLF	L2S	800	1280	213
ALPHAWOLF	L3	1200	1920	280
ALPHAWOLF	L3A	1200	1920	213
ALPHAWOLF	P2	1200	1920	240
ALPINE	INE-AX809	720	1280	160
ALPINE	Intelligent vehicle network system	720	1280	160
ALT(IN)	L1	720	1640	320
ALT.mive	Kids Phone	720	1560	320
ALT.mive	Kids Phone 2	720	1560	320
ALT.mive	Style Folder	480	800	240
ALT.mive	Style Folder 2	480	800	220
Altice	AlTICE S11	480	800	240
Altice	AlTICE S12	480	800	240
Altice	Altice S21	480	854	240
Altice	ALTICE S43	720	1520	320
Altice	ALTICE S60	720	1280	320
Altice	ALTICE S70	1080	1920	480
Altice	E25	480	960	200
Altice	E54	480	960	240
Altice	S13	540	1200	240
Altice	S14	480	960	240
Altice	S23	480	854	240
Altice	S24	480	854	240
Altice	S25	480	854	240
Altice	S32	480	960	240
Altice	S32_NFC	480	960	240
Altice	S32_Plus	480	960	240
Altice	S33	480	960	240
Altice	S34	444	960	200
Altice	S42	540	1132	240
Altice	S51	720	1280	320
Altice	S61	720	1440	320
Altice	S64	720	1640	320
Altice	STARTRAIL 7	480	854	240
Altron	BE-730	600	1024	160
Altron	GI-530	576	1280	240
Altron	OB-1021	800	1280	210
Altron	OB-728	600	1024	160
Altron	OB_588	480	960	213
Altron	OB_628	480	960	204
AMG-Smartphone	AMG_WR24	720	1600	320
Amgoo	AM530	480	854	240
AMGx13e	ASPE2201	720	1600	320
AMobile	PD470	720	1280	320
AMobile	PD602	720	1440	280
amulet7	P10SU_Plus	800	1280	213
amulet7	P10SU_Pro	800	1280	200
Andersson	tablet	1200	2000	240
Andersson	TBX10	1200	1920	280
Andersson	TBX11	1200	1920	320
ANFU	AF930	720	1280	240
AngelTech	ATKSLIM	600	1024	160
AngelTech	E109GCM	800	1280	180
AngelTech	E80M	800	1280	213
AngelTech	P80	800	1280	220
AngelTech	PRO_II_16	800	1280	213
ANS	L50	480	854	240
ANS	L51	480	854	240
ANS	UL40	480	800	240
ANTEMPE	D115_EEA	800	1280	160
ANTEMPER	D136_EEA	1200	2000	240
ANXONIT	AnPad_U2	1200	1920	320
Anya	Anya_S558	480	960	220
Anyreal	Note56 Plus	720	1612	320
Anyreal	T2-AR	800	1280	213
anyway-go	Anya_S5U	480	854	200
anyway-go	TP1040	800	1332	160
AOC	A110_E	800	1280	160
AOC	M10c	800	1280	213
AOC	M21	1200	1920	260
AOC	Q10107L-ME	1200	1920	280
AOC	Q10107LW-ME	1200	1920	280
AOC	Q8108L-ME	800	1280	213
Aocwei	X300_EEA	600	1024	160
Aocwei	X300_EEA_T	600	1024	160
Aocwei	X300_T	600	1024	160
Aocwei	X500_EEA	800	1280	160
Aocwei	X500_T_EEA	800	1280	160
Aocwei	X500_US	800	1280	160
Aocwei	X700_EEA	800	1280	180
Aocwei	X800_EEA	1200	2000	240
Aocwei	X800_US	1200	2000	240
Aocwei	X900-US	800	1280	220
Aocwei	X900_EEA	800	1280	210
Aocwei	X900_US	1200	1920	280
AoGo	AoGo1	600	1024	160
AORA	SRK_SERIES	2160	3840	480
AORLYM	P10	800	1280	213
AORLYM	P10 Kid	800	1280	213
AORLYM	P10 Pro	800	1280	213
AORLYM	P11	800	1280	213
AORLYM	P11 Pro	1200	1920	280
AORLYM	P12	1200	2000	280
AORLYM	P12 Power	1600	2400	320
AORLYM	P12 Pro	1200	2000	280
AORLYM	P13	1200	1920	280
AORLYM	P13 Pro	1200	1920	280
AORO	AORO_A25	1080	2408	480
AOSKEY	F11	800	1280	213
AOSKEY	P21	1200	1920	240
AOYODKG	M50	800	1280	160
AOYODKG	M50_EEA	800	1280	160
Apex	A11D	1200	1920	232
Apex	P10HD_Lite	1200	1920	320
Apex	R10D	800	1280	213
Apex	T40PRO_L1	1200	2000	280
Apex	U10	1200	1920	280
Apex	U10PRO	1200	1920	280
Apex	Z12_PRO	1600	2560	320
Apex	Z4PRO	1200	2000	320
Apolosign	DigitalCalendar	1080	1920	240
Apolosign	DigitalSignage	1080	1920	240
Apolosign	DigitalSignageFA2169T	1080	1920	240
Apolosign	DigitalSignageFA2769T	1080	1920	240
Apolosign	DigitalSignageFA2769T4K	2160	3840	480
Apolosign	elcnw tablet	1080	1920	160
Apolosign	EM101A	800	1280	160
Apolosign	EM101C	800	1280	160
Apolosign	EM103A	800	1280	160
Apolosign	EP103B	800	1280	160
Apolosign	EP1095_T	800	1280	213
Apolosign	EP1095T_EEA	800	1280	180
Apolosign	EP1495T	1200	1920	213
Apolosign	K103_A	800	1280	160
Apolosign	K103_B	800	1280	160
Apolosign	K106_A	800	1280	160
Apolosign	K106A	800	1280	160
Apolosign	K109_Pro	800	1280	160
Apolosign	K109A	800	1280	160
Apolosign	K709A	600	1024	160
Apolosign	Packgo	1080	1920	160
Apolosign	PackgoAP2718T	1080	1920	160
Apolosign	PortableTV	2160	3840	480
Apolosign	PortableTVSW3299TFHD	1080	1920	160
Apolosign	WF1589T	1080	1920	160
Apolosign	WF2189T	1080	1920	240
Apolosign	WF2489T	800	1280	160
Apolosign	WF3289T	2160	3840	480
Aprix	Tab1066	800	1280	213
Aprix	Tab_X2	800	1280	160
Aprix	TabX4	800	1280	160
AQHH	A75	800	1280	200
ARATEK	Marshall-5	720	1280	213
ARATEK	Marshall-5S	720	1280	213
ARATEK	Marshall-8	800	1280	160
ARBOR	G47	720	1280	320
ARBOR	GT78-VN	800	1280	240
Archos	101 Magnus	600	1024	160
Archos	101b Oxygen	1200	1920	240
Archos	101b Xenon	800	1280	160
Archos	101c Copper	600	1024	160
Archos	101c Neon	600	1024	160
Archos	101c Platinum	800	1280	160
Archos	101D Neon	600	1024	160
Archos	101e Neon	600	1024	160
Archos	101e neon	600	1024	160
Archos	133 Oxygen	1080	1920	160
Archos	40 Neon	1080	1920	480
Archos	50 Platinum 4G	720	1280	320
Archos	50 Power	720	1280	280
Archos	50 Saphir	720	1280	280
Archos	50e Helium	720	1280	280
Archos	50F Neon	480	854	213
Archos	55 Cobalt Plus	720	1280	320
Archos	55 Helium	720	1280	320
Archos	55 platinum	720	1280	280
Archos	55B Cobalt	720	1280	280
Archos	55b Platinum	720	1280	280
Archos	70 Oxygen	1200	1920	320
Archos	70 platinum	600	1024	160
Archos	70 Xenon Color	600	1024	160
Archos	9.4'' FFF	800	1280	160
Archos	AC101XPro4G	1200	1920	320
Archos	act101hd	800	1280	160
Archos	act101hd3	800	1280	160
Archos	act101hdp	800	1280	186
Archos	act101hdwf	800	1280	180
Archos	alba 10	800	1280	160
Archos	Alba 10	800	1280	160
Archos	ALBA4	480	800	240
Archos	Archos	600	1024	160
Archos	Archos	640	1352	240
Archos	Archos	800	1280	160
Archos	ARCHOS	800	1280	160
Archos	Archos 101 Oxygen 4G	800	1280	160
Archos	Archos 101 Platinum 3G	800	1280	160
Archos	Archos 101b Oxygen	1200	1920	240
Archos	Archos 101b Xenon	800	1280	160
Archos	Archos 156 Oxygen	1080	1920	160
Archos	Archos 97c Platinum	768	1024	160
Archos	Archos Acces 101 3G	600	1024	160
Archos	Archos Access 101 3G V3	600	1024	160
Archos	Archos Access 101 Wifi v2	600	1024	160
Archos	Archos Access 45 4G	480	854	240
Archos	Archos Access 50S 4G	480	960	240
Archos	Archos Access 57 4G	480	960	240
Archos	Archos Access 70 3G	600	1024	160
Archos	Archos Access 70 Wifi	600	1024	213
Archos	Archos Core 101 3G	800	1280	160
Archos	Archos Core 101 3G V4	800	1280	160
Archos	Archos Core 50 4G	720	1280	280
Archos	Archos Core 55S Ultra	640	1280	320
Archos	Archos Core 62S	480	996	240
Archos	Archos Core 70 3G	800	1280	160
Archos	Archos Hello 5	720	1280	240
Archos	Archos Hello 7	800	1280	213
Archos	Archos Oxygen 101S	1200	1920	280
Archos	Archos Oxygen 101S Ardoiz	1200	1920	240
Archos	Archos Oxygen 57	720	1520	320
Archos	Archos Oxygen 63	720	1520	320
Archos	Archos Saphir 50X	720	1280	320
Archos	Archos Sense 101X	800	1280	160
Archos	Archos Sense 50X	1080	1920	480
Archos	ARCHOS T101 4G	800	1280	213
Archos	ARCHOS T101HD 4G	800	1280	200
Archos	Archos T101X 4G	800	1280	160
Archos	ARCHOS T96 3G_EEA	800	1280	210
Archos	ARCHOS T96 WIFI_EEA	800	1280	210
Archos	AT101FHD2WF_EEA	1200	1920	240
Archos	AWACT80HDWF_EEA	800	1280	160
Archos	Diamond S	720	1280	280
Archos	SPAC101SOXUL_EEA	1200	1920	280
Archos	SPACT101FHD4G	1200	1920	320
Archos	SPACT101HD24G_EEA	800	1280	160
Archos	SPACT105FHD4G_EEA	1200	1920	240
Archos	SPACT105FHDWFUL_EEA	1200	1920	240
Archos	SPACT110FHD4GULTRA_EEA	1200	1920	280
Archos	SPAT101FHDW_EEA	1200	1920	300
Archos	SPAZA101SOXUL_EEA	1200	1920	280
Archos	X18_Ultra	1200	2000	280
Archos	X67 5G	1080	2400	480
Arirang	ATPA801_1	800	1280	213
Arival	BioniQP116	1200	1920	280
Ark	Benefit_M9	720	1440	320
Arknikko	MemoPad_T3	800	1280	213
Arknikko	Memopad_T4	800	1280	160
Arknikko	SophPad_X11	600	1024	160
Arknikko	SophPad_X22	600	1024	160
ARMADILOS	Listo22	600	1024	220
Aroot	AM-F2000N	480	800	200
Artel	Artel Air	720	1600	320
Artel	Artel Quadro	720	1560	320
Artel	Artel Quadro Pro	720	1560	320
Artel	Artel Tesla	1080	2340	480
Artel	Artel Tomchi	480	854	240
Artel	Artel U5	720	1440	320
Artel	Artel_Premium	720	1560	320
Artel	Artel_T10	1080	2340	480
Artel	GAP YOQ	480	960	240
Artel	GAPYOQ	480	960	240
Artel	U3 4G	480	960	240
Artia	Artia SP545C	480	960	200
ARTRAN	ARTRAN _EI101F	1200	1920	240
ARTRAN	AZ101F	1200	1920	240
ARTRAN	IB101F_Pro	1200	1920	280
ARTRAN	IB119Q	1200	2000	240
ARTRAN	IB868H	800	1340	180
ARTRAN	IB868H_A	800	1340	200
ARTRAN	LI109Q	1200	2000	240
AS_ELECTRONICS	AS1	720	1612	280
Asanzo	S6	600	1280	240
Ascom	Ascom Myco 3	1080	1920	480
Ascom	Ascom Myco 4	1080	2160	440
ascon	AT14	1200	1920	320
Ashtel	RAVOZ Z5 Lite	720	1560	320
Ashtel	RAVOZ_Z5	720	1560	320
Aspera	A45	480	960	240
Aspera	AS-10	720	1600	320
Aspera	AS5	480	854	200
Aspera	AS57	480	960	200
Aspera	AS6	480	960	240
Aspera	AS7	720	1600	320
Aspera	AS8	720	1560	280
Aspera	AS9	720	1600	320
Aspera	ASPERA R9	720	1440	320
Aspera	Aspera_Nitro	480	960	200
Aspera	ASPERA_R10	720	1600	240
Aspera	Breeze	720	1612	280
Aspera	Buzz	480	854	200
Aspera	e-Chat	576	1152	220
Aspera	GEM	720	1440	320
Aspera	Halo	720	1640	280
Aspera	Jazz_2	480	960	240
Aspera	Nitro2	720	1612	320
ASTECH	Astech NEO	720	1600	280
ASTECH	Astech S7	720	1612	280
ASTECH	Astech S7 pro	720	1612	280
ASTECH	Astech_IRIS	720	1612	280
ASTECH	Astech_S8	720	1600	280
ASTECH	Astech_S9	720	1612	280
ASTON	Hyper_Max_Power	800	1280	160
ASTREX	VegaPro	800	1280	240
ASTREX	Victory	800	1280	160
ASTREX	VictoryPro	800	1280	160
Astro mobile	Smart _A1_Plus	480	960	200
Astro_Tab	DCG-P10	800	1280	160
Astrom	AST707G	600	1024	213
Asus	ASUS Live (G500TG)	720	1280	320
Asus	ASUS Pad	1840	2800	320
Asus	ASUSPRO Tablet (M700KL)	800	1280	213
Asus	Commercial tablet 10" (M1000M)	800	1280	160
Asus	Eee Pad Transformer Prime	752	1280	160
Asus	Fonepad 7 (FE170CG)	600	1024	160
Asus	Fonepad 7 (FE171CG)	600	1024	160
Asus	Fonepad 7 (FE375CG)	800	1280	213
Asus	Fonepad 7 (FE375CXG)	800	1280	213
Asus	Fonepad 7 (FE375CXG)	1080	1920	480
Asus	Fonepad 7 (ME175CG)	800	1280	213
Asus	Fonepad 7 (ME372CG)	800	1280	213
Asus	Fonepad 7 LTE (FE375CL)	800	1280	213
Asus	Fonepad 7 LTE (ME372CL)	800	1280	213
Asus	Fonepad 8 (FE380CG)	800	1280	213
Asus	Fonepad 8 (FE380CXG)	800	1280	213
Asus	Fonepad ME371MG	800	1216	213
Asus	MeMO PAD	600	976	160
Asus	MeMO Pad (ME103K)	800	1280	160
Asus	MeMO Pad 10 (ME102A)	800	1280	160
Asus	MeMo Pad 10 (ME302C)	1200	1920	240
Asus	MeMO Pad 7 (ME170C)	600	1024	160
Asus	MeMO Pad 7 (ME171C)	600	1024	160
Asus	MeMO Pad 7 (ME176C)	800	1280	213
Asus	MeMO Pad 7 (ME176CX)	800	1280	213
Asus	MeMO Pad 7 (ME572C)	1200	1920	320
Asus	MeMO Pad 7 (ME70C)	600	1024	160
Asus	MeMO Pad 7 LTE (ME375CL)	800	1280	213
Asus	MeMO Pad 7 LTE (ME572CL)	1200	1920	320
Asus	MeMO Pad 8 (AST21)	1200	1920	320
Asus	MeMO Pad 8 (ME181C)	800	1280	213
Asus	MeMO Pad 8 (ME181CX)	800	1280	213
Asus	MeMO Pad 8 (ME581C)	1200	1920	320
Asus	MeMO Pad 8 (ME581CL)	1200	1920	320
Asus	MeMO Pad FHD 10 (ME302KL)	1200	1920	240
Asus	MeMO Pad HD 7 (ME173X)	800	1280	213
Asus	MeMO Pad HD 8 (ME180A)	800	1280	213
Asus	MeMO Pad Smart 10	800	1280	160
Asus	Nexus 7 (2012)	800	1280	213
Asus	Nexus 7 (2013)	1200	1920	320
Asus	PadFone S (PF500KL)	1080	1920	480
Asus	PadFone X (A91)	1080	1920	480
Asus	ROG Phone	1080	2160	420
Asus	ROG Phone 3	1080	2340	420
Asus	ROG Phone 5 series	1080	2448	420
Asus	ROG Phone 6 series	1080	2448	420
Asus	ROG Phone 6D Ultimate	1080	2448	420
Asus	ROG Phone 7 series	1080	2448	420
Asus	ROG Phone 9 Pro	1080	2400	420
Asus	ROG Phone II	900	1600	240
Asus	Smartphone for Snapdragon Insiders	1080	2448	420
Asus	TF700T	1200	1920	240
Asus	The new PadFone Infinity (A86)	1080	1920	480
Asus	Transformer AiO P1801	1080	1920	160
Asus	Transformer Book Trio	1080	1920	240
Asus	Transformer Pad	800	1280	160
Asus	Transformer Pad (TF103C)	800	1280	160
Asus	Transformer Pad (TF103CE)	800	1280	160
Asus	Transformer Pad (TF103CG)	800	1280	160
Asus	Transformer Pad (TF303CL)	1200	1920	240
Asus	Transformer Pad (TF303K)	1200	1920	240
Asus	Transformer Pad Infinity (TF701T)	1600	2560	320
Asus	Transformer Pad TF300TG	800	1280	160
Asus	TX201LAF	1080	1920	240
Asus	Zenfone 10	1080	2400	440
Asus	Zenfone 11 Ultra	1080	2400	420
Asus	ZenFone 2 (ZE500CL)	720	1280	320
Asus	ZenFone 2 (ZE550ML)	720	1280	320
Asus	ZenFone 2 (ZE551ML)	1080	1920	480
Asus	ZenFone 2 Laser (ZE500KG)	720	1280	320
Asus	ZenFone 2 Laser (ZE500KL)	720	1280	320
Asus	ZenFone 2 Laser (ZE550KL)	720	1280	320
Asus	ZenFone 2 Laser (ZE551KL)	1080	1920	480
Asus	ZenFone 2 Laser (ZE600KL)	720	1280	320
Asus	ZenFone 2 Laser (ZE601KL)	1080	1920	480
Asus	ZenFone 3 (ZE520KL)	1080	1920	480
Asus	ZenFone 3 (ZE552KL)	1080	1920	480
Asus	ZenFone 3 Deluxe (ZS550KL)	1080	1920	480
Asus	ZenFone 3 Deluxe (ZS570KL)	1080	1920	480
Asus	ZenFone 3 Laser (ZC551KL)	1080	1920	480
Asus	ZenFone 3 Max (ZC520TL)	720	1280	320
Asus	ZenFone 3 Max (ZC553KL)	1080	1920	480
Asus	ZenFone 3 Ultra (ZU680KL)	1080	1920	360
Asus	ZenFone 3 Zoom (ZE553KL)	1080	1920	480
Asus	ZenFone 3s Max (ZC521TL)	720	1280	320
Asus	ZenFone 4 (A400CG)	480	800	240
Asus	ZenFone 4 (A450CG)	1080	1920	480
Asus	ZenFone 4 (ZE554KL)	1080	1920	480
Asus	ZenFone 4 Max (ZC520KL)	720	1280	320
Asus	ZenFone 4 Max (ZC554KL)	720	1280	320
Asus	ZenFone 4 Pro (ZS551KL)	1080	1920	480
Asus	ZenFone 4 Selfie (ZD553KL)	720	1280	320
Asus	ZenFone 4 Selfie Lite (ZB520KL)	720	1280	320
Asus	ZenFone 4 Selfie Pro (ZD552KL)	1080	1920	480
Asus	ZenFone 5	720	1280	320
Asus	ZenFone 5 (A500CG)	720	1280	320
Asus	ZenFone 5 (ZE620KL)	1080	2246	480
Asus	ZenFone 5 Lite (ZC600KL)	1080	2160	480
Asus	ZenFone 5 LTE (A500KL)	720	1280	320
Asus	ZenFone 5Z (ZS620KL) (WW) / 5Z (ZS621KL) (IN)	1080	2246	420
Asus	ZenFone 6 (A600CG)	720	1280	320
Asus	ZenFone 6 (A601CG)	720	1280	320
Asus	ZenFone 6 (ZS630KL) (WW) / 6Z (ZS630KL) (IN)	1080	2340	420
Asus	ZenFone 7 / 7 Pro (ZS670KS/ZS671KS)	1080	2400	420
Asus	Zenfone 8	1080	2400	440
Asus	Zenfone 8 Flip	1080	2400	420
Asus	Zenfone 9	1080	2400	440
Asus	ZenFone AR	1440	2560	560
Asus	ZenFone AR (ZS571KL)	1440	2560	560
Asus	ZenFone Go (ZB450KL)	480	854	240
Asus	ZenFone Go (ZB452KG)	480	854	240
Asus	ZenFone Go (ZB500KG)	480	854	240
Asus	ZenFone Go (ZB500KL)	720	1280	320
Asus	ZenFone Go (ZB551KL)	720	1280	320
Asus	ZenFone Go (ZB552KL)	720	1280	320
Asus	ZenFone Go (ZB690KG)	600	1024	160
Asus	ZenFone Go (ZC451TG)	480	854	240
Asus	ZenFone Go (ZC500TG)	720	1280	320
Asus	ZenFone Lite L1 (G553KL)	720	1440	320
Asus	ZenFone Lite L1 (ZA551KL) / ZenFone Live L1/L2 (ZA550KL)	720	1440	320
Asus	ZenFone Live (ZB501KL)	720	1280	320
Asus	ZenFone Live L1 (G552KL)	720	1440	320
Asus	ZenFone Live L1 (ZA550KL)	720	1440	320
Asus	ZenFone Live Plus (ZB553KL)	720	1280	320
Asus	ZenFone Max (ZC550KL)	720	1280	320
Asus	ZenFone Max M1 (ZB556KL) / ZenFone Max M1/M2/M3 (ZB555KL)	720	1440	320
Asus	ZenFone Max M2 (ZB633KL) (WW) / Max M2 (ZB632KL) (IN)	720	1520	320
Asus	ZenFone Max Plus M1 (ZB570TL)	720	1440	320
Asus	ZenFone Max Plus M1 (ZB570TL)	1080	2160	480
Asus	ZenFone Max Plus M2 (ZB634KL)	1080	2280	480
Asus	ZenFone Max Pro M1 (ZB602KL) (WW) / Max Pro M1 (ZB601KL) (IN)	1080	2160	480
Asus	ZenFone Max Pro M2 (ZB631KL) (WW) / Max Pro M2 (ZB630KL) (IN)	1080	2280	480
Asus	ZenFone Max Shot (ZB634KL)	1080	2280	480
Asus	ZenFone Selfie (ZD551KL)	1080	1920	480
Asus	ZenFone V	1080	1920	420
Asus	ZenFone V Live	720	1280	320
Asus	ZenFone Zoom (ZX551ML)	1080	1920	480
Asus	ZenPad 10 (Z300C)	800	1280	160
Asus	ZenPad 10 (Z300CG)	800	1280	160
Asus	ZenPad 10 (Z300CL)	800	1280	160
Asus	ZenPad 10 (Z300M)	800	1280	160
Asus	ZenPad 10 (Z301M)	800	1280	160
Asus	ZenPad 10 (Z301MF)	1200	1920	240
Asus	ZenPad 10 (Z301MFL)	1200	1920	240
Asus	ZenPad 10 (Z301ML)	800	1280	160
Asus	ZenPad 3 8.0 (Z581KL)	1536	2048	320
Asus	ZenPad 3S 10 (Z500M)	1536	2048	320
Asus	ZenPad 3S 10 LTE (Z500KL)	1536	2048	320
Asus	ZenPad 7.0 (Z370C)	800	1280	213
Asus	ZenPad 7.0 (Z370CG)	800	1280	213
Asus	ZenPad 7.0 (Z370KL)	800	1280	213
Asus	Zenpad 8.0 (Z380C)	800	1280	213
Asus	ZenPad 8.0 (Z380KL)	800	1280	213
Asus	ZenPad 8.0 (Z380M)	800	1280	213
Asus	ZenPad C 7.0	600	1024	160
Asus	ZenPad C 7.0 (Z170C)	600	1024	160
Asus	ZenPad C 7.0 (Z170CG)	600	1024	160
Asus	ZenPad C 7.0 (Z170MG)	600	1024	160
Asus	ZenPad S 8.0 (Z580C)	1536	2048	320
Asus	ZenPad S 8.0 (Z580CA)	1536	2048	320
Asus	ZenPad Z10	1536	2048	320
Asus	ZenPad Z8	1536	2048	360
Asus	ZenPad Z8s	1536	2048	360
Asus	飛馬 5000 (T551TLC)	1080	1920	480
Asus	飛馬2 Plus (T550KLC)	1080	1920	480
AT&T	9020A	800	1280	213
AT&T	AT&T Calypso® 4	720	1560	300
AT&T	AT&T Maestro™ Plus	720	1520	320
AT&T	AT&T Motivate® Pro 2 5G	720	1600	260
AT&T	AT&T Motivate® Pro 5G	720	1600	260
AT&T	AT&T Motivate™ 2	720	1600	280
AT&T	AT&T Propel™ 5G	720	1612	280
AT&T	AT&T RADIANT™ Max 5G	720	1640	280
AT&T	AT&T Trek™	1080	2408	480
AT&T	AT&T Verge™	720	1600	260
AT&T	AT&T Vista™	720	1440	280
AT&T	Pelican	720	1640	280
AT&T	QS5509A	480	854	240
AT&T	SN333A	720	1640	260
AT&T	U202AA	480	960	213
AT&T	U304AA	480	960	213
AT&T	U318AA	480	960	213
AT&T	U319AA	720	1440	300
AT&T	U626AA	720	1600	280
AT&T	U705AA	720	1600	300
ATEAM	A1010	800	1280	213
ATEAM	A801	800	1280	213
ATEC	APD3	1200	2000	320
ATEC	ATEC GRANDE	2160	3840	420
ATEC	ATEC_GRANDE	2160	3840	420
AthenaStellar	MAT80211	800	1280	213
Athesi	AP5501	720	1440	320
Athesi	AP5701	720	1520	320
Athesi	AP5801	1080	2280	480
Athesi	AT-E8T	800	1280	320
Athesi	Athesi AP5702	720	1440	320
Athesi	Athesi AP5706	720	1440	320
Athesi	Athesi professional AP5705S	720	1440	320
Athesi	E55	720	1440	320
Athesi	E65	720	1600	320
Athesi	RT4500_EEA	480	854	240
ATID	AT908	720	1612	320
ATILIM UNIVERSITY	ATILIM_mPAD07	1072	1448	240
ATM (Brazil)	IT-1001A	800	1280	213
ATM (Brazil)	R5	720	1560	320
ATM (Brazil)	R5_Pro	720	1600	320
ATM (Brazil)	X50u	1080	2460	480
ATMPC	A9_EEA	800	1280	160
ATMPC	IT-701A	600	1024	160
ATMPC	IT-801B	800	1280	160
ATMPC	IT-801BA1_EEA	800	1280	213
ATMPC	IT-801BA3_EEA	800	1280	160
ATMPC	IT-801BA5_EEA	800	1280	195
ATMPC	IT-801BA6	800	1280	213
ATMPC	IT_1001A2_EEA	800	1280	160
ATMPC	IT_701A	600	1024	160
ATMPC	IT_701A1	600	1024	160
ATMPC	IT_801B	800	1280	160
ATMPC	IT_801BA4_EEA	800	1280	160
ATOL	Smart.Slim Plus	480	800	240
ATOL	Smart_Prime	480	800	240
ATOTO	X10	720	1280	160
Atozee	A30MAX	1200	2000	280
Atozee	AT10K	800	1280	160
Atozee	AT11K	800	1280	213
Atozee	AT12K	800	1280	213
Atozee	AT70K	600	1024	160
Atozee	AT71K	600	1024	160
Atozee	AT81K	800	1280	180
Atozee	CP10_Pro	800	1280	160
Atozee	CP10S	800	1280	160
Atozee	CP20_GOLD	800	1280	160
Atozee	CP20_MAX	800	1280	160
Atozee	CP20_PRO	800	1280	213
Atozee	CP20S	800	1280	213
Atozee	CP30	800	1280	213
Atozee	CP31	800	1280	213
Atozee	CP80	800	1280	213
Atozee	CP80KS	800	1280	213
Atozee	CP81	800	1280	213
Atozee	NV10S	800	1280	160
Atozee	P12	800	1280	180
Atozee	P70W	800	1280	213
Atozee	P80W	1200	2000	280
Atozee	P81M	1200	2000	213
Atozee	P81W	1200	2000	240
Atozee	Q2S	600	1024	160
Atozee	Q2S_Pro	600	1024	160
Atozee	Q2SK	600	1024	160
Atozee	T30MAX	1200	2000	280
Atozee	T30MAX_EEA	1200	2000	280
Atozee	YQ10S_Gold	800	1280	160
Atozee	YQ10S_MAX	800	1280	213
Atozee	YQ10SK	800	1280	160
Atozee	ZB10S	800	1280	160
Atozee	ZB11S	800	1280	160
Attila	S25	720	1640	320
ATVIO	100011886BK	800	1280	213
ATVIO	ATVIO	600	1024	160
ATVIO	MID1032	800	1280	160
Auchan	Q4T10IN	800	1280	160
Auchan	Q7T10INP	1200	1920	213
Auchan	Q8S55IN4G2	1080	1920	480
Auchan	Q8S6IN4G	1080	1920	480
Auchan	S3T10IN	600	1024	160
Auchan	S5S5IN4G	1080	1920	480
Auchan	SP19504	480	960	240
Auchan	ST19101	600	1024	160
Audi AG	RSE-III	800	1280	160
Audi AG	SDIS1	1200	1920	240
AUPO	AUPO_Zeus_10_Pro	800	1280	213
Aura	DemoPad	1080	1920	240
AURZEN	TB-AS100A	800	1280	213
AURZEN	TB-AS110A	1200	2000	240
AUZMAI	V60	720	1560	320
AVA(USA)	AVA-RM-RX1-EU	480	1170	240
AVA(USA)	AVA-RM-RX2-US	540	1080	260
AVACOM	AVT015	800	1280	160
AVACOM	AVT016	1200	1920	280
Avaya	Vantage	800	1280	213
AVH San Luis S.A.	Excer 10PRO	800	1280	213
AvidPad	A30	1200	1920	280
AvidPad	A30PRO	1200	1920	213
AvidPad	A60	800	1280	213
AvidPad	A90PRO	1200	2000	280
AvidPad	A90S-1	1200	1920	240
AvidPad	S30	800	1340	240
AvidPad	S30Pro	800	1340	213
AvidPad	S60	1200	2000	284
AvidPad	S80	1200	1920	280
Avion	Avion A10	720	1440	320
AVITA	T101	1200	1920	320
AVOCOR	AVT-U_Series	2160	3840	480
AVOCOR	Commercial_Display	2160	3840	480
Avtek	TS 8 Lite G	2160	3840	480
Avtek	TS_8_1_Mate_G	2160	3840	480
Avvio	Avvio 4GO	480	800	240
AWOW	AWOW_CreaPad_1001	1200	1920	240
AWOW	AWOW_CreaPad_1003	1200	1920	240
AWOW	CQA1019_EEA	800	1280	160
AWOW	CreaPad_1005_EEA	1200	1920	240
AWOW	CreaPad_1009	1200	1920	240
AWOW	CreaPad_1009_EEA	1200	1920	240
AWOW	CreaPad_1009S	1200	1920	320
AWOW	Funtab_1001	800	1280	213
AWOW	Funtab_1001_EEA	800	1280	213
AWOW	Funtab_1003_EEA	800	1280	160
AWOW	Funtab_1003_US	800	1280	160
AWOW	Funtab_1005_EEA	800	1280	160
AWOW	MID-789A100-EEA	600	1024	160
AWOW	MID_1085_EEA	600	1024	160
AWOW	MID_1089IPS_EEA	800	1280	213
AWOW	P11_EEA	800	1280	160
AWOW	P12_EEA	800	1280	160
AWOW	UTBook	800	1280	160
AWOW	UTBook_14	800	1280	160
AWOW	UTBook_15	800	1280	160
AWOW	UTBook_15_EEA	800	1280	160
AWOW	UTBook_16_US	800	1280	180
AWOW	UTBook_EEA	800	1280	160
AX-META	AX_META_Tab_7	600	1024	180
AXEL	AX_PRO	800	1280	160
AXION	SBAA1011	720	1280	160
Axioo	PICOpad-7H	800	1280	240
Axioo	PICOpad_7H_JL	800	1280	213
Axioo	PICOpad_7H_R8	800	1280	160
AXON	Axon Radiance 1	720	1612	320
AXON	Evolution	800	1280	213
AXPRO	AX09	1080	2160	480
Axzy	Axzy_Pad	1200	1920	280
Axzy	Axzy_Pad_Pro	1200	2000	280
Ayat	Ayat_101	800	1280	213
AYYA	Ayat101	800	1280	180
AYYA	T1	720	1600	320
Azeyou	AT1002J	800	1280	213
Azeyou	AT1011E	800	1280	213
Azeyou	AT1011U	800	1280	213
Azeyou	AT1012E	800	1280	213
Azeyou	AT1012U	800	1280	213
Azeyou	AT1014	800	1280	213
Azeyou	AT1016BBK	800	1280	160
Azeyou	AT1016E	800	1280	160
Azeyou	AT1016U	800	1280	160
Azeyou	AT1101	1200	1920	280
Azeyou	AT1202J	1200	2000	280
Azeyou	F8U	800	1340	213
Azeyou	K10U	800	1280	160
Azeyou	M17QF27A	1200	2000	280
Azeyou	M17T11_US	1200	1920	280
AZOM TECH	Desert2	1080	2310	480
AZOM TECH	River1	1080	2400	480
AZPEN	A1080	800	1280	160
AZPEN	A1080G	800	1280	213
AZPEN	A1083	1200	2000	240
AZPEN	A780G	600	1024	160
AZPEN	A780G1	600	1024	160
AZPEN	C-603	800	1280	213
AZPEN	G800	800	1280	213
Azumi	A4	480	800	240
Azumi	A4_B	480	800	240
Azumi	A4PLUS_AC11	480	800	240
Azumi	A5_P1	480	854	240
Azumi	Azumi V4	480	800	240
Azumi	Azumi_M5_P	540	960	260
Azumi	AZUMI_V5_AC01	480	854	240
Azumi	Azumi_V5PLUS_AC24	480	960	240
Azumi	IRO A5Q	480	854	240
Azumi	NOBU_A55_PRO	442	960	213
Azumi	Speed 5	480	854	240
Azumi	V5	480	854	240
Azumi	V5+	480	960	240
Azumi	V51	480	800	240
Azumi	V55_AC04	480	960	240
Azumi	V5_AC25B	480	854	240
AZZA	XXW82B	2160	3840	480
Babal	1008	720	1440	240
BAIWOYER	E10	800	1280	213
BAKEN	M10	800	1280	160
BALMUDA	BALMUDA Phone	1080	1920	450
BAMtelecoms	T3	720	1604	264
Barnes and Noble	BNTV460	600	1024	160
Barnes and Noble	BNTV650	1200	1920	240
Barnes and Noble	Nook Tablet 7”	600	1024	160
BARTEC	BARTEC SP9EX1 Smartphone	1080	2340	480
BARTEC	Pixavi Phone	1080	1920	480
BASICS	BT1025SS	1200	1920	240
BASICS	BT1124FW	1200	1920	213
BASICS	BT1226SS	1200	2000	320
BATMAN	TM-MID1065BT	800	1280	160
Bauhn	ATAB10-1224	800	1280	213
Bauhn	ATAB7-0125	600	1024	160
BAYKUS	BKM10	800	1280	160
BDQ	Destiny	600	1024	213
beafon	M5	720	1280	320
beafon	M6s	720	1520	320
beafon	M7	720	1440	280
beafon	M7 Lite	720	1440	280
beafon	MX1	720	1520	320
beafon	TL20	1200	1920	280
beafon	TW10	800	1280	213
beafon	TW20_EEA	800	1280	160
Beghelli	SLV SMARTPHONE 55	720	1440	360
BEISTA	K105	800	1280	160
BEISTA	T30	800	1280	160
BEISTA	X101	800	1280	160
BEISTA	X104	1200	1920	260
BEISTA	X104-EEA	1200	1920	240
BEISTA	X80-EEA	800	1280	213
BeLeno	BeLeno_Neod_8	1200	1920	280
BeLeno	BeLeno_Turbo_101	800	1280	160
benco	AE9110	720	1600	320
benco	AE9230	720	1560	320
benco	AE9240	720	1640	320
benco	AE9250	480	1014	220
benco	AE9950	720	1560	320
benco	AEOP519	720	1612	320
benco	AEOP520	720	1612	320
benco	AF9010_F	720	1520	320
benco	AF9020	720	1520	320
benco	AF9030	720	1520	320
benco	AH9910	480	854	240
benco	benco S1 Plus	1080	2460	480
benco	benco S1 Pro	1080	2460	480
benco	benco S2	720	1640	320
benco	benco S2c	720	1640	320
benco	benco V62	720	1560	320
benco	benco v80	720	1600	320
benco	benco V90	720	1640	320
benco	benco V90i	720	1640	320
benco	benco V91	720	1612	320
benco	benco V92	1080	2400	480
benco	benco Y11	480	854	240
benco	benco Y40	480	854	240
benco	M1000	800	1280	160
benco	M700	600	1024	160
Benesse	50S904	1200	1920	280
Beneve	M1036	800	1280	213
Beneve	M1038_EEA	800	1280	213
Beneve	M51S_EEA	800	1280	160
Beneve	M53	800	1280	213
Beneve	M53_EEA	800	1280	213
Beneve	M55_EEA	800	1280	160
Beneve	M7152	600	1024	160
Beneve	M7152D1	600	1024	160
Beneve	M7152D1_EEA	800	1280	160
Beneve	M7152P_EEA	600	1024	160
BenQ	BenQ_Digital_Signage_04	2160	3840	480
BenQ	Harrier Tab	1200	1920	320
BenQ	NE001_series	2160	3840	480
BenQ	NE001A_series	2160	3840	480
BenQ	RE04_series	2160	3840	480
BenQ	RE04A	2160	3840	480
BenQ	RE04N_series	2160	3840	480
BenQ	RE05A_series	2160	3840	480
BenQ	RM05_series	2160	3840	480
BenQ	RM6504	2160	3840	480
BenQ	RM7504	2160	3840	480
BenQ	RM8604	2160	3840	480
BenQ	RP05_series	2160	3840	480
BenQ	RP6504	2160	3840	480
BenQ	RP7504	2160	3840	480
BenQ	RP8604	2160	3840	480
Benten	Benten_S9_4G	1200	1920	240
Benten	Benten_T20	800	1280	213
Benten	Benten_T30	800	1280	220
Benten	T10	800	1280	240
Benten	T8	800	1280	320
BERGSTROM	666770	720	1440	360
BERGSTROM	H634_BLK	480	854	200
BERGSTROM	P187	720	1440	360
BesDW	Note 15	720	1600	480
BesDW	X10_ROW	800	1280	213
Bestreha	BRN01	800	1280	213
BESTTAB	A10_NEU	800	1280	160
BESTTAB	A20_EEA	1200	1920	280
BEYODFU	M148	1200	1920	280
BEYODFU	M326-EEA	1840	2944	320
BEYODFU	M901	1200	1920	213
Bfelix	BF1001_Kids	800	1280	213
BGH S.A.	BGH Joy 303	480	854	240
Biegedy	B21_EEA	600	1024	160
Biegedy	B22-U-EEA	800	1280	213
Biegedy	B22_EEA	800	1280	160
Biegedy	B22_US	800	1280	160
Biegedy	B23_U_EEA	800	1280	160
Biegedy	B25_EEA	800	1280	213
Biegedy	B25_US	800	1280	213
Biegedy	B29_EEA	800	1280	213
Biegedy	B29_US	800	1280	213
Bigben	Bigtech_B_RU	1200	1920	280
Bigme	HiBreak_EEA	824	1648	300
Bigtech	Bigtech_A_RU	1200	1920	280
Bigtech	BigTech_D2	1200	1920	240
BilimBook	BilimBook_mini	800	1280	213
BILIMLI	BILIMLI2025	800	1280	200
Billion	Billion Capture+	1080	1920	480
Billow	X101PRO+	800	1280	160
Billow	X103PRO	800	1280	160
BioRugged	BIOWOLF8F30	800	1280	320
BioRugged	BioWolf_C	800	1280	213
Bird	F15	720	1600	320
Bird	S1	720	1604	320
BIRDCLAW	P13	1200	1920	280
BIRDCLAW	P8-B	1200	1920	280
BIRDCLAW	T2-B	800	1280	213
Bita-International	MC66	720	1440	320
Bitel	B8416	480	800	240
Bitel	B8506	480	854	240
Bitel	B9504	720	1280	320
Bitel	BPRO	720	1280	320
Bitmore	Mobitab10_S3_32GB	800	1280	160
Bittium	Bittium Tough Mobile 2	1080	1920	420
Bizringer	8BIZ18	800	1280	240
BKAV	B2017	1080	1920	480
BKAV	Bphone B86	1080	2160	480
Blabloo	Space1Blue	540	1132	240
BlackBerry	Aurora	720	1280	320
BlackBerry	BlackBerry Evolve	1080	2160	400
BlackBerry	Blackberry Evolve X	1080	2160	400
BlackBerry	BlackBerry KEY2	1080	1620	420
BlackBerry	BlackBerry KEY2 LE	1080	1620	420
BlackBerry	BlackBerry MOTION	1080	1920	420
BlackBerry	DTEK50	1080	1920	420
BlackBerry	DTEK60	1440	2560	560
BlackBerry	KEYone	1080	1620	420
BlackBerry	PRIV by BlackBerry	1440	2560	560
Blackfox	BMM431B	720	1600	300
Blackfox	BMM441A	720	1520	300
Blackfox	BMM441B	720	1560	320
Blackfox	BMM441S	720	1520	320
Blackfox	BMM531A	480	960	240
Blackfox	BMM531S	720	1440	300
Blackfox	BMM532D	720	1440	300
Blackfox	BMM541W	720	1440	320
BLACKLINE	PHD20	1200	1920	320
Blackshark	Black Shark 2	1080	2340	440
Blackshark	Black shark 4 pro	1080	2400	440
Blackshark	Black_Shark_Gaming_Tablet	1600	2560	340
Blackshark	BSM2	800	1280	200
Blackshark	KLE-A0	1080	2400	440
Blackshark	MBU-A0	1440	3120	560
Blackshark	Pad6	1200	1920	280
Blackshark	Pad7	1200	1920	240
Blackshark	Pad7_Pro	1200	1920	240
Blackshark	Pad7_WiFi	1200	1920	240
Blackshark	Shark 1S	1080	1920	480
Blackshark	SHARK KSR-A0	720	1280	320
Blackshark	SHARK PRS-A0	1080	2400	440
Blackshark	黑鲨游戏手机	1080	2160	420
Blackshark	黑鲨游戏手机 2 Pro	1080	2340	440
Blackview	A100	1080	2400	480
Blackview	A20	480	960	240
Blackview	A200 Pro	1080	2400	480
Blackview	A50	720	1560	320
Blackview	A52	720	1600	320
Blackview	A52 Pro	720	1600	320
Blackview	A53	720	1600	320
Blackview	A53 Pro	720	1600	320
Blackview	A55	720	1600	320
Blackview	A55 Pro	720	1600	320
Blackview	A60	600	1280	240
Blackview	A60 Plus	600	1280	240
Blackview	A60 Pro	600	1280	240
Blackview	A7	720	1280	320
Blackview	A70	720	1600	300
Blackview	A70 Pro	720	1600	320
Blackview	A7PRO	720	1280	320
Blackview	A80	720	1520	320
Blackview	A80Plus	720	1560	320
Blackview	A80Pro	720	1560	320
Blackview	A80S	720	1520	320
Blackview	A85	720	1612	320
Blackview	A90	720	1560	320
Blackview	A95	720	1600	320
Blackview	A96	1080	2400	480
Blackview	Active 10 Pro	1200	1920	280
Blackview	Active 12 Pro	1200	1920	260
Blackview	Active 5	800	1340	213
Blackview	Active 6	800	1280	213
Blackview	Active 7	1200	1920	260
Blackview	Active 8 Pro	1200	2000	280
Blackview	Active8_EEA	1200	2000	280
Blackview	BL5000	1080	2300	480
Blackview	BL6000Pro	1080	2300	480
Blackview	BL7000	1080	2460	480
Blackview	BL7000 Pro	1080	2460	480
Blackview	BL8000	1080	2460	480
Blackview	BL8800	1080	2408	480
Blackview	BL8800Pro	1080	2408	480
Blackview	BL9000	1080	2460	480
Blackview	BL9000 Pro	1080	2460	480
Blackview	Blackview A10	720	1280	320
Blackview	Blackview A20 Pro	720	1440	320
Blackview	Blackview A30	1080	1920	480
Blackview	Blackview BV4000Pro	720	1280	320
Blackview	Blackview BV9500	1080	1920	480
Blackview	Blackview BV9500-RU	1080	2160	480
Blackview	Blackview BV9500Plus	1080	2160	480
Blackview	Blackview BV9500Pro	1080	2160	480
Blackview	Blackview BV9700Pro	1080	2280	480
Blackview	Blackview BV9900	1080	2280	480
Blackview	Blackview BV9900Pro	1080	2280	480
Blackview	BV4800	720	1612	320
Blackview	BV4800 Pro	720	1612	320
Blackview	BV4800 SE	720	1612	320
Blackview	BV4900	720	1440	320
Blackview	BV4900Pro	720	1440	320
Blackview	BV4900s	720	1440	320
Blackview	BV5100	720	1440	320
Blackview	BV5100Pro	720	1440	320
Blackview	BV5200	720	1560	320
Blackview	BV5200 Pro	720	1560	320
Blackview	BV5300	720	1560	320
Blackview	BV5300 Plus	720	1560	320
Blackview	BV5300 Pro	720	1560	320
Blackview	BV5500	720	1440	320
Blackview	BV5500PLUS	720	1440	320
Blackview	BV5500Pro	720	1440	320
Blackview	BV5500S	720	1440	320
Blackview	BV5800	720	1440	320
Blackview	BV5800_RU	720	1440	320
Blackview	BV5800PRO	720	1440	320
Blackview	BV5800PRO_RU	720	1440	320
Blackview	BV5900	720	1520	320
Blackview	BV6000_RU	720	1280	320
Blackview	BV6000s	720	1280	320
Blackview	BV6000S_RU	720	1280	320
Blackview	BV6100	640	1352	240
Blackview	BV6200	720	1612	320
Blackview	BV6200 Plus	720	1612	320
Blackview	BV6200 Pro	720	1612	320
Blackview	BV6300	720	1440	320
Blackview	BV6300Pro	720	1440	320
Blackview	BV6600	720	1440	320
Blackview	BV6600E	720	1440	320
Blackview	BV6600Pro	720	1440	320
Blackview	BV6800Pro	1080	2160	480
Blackview	BV6800Pro-RU	1080	2160	480
Blackview	BV6900	1080	2280	480
Blackview	BV7000_RU	1080	1920	480
Blackview	BV7000Pro_RU	1080	1920	480
Blackview	BV7100	1080	2408	480
Blackview	BV7200	720	1560	320
Blackview	BV7300	720	1604	320
Blackview	BV8000 Pro	1080	1920	480
Blackview	BV8100	1080	2400	480
Blackview	BV8200	1080	2400	480
Blackview	BV8800	1080	2408	480
Blackview	BV8900	1080	2400	480
Blackview	BV8900 Pro	1080	2400	480
Blackview	BV9000	720	1440	320
Blackview	BV9000 Pro	720	1440	320
Blackview	BV9000 Pro-F	1080	2160	480
Blackview	BV9000-F	1080	2160	480
Blackview	BV9000-RU	1080	2160	480
Blackview	BV9100	1080	2340	480
Blackview	BV9200	1080	2408	480
Blackview	BV9300	1080	2388	480
Blackview	BV9300 Pro	1080	2388	480
Blackview	BV9600	1080	2248	480
Blackview	BV9600E	1080	2248	480
Blackview	BV9600Pro	720	1280	320
Blackview	BV9800	1080	2340	480
Blackview	BV9800Pro	1080	2340	480
Blackview	BV9900E	1080	2280	480
Blackview	COLOR 6	720	1604	320
Blackview	COLOR 8	720	1600	320
Blackview	FORT 1	720	1612	320
Blackview	FORT 100	720	1612	320
Blackview	FORT 2	720	1612	320
Blackview	FORT 200	1080	2460	480
Blackview	FORT 5	1080	2460	480
Blackview	HERO 10	1080	2560	480
Blackview	LINK 1 Kids	800	1340	213
Blackview	LINK 2	800	1340	213
Blackview	LINK 8	1600	2176	320
Blackview	LINK Mini Kids	600	1024	180
Blackview	MAX1	1080	2160	480
Blackview	MEGA 1	1200	2000	260
Blackview	MEGA 12	1600	2400	320
Blackview	MEGA 2	1200	2000	280
Blackview	MEGA 2 WIFI	1200	2000	280
Blackview	MEGA 3	1600	2560	320
Blackview	MEGA 5	1600	2400	320
Blackview	MEGA 8	1200	1920	240
Blackview	N6000	540	1200	240
Blackview	N6000 SE	540	1200	240
Blackview	P10000 Pro	1080	2160	480
Blackview	P6000	1080	1920	480
Blackview	Pad8_EEA	1200	1920	240
Blackview	Pad8_ROW	1200	1920	240
Blackview	PILOT 2	1080	2400	480
Blackview	ROCK 1	720	1612	320
Blackview	ROCK 1 Pro	720	1612	320
Blackview	ROCK 2	720	1604	320
Blackview	ROCK 2 Pro	720	1604	320
Blackview	ROCK 3	1080	2460	480
Blackview	ROCK 5	1080	2460	480
Blackview	S6	720	1440	320
Blackview	S8	720	1440	320
Blackview	SHARK 6	720	1640	320
Blackview	SHARK 8	1080	2460	480
Blackview	SHARK 9	720	1604	320
Blackview	Tab 10	1200	1920	240
Blackview	Tab 10 Pro	1200	1920	240
Blackview	Tab 10 WiFi	800	1280	200
Blackview	Tab 13	1200	1920	240
Blackview	Tab 13 Pro	1200	1920	280
Blackview	Tab 16_Pro	1200	1920	280
Blackview	Tab 18	1200	2000	260
Blackview	Tab 20 Kids	800	1280	213
Blackview	Tab 20 WiFi	800	1280	213
Blackview	Tab 3 Kids	600	1024	213
Blackview	Tab 50 Kids	800	1280	213
Blackview	Tab 50 WiFi	800	1280	213
Blackview	Tab 60	800	1340	213
Blackview	Tab 60 Kids	800	1340	213
Blackview	Tab 60 Pro	800	1280	213
Blackview	Tab 60 Pro Kids	800	1280	213
Blackview	Tab 60 WiFi	800	1280	213
Blackview	Tab 70 WiFi	800	1280	213
Blackview	Tab 8 WiFi	800	1280	213
Blackview	Tab 80	800	1280	213
Blackview	Tab 80 Kids	800	1280	213
Blackview	Tab 9 WiFi	1200	1920	280
Blackview	Tab 90	800	1280	213
Blackview	Tab 90 WiFi	800	1280	213
Blackview	Tab A5 Kids	800	1280	213
Blackview	Tab A6 Kids	800	1280	213
Blackview	Tab11_EA	1200	2000	240
Blackview	Tab11_EEA	1200	2000	240
Blackview	Tab11_NEU	1200	2000	240
Blackview	Tab11_ROW	1200	2000	240
Blackview	Tab11_RU	1200	2000	240
Blackview	Tab11SE_EEA	1200	2000	280
Blackview	Tab11SE_NEU	1200	2000	280
Blackview	Tab11SE_RU	1200	2000	280
Blackview	Tab11WiFi_EEA	1200	2000	240
Blackview	Tab11WiFi_RU	1200	2000	240
Blackview	Tab12_EEA	1200	1920	240
Blackview	Tab12_RUU	1200	1920	240
Blackview	Tab12Pro_EEA	1200	1920	280
Blackview	Tab12Pro_NEU	1200	1920	280
Blackview	Tab13Pro_NEU	800	1280	210
Blackview	Tab15Pro_EEA	1200	1920	280
Blackview	Tab15Pro_RU	1200	1920	280
Blackview	Tab16_EEA	1200	2000	280
Blackview	Tab16_NEU	1200	2000	280
Blackview	Tab16_RU	1200	2000	280
Blackview	Tab5EEA	800	1280	213
Blackview	Tab5NEU	800	1280	213
Blackview	Tab6_EEA	800	1280	213
Blackview	Tab6_NEU	800	1280	213
Blackview	Tab6Kids_EEA	800	1280	213
Blackview	Tab6Kids_RU	800	1280	213
Blackview	Tab6s_EEA	800	1280	213
Blackview	Tab6s_NEU	800	1280	213
Blackview	Tab7Pro_EEA	1200	1920	280
Blackview	Tab7Pro_NEU	1200	1920	280
Blackview	Tab8	1200	1920	240
Blackview	Tab8_EEA	1200	1920	240
Blackview	Tab8_NEU	1200	1920	240
Blackview	Tab8_ROW	1200	1920	240
Blackview	Tab8_RU	1200	1920	240
Blackview	Tab9_NEU	1200	1920	240
Blackview	Tab9_RU	1200	1920	240
Blackview	Tab_15_EU	1200	1920	240
Blackview	Tab_15_NEU	1200	1920	240
Blackview	Tab_15_RU	1200	1920	240
Blackview	Tab_30_Kids_EEA	800	1280	160
Blackview	Tab_30_WiFi_EEA	800	1280	160
Blackview	Tab_7_EEA	800	1280	170
Blackview	Tab_7_NEU	800	1280	170
Blackview	Tab_7_WiFi_EEA	800	1280	213
Blackview	Tab_7_WiFi_NEU	800	1280	213
Blackview	WAVE 10	720	1640	320
Blackview	WAVE 10C	720	1640	320
Blackview	WAVE 2C	480	854	160
Blackview	WAVE 6C	720	1600	320
Blackview	WAVE 7C	720	1612	320
Blackview	WAVE 8	720	1612	320
Blackview	WAVE 8C	720	1612	320
Blackview	WAVE 9C	720	1612	320
Blackview	XPLORE 1	1080	2460	480
Blackview	XPLORE 1 Pro	1080	2460	480
Blackview	XPLORE 1 Walkie Talkie	1080	2460	480
Blackview	XPLORE 2	1440	3200	640
Blackview	XPLORE 2 Projector	1440	3200	640
Blackview	XPLORE 2 Satellite	1440	3200	640
Blackview	XPLORE X1	1080	2460	480
Blackview	ZENO 1	800	1280	213
Blackview	ZENO 10	1200	1920	280
Blackview	ZENO 100	800	1280	213
Blackview	ZENO 5	800	1280	213
BlackZone	BlackZone Apex 5G	720	1640	480
Blaupunkt	Blaupunkt SM 01	480	800	240
Blaupunkt	Blaupunkt_SM_02	480	960	240
Blaupunkt	BP_6110	800	1280	160
Blaupunkt	BP_T6108X	800	1280	213
Blaupunkt	BP_T6110X	800	1280	213
Blaupunkt	Guardian	720	1280	320
Blaupunkt	OT19	720	1560	320
Blaupunkt	SF02_eea	480	800	240
Blaupunkt	SF04 4G	480	800	240
Blaupunkt	SL05	640	1280	320
Blaupunkt	SM 05	480	960	240
Blaupunkt	TX01	1080	1920	480
Blaupunkt	TX60	720	1560	320
BLECK	BE dg	720	1280	320
BLESSX	T4SMODELX	442	960	200
BLOW	BlackTAB7	600	1024	160
BLOW	BlackTAB8_4G	800	1280	213
BLOW	GPSTAB7_4G	600	1024	160
BLOW	KidsTAB10_4G_EEA	1200	1920	280
BLOW	KidsTAB7_V2_EEA	600	1024	160
BLOW	LaserTAB10	800	1280	213
BLOW	PlatinumTAB10	1200	1920	240
BLOW	PlatinumTAB10_4G_V1	1200	1920	320
BLOW	PlatinumTAB10_4G_V3	1200	1920	320
BLOW	PlatinumTAB10V11	800	1280	213
BLOW	PlatinumTAB10V22	1200	1920	280
BLOW	PlatinumTAB11_4G	1200	1920	280
BLOW	PlatinumTAB8_4G	800	1280	213
Blu	A5L	480	800	240
Blu	ADVANCE 4.0 L2	480	800	240
Blu	Advance 5.2	720	1280	320
Blu	Advance L4	480	800	240
Blu	Advance L5	480	800	240
Blu	ADVANCE L5	480	800	240
Blu	B110DL	720	1440	320
Blu	B131DL	720	1440	320
Blu	B140DL	720	1440	280
Blu	B160V	720	1612	280
Blu	B3	720	1440	320
Blu	BLU	720	1600	320
Blu	BLU Dash XL	720	1280	320
Blu	BLU S1	720	1280	320
Blu	BLU STUDIO J8 LTE	720	1280	320
Blu	BLU VIEW 1	480	960	213
Blu	BLU Vivo ONE	720	1440	320
Blu	BLU_Vivo_XL2	720	1280	320
Blu	BOLD K10	720	1612	480
Blu	BOLD K12	720	1600	480
Blu	BOLD K50	1080	2400	480
Blu	BOLD M7	720	1600	320
Blu	BOLD N1	1080	2340	480
Blu	BOLD N2	1080	2340	480
Blu	BOLD N3	1080	2400	480
Blu	BOLD_K22	720	1600	480
Blu	C2	720	1440	320
Blu	C4	480	800	240
Blu	C5	480	854	240
Blu	C5 2019	480	854	240
Blu	C5 2019	720	1280	320
Blu	C5 MAX	720	1440	320
Blu	C5 PLUS	720	1440	320
Blu	C5L	480	854	240
Blu	C5L 2021	480	854	240
Blu	C5L Max	480	960	240
Blu	C5L PLUS	480	960	200
Blu	C5L_2020	480	854	240
Blu	C5L_Plus	720	1440	320
Blu	C6	720	1280	320
Blu	C6 2019	720	1440	320
Blu	C6 2020	720	1600	300
Blu	C6L	540	960	200
Blu	C6L	720	1280	320
Blu	C6L 2020	720	1440	320
Blu	C6L 2021	480	960	220
Blu	C6L MAX	480	960	200
Blu	C6L Mini	480	960	200
Blu	C6x	720	1280	320
Blu	C7	720	1600	320
Blu	C7 MAX	480	1014	220
Blu	C7x	720	1600	320
Blu	C9	720	1612	320
Blu	C9 MAX	720	1600	300
Blu	D701	480	960	240
Blu	DASH M2	480	854	240
Blu	Energy X 2	720	1280	320
Blu	ENERGY X PLUS 2	720	1280	320
Blu	F5	720	1612	300
Blu	F91 5G	1080	2460	480
Blu	G0290WW	720	1600	320
Blu	G33	480	1014	220
Blu	G34	720	1600	280
Blu	G35	720	1600	320
Blu	G40	720	1440	320
Blu	G40	1080	2248	480
Blu	G43	720	1612	320
Blu	G44	720	1600	300
Blu	G44+	720	1600	300
Blu	G45	720	1600	320
Blu	G5	720	1440	320
Blu	G5 Plus	720	1440	320
Blu	G50	1080	2248	480
Blu	G50 MEGA	720	1600	320
Blu	G50 MEGA 2022	720	1600	320
Blu	G50 Plus	720	1520	320
Blu	G51	720	1560	300
Blu	G51 Plus	720	1600	320
Blu	G51S	720	1560	320
Blu	G52L	720	1600	320
Blu	G53	720	1600	320
Blu	G54	720	1600	320
Blu	G54	720	1612	480
Blu	G6	720	1440	320
Blu	G60	720	1560	320
Blu	G61	720	1600	320
Blu	G61S	720	1600	320
Blu	G63	720	1640	240
Blu	G64	720	1600	280
Blu	G64L	720	1600	320
Blu	G65L	720	1600	320
Blu	G70	720	1560	320
Blu	G71	720	1600	320
Blu	G71L	720	1600	320
Blu	G72 MAX	720	1600	320
Blu	G73	720	1600	320
Blu	G73L	720	1600	320
Blu	G74	1080	2460	480
Blu	G75	720	1640	320
Blu	G8	720	1520	320
Blu	G84	1080	2460	480
Blu	G9	720	1520	320
Blu	G9 PRO	1080	1920	420
Blu	G9 PRO	1080	2340	480
Blu	G90	720	1280	240
Blu	G90 PRO	1080	2340	480
Blu	G91	720	1600	320
Blu	G91 Pro	1080	2400	480
Blu	G91_Max	1080	2460	480
Blu	G91S	1080	2460	480
Blu	G93	1080	2460	480
Blu	G95	1080	2400	480
Blu	Grand Energy	720	1280	320
Blu	Grand M	480	854	240
Blu	Grand M2	480	854	240
Blu	Grand MAX	720	1280	320
Blu	Grand X	720	1280	320
Blu	Grand XL	720	1280	320
Blu	Grand XL LTE	720	1280	320
Blu	J10L	480	1014	200
Blu	J12	576	1280	240
Blu	J13	720	1640	300
Blu	J6L	480	960	200
Blu	J6S	720	1560	320
Blu	J8L	480	960	213
Blu	J9L	480	960	240
Blu	K0010	720	1600	320
Blu	K0150	720	1600	480
Blu	K0170	720	1600	480
Blu	K2	720	1640	300
Blu	Life Max	720	1280	320
Blu	LIFE ONE X2	1080	1920	480
Blu	Life One X3	1080	1920	480
Blu	LIFE XL	720	1280	320
Blu	M10L	800	1280	200
Blu	M10L PLUS	800	1280	213
Blu	M10L Pro	800	1280	200
Blu	M6	720	1560	320
Blu	M6 2021	720	1560	320
Blu	M7i	720	1600	320
Blu	M8L	800	1280	240
Blu	M8L 2022	800	1280	240
Blu	M8L PLUS	800	1280	240
Blu	M8L Plus	800	1280	240
Blu	M8L_Plus	800	1280	240
Blu	M8L_PLUS	800	1280	240
Blu	Pure View	720	1440	320
Blu	PURE XR	1080	1920	480
Blu	R1 HD	720	1280	320
Blu	R1 PLUS	720	1280	320
Blu	R2 LTE	720	1280	320
Blu	R2 Plus	1080	1920	480
Blu	S5	720	1280	360
Blu	S91	720	1600	320
Blu	S91 Pro	720	1600	320
Blu	S950P	720	1280	320
Blu	Studio G2 HD	720	1280	320
Blu	Studio J1	480	800	240
Blu	Studio J2	480	854	240
Blu	Studio Mega	720	1440	320
Blu	STUDIO TOUCH	720	1280	320
Blu	Studio View XL	720	1440	320
Blu	Studio X10	480	854	240
Blu	Studio X10 2022	480	854	240
Blu	Studio X10+	480	960	240
Blu	Studio X10L	480	854	200
Blu	Studio X10L 2022	480	854	240
Blu	Studio X12	480	960	240
Blu	Studio X5	480	854	220
Blu	Studio X5 Max	480	960	220
Blu	Studio X8 HD	720	1280	320
Blu	Studio_XL_2	720	1280	320
Blu	STUIDIO SELFIE 2	480	854	240
Blu	T5	480	854	240
Blu	T5 Plus	720	1440	320
Blu	T6	480	854	240
Blu	T6L	480	854	240
Blu	Tab One 5G	800	1340	160
Blu	Tank Xtreme 5.0	720	1280	320
Blu	Tank_Xtreme	480	960	240
Blu	VIEW 5	720	1612	280
Blu	View 5 Pro	720	1600	280
Blu	VIEW PRO 5G	720	1600	260
Blu	View Speed Ultra 5G	720	1600	260
Blu	VIVO 5	720	1280	320
Blu	Vivo 5 Mini	480	800	240
Blu	VIVO 5R	1080	1920	480
Blu	VIVO 6	1080	1920	480
Blu	Vivo 8	1080	1920	480
Blu	VIVO GO	720	1440	320
Blu	Vivo One Plus 2019	720	1500	320
Blu	VIVO VI+	1080	2246	480
Blu	Vivo X WW	720	1440	320
Blu	VIVO XI	720	1520	320
Blu	VIVO XL	720	1280	320
Blu	Vivo XL3	720	1440	320
Blu	Vivo XL3 Plus	720	1440	320
Blu	Vivo XL4	720	1500	320
Blu	Vivo_One_Plus	720	1280	320
Blu	X22	720	1600	320
Blu	X5	540	960	200
Blu	X5 PLUS	480	960	200
Blu	X6	540	1092	220
Bluboo	S3	1080	2160	480
Bluebird	CF550	720	1440	320
Bluebird	EF400	480	800	240
Bluebird	EF401	480	800	240
Bluebird	EF500	720	1280	320
Bluebird	EF501R	720	1280	320
Bluebird	EF550	720	1440	320
Bluebird	EF550R	720	1440	320
Bluebird	EK430	480	800	240
Bluebird	HF550	720	1440	320
Bluebird	RP350	320	480	150
Bluebird	RT080	1200	1920	320
Bluebird	RT103	800	1280	160
Bluebird	S10	720	1440	320
Bluebird	S20	1080	2160	480
Bluebird	SF550	1080	1920	480
Bluebird	SF650	720	1600	280
Bluebird	ST103	1200	1920	240
Bluebird	T10	1200	2000	240
Bluebird	T30	1200	1920	240
Bluebird	VF550	720	1440	320
Bluebird	VX500	720	1280	320
BLUECRANE	PP86M	800	1280	213
Bluedigit	RAVOZ_R4	720	1440	320
Bluedigit	RAVOZ_R9	1080	2246	480
Bluedot	BNT-1013	1200	1920	240
Bluedot	BNT-801W	800	1280	213
Bluedot	BNT-802	1200	1920	240
Bluedot	BNT_1012W	800	1280	213
BLUEFOX	BF001_EEA	540	1168	269
Bluemake	BM-12WTN	1200	1920	240
BLUEWORLD	TM12	720	1560	320
Bluslate	Bluslate8	800	1280	240
BMAX	10_Pro	800	1280	200
BMAX	BMAX_I9	800	1280	160
BMAX	I10	1200	1920	320
BMAX	I10_EEA	1200	1920	320
BMAX	I10_LTE	800	1280	213
BMAX	I10_Plus	800	1280	213
BMAX	I10_Plus	1200	1920	280
BMAX	I10_Plus_LTE	800	1280	213
BMAX	I10_Plus_WLAN	800	1280	213
BMAX	I10_Pro_4G	1200	1920	280
BMAX	I10_Pro_EEA	1200	1920	320
BMAX	I10_Pro_LTE	800	1280	213
BMAX	I10_Pro_LTE_EEA	800	1280	213
BMAX	I10_Pro_ROW	1200	1920	320
BMAX	I10_S	800	1280	213
BMAX	I10_S_Pro	1200	1920	280
BMAX	I10Pro_LTE	800	1280	213
BMAX	I10Pro_LTE_EEA	800	1280	213
BMAX	I11	1200	2000	280
BMAX	I11_EEA	1200	2000	280
BMAX	I11_LTE	800	1280	213
BMAX	I11_Plus	1200	2000	280
BMAX	I11_Plus_EEA	1200	2000	280
BMAX	I11_Plus_LTE	1200	2000	280
BMAX	I11_Plus_LTE_EEA	1200	2000	280
BMAX	I11_Power	1200	2000	320
BMAX	I11_Power_LTE	1200	2000	320
BMAX	I11_S	800	1280	213
BMAX	I12_A_Power	1600	2400	320
BMAX	I13_LTE	1200	1920	240
BMAX	I14	1200	1920	213
BMAX	I8	1536	2048	240
BMAX	I8_Plus	800	1340	213
BMAX	I8_Plus_WLAN	800	1340	213
BMAX	I9_Plus	800	1280	180
BMAX	I9_Plus_EEA	800	1280	213
BMAX	I9_Plus_ROW	800	1280	213
BMAX	I9_Plus_WIFIOnly	800	1280	160
BMAX	I9_Plus_WireFree	800	1280	160
BMAX	I9_Plus_WLAN	800	1280	160
BMAX	I9_Plus_WLAN_EEA	800	1280	160
BMAX	I9_Plus_Wlanonly	800	1280	160
BMAX	I9_Plus_Wlanonly_EEA	800	1280	160
BMobile	AX1017	480	800	240
BMobile	AX1073+	480	854	240
BMobile	AX1074	480	854	240
BMobile	AX1076+	480	854	240
BMobile	AX1077	480	854	240
BMobile	AX1077+	480	854	240
BMobile	AX1078	480	854	240
BMobile	AX1078_OM	480	854	240
BMobile	AX1078_TG06	480	854	240
BMobile	AX680+	480	800	240
BMobile	AX687	480	800	240
BMobile	AX688	480	800	240
BMobile	AX754	480	854	240
BMobile	AX754PLUS	540	960	260
BMobile	AX820	480	854	240
BMobile	AX821	480	854	240
BMobile	AX824+	480	854	240
BMobile	AX824Plus	480	854	240
BMobile	AX905	480	960	240
BMobile	AX920	720	1280	320
BMobile	AX960	480	960	240
BMobile	B50	480	854	240
BMobile	B50 PRO	480	854	240
BMobile	B50_1	480	854	240
BMobile	B50ProSS_MV03	480	854	240
BMobile	B55	442	960	213
BMobile	B60Pro	720	1560	320
BMobile	B60Pro_MV03	720	1560	320
BMobile	B70Pro	720	1600	320
BMobile	B70pro	720	1600	320
BMobile	BL40	480	800	240
BMobile	BL50	480	854	240
BMobile	BL50 PRO	480	854	240
BMobile	BL50 Pro	480	854	240
BMobile	BL51	480	854	240
BMobile	BL52	480	854	240
BMobile	BL52Pro	480	960	200
BMobile	BL53	480	854	240
BMobile	BL54_PRO_TG05	480	960	240
BMobile	BL54Pro	480	960	240
BMobile	BL55	480	960	240
BMobile	BL55_TG06	480	960	220
BMobile	BL60_TG05	720	1560	320
BMobile	BL60_TG17	720	1560	320
BMobile	BL61	720	1560	320
BMobile	BL62	480	960	200
BMobile	BL62	720	1560	320
BMobile	BL63	480	1016	200
BMobile	BL63Pro	480	1014	200
BMobile	BL65	540	1200	240
BMobile	BL65	720	1600	320
BMobile	BL65Plus_TG07	720	1600	320
BMobile	BM65 Pro	720	1612	320
BMobile	BM65_PRO	720	1612	320
BMobile	Bmobile AX1082	480	960	240
BMobile	Bmobile AX751	480	854	240
BMobile	Bmobile AX960	480	960	240
BMobile	Bmobile_AX751_PLUS	480	854	240
BMobile	Bmobile_B60Pro	720	1560	320
BMobile	Bmobile_BM65Plus	720	1612	320
BMobile	COMET_TG06	576	1280	260
BMobile	Cosmo B6	480	960	213
BMobile	NOVUS65	576	1280	260
BMobile	ORBIT_MAX	720	1600	480
BMobile	ORION_TG05	720	1600	320
BMobile	T70	600	1024	213
BMobile	Ultra	720	1600	320
BMobile	ULTRA S	720	1612	320
BMobile	VENUS	576	1280	240
BMobile	VENUS_TG05	576	1280	240
Bmobility	ORION TG07	720	1600	320
BMPRO	BMPRO7DI	600	1024	160
BMSE	A80_WIFI	800	1280	213
BMXC	JR-M802	800	1280	160
BMXC	K107_EEA	800	1280	160
BMXC	M107	800	1280	210
BMXC	M863	800	1280	160
BMXC	M863-EEA	800	1280	160
BNCF	BPad	1200	1920	280
BNCF	BPad_	1200	1920	260
BNCF	BPad_10_4G	1200	1920	213
BNCF	BPad_10_SE	800	1280	213
BNCF	BPad_13	1200	1920	280
BNCF	BPad_GT	1600	2560	320
BNCF	BPad_Mini_Ultra	1200	1920	280
BNCF	BPad_T1	1200	1920	320
BNCF	CinePad_13	1200	1920	240
BOBESPONJA	BOBTAB	800	1280	160
Boltt	Ace	720	1640	320
Boltt	Evo	720	1640	320
BOLVA	B_TAB1021	800	1280	160
BOTHO_University	GLTAB101	800	1280	200
BOXLIGHT	ProColor_P5	2160	3840	480
Bphone	Bphone_A85_5G	1080	2340	480
Bphone	Bphone_A_Series	1080	2400	480
bq	Aquaris A4.5	540	960	240
bq	Aquaris C	720	1440	320
bq	Aquaris E10	1200	1920	240
bq	Aquaris E4.5	540	960	240
bq	Aquaris E5	720	1280	320
bq	Aquaris E5 HD	720	1280	320
bq	Aquaris M	1080	1920	480
bq	Aquaris M10	800	1280	160
bq	Aquaris M10 4G	1200	1920	240
bq	Aquaris M10 FHD	1200	1920	240
bq	Aquaris M4.5	540	960	240
bq	Aquaris M5	1080	1920	480
bq	Aquaris U	720	1280	320
bq	Aquaris U lite	720	1280	320
bq	Aquaris U Plus	720	1280	320
bq	Aquaris U2	720	1280	320
bq	Aquaris U2 Lite	720	1280	320
bq	Aquaris V	720	1280	320
bq	Aquaris V Plus	1080	1920	480
bq	Aquaris Vs	720	1280	320
bq	Aquaris Vs Plus	1080	1920	480
bq	Aquaris X	1080	1920	480
bq	Aquaris X Pro	1080	1920	480
bq	Aquaris X2	1080	2160	420
bq	Aquaris X2 PRO	1080	2160	420
bq	Aquaris X5	720	1280	320
bq	Aquaris X5 Plus	1080	1920	480
bq	BQ-5516L TWIN	1080	1920	480
bq	BQ-6016L Mercury	720	1440	320
bq	Edison 3	800	1280	160
bq	Edison 3 3G	800	1280	160
bq	Edison_3_mini	800	1280	160
bq	M8	800	1280	160
BQru	BQ 6353L	720	1520	320
BQru	BQ-1020L	600	1024	160
BQru	BQ-1024L	800	1280	160
BQru	BQ-1025L	1200	1920	280
BQru	BQ-1036L	1200	1920	280
BQru	BQ-1045G	800	1280	213
BQru	BQ-1056L	800	1280	213
BQru	BQ-1081G	600	1024	160
BQru	BQ-1082G	600	1024	160
BQru	BQ-1084L	800	1280	213
BQru	BQ-1085L	800	1280	160
BQru	BQ-4030G Nice Mini	480	800	240
BQru	BQ-4072 Strike Mini	480	800	240
BQru	BQ-4501G	480	854	240
BQru	BQ-5000G	480	854	240
BQru	BQ-5007L IRON	720	1280	320
BQru	BQ-5009L	720	1280	320
BQru	BQ-5010G SPOT	720	1280	320
BQru	BQ-5012L	720	1280	320
BQru	BQ-5016G	720	1280	320
BQru	BQ-5031G	720	1280	300
BQru	BQ-5035 Velvet	480	854	240
BQru	BQ-5045L	480	960	240
BQru	BQ-5046L	720	1280	320
BQru	BQ-5047L	480	854	240
BQru	BQ-5058 Strike Power Easy	480	854	240
BQru	BQ-5059 Strike Power	720	1280	320
BQru	BQ-5060L	480	854	240
BQru	BQ-5201	720	1280	320
BQru	BQ-5202	720	1280	320
BQru	BQ-5206L Balance	720	1280	320
BQru	BQ-5302G	480	960	240
BQru	BQ-5500L Advance	720	1440	320
BQru	BQ-5508L	480	960	240
BQru	BQ-5512L STRIKE FORWARD	720	1440	320
BQru	BQ-5517L TWIN PRO	1080	1920	480
BQru	BQ-5518G	480	960	240
BQru	BQ-5519G	480	960	240
BQru	BQ-5519L Tele2	720	1440	320
BQru	BQ-5520L Silk	720	1440	320
BQru	BQ-5522 Next	480	960	240
BQru	BQ-5528L	720	1440	320
BQru	BQ-5530L	720	1440	320
BQru	BQ-5533G	480	960	200
BQru	BQ-5535L	720	1440	320
BQru	BQ-5540L	720	1440	320
BQru	BQ-5541L	720	1440	320
BQru	BQ-5560L	720	1440	320
BQru	BQ-5591 Jeans	720	1280	320
BQru	BQ-5707G Next Music	720	1440	320
BQru	BQ-5730L	720	1520	320
BQru	BQ-5731L Magic S	1080	2280	480
BQru	BQ-5732L	720	1520	320
BQru	BQ-5740G	480	960	240
BQru	BQ-5740G_7731	480	960	240
BQru	BQ-5745L Clever	720	1440	320
BQru	BQ-5765L	720	1440	320
BQru	BQ-6000L Aurora	720	1440	320
BQru	BQ-6001 L	720	1440	320
BQru	BQ-6010G	480	960	240
BQru	BQ-6015L Universe	720	1528	280
BQru	BQ-6030G	480	960	240
BQru	BQ-6030G_7731	480	960	240
BQru	BQ-6035L	1080	2160	480
BQru	BQ-6040L	720	1560	320
BQru	BQ-6042	600	1280	240
BQru	BQ-6045L Nice	480	960	240
BQru	BQ-6051G	720	1560	320
BQru	BQ-6065L	720	1440	320
BQru	BQ-6200L Aurora	1080	2246	480
BQru	BQ-6424L	720	1560	320
BQru	BQ-6630L	720	1600	320
BQru	BQ-6645L Element	540	1200	240
BQru	BQ-6761	720	1600	480
BQru	BQ-6861L	1080	2460	480
BQru	BQ-6868L	720	1600	320
BQru	BQ-7000G	600	1024	213
BQru	BQ-7036L	600	1024	213
BQru	BQ-7038G	600	1024	213
BQru	BQ-7040G	600	1024	160
BQru	BQ-7055L	600	1024	213
BQru	BQ-7082G	600	1024	160
BQru	BQ-7083G_Plus	600	1024	213
BQru	BQ-7098G	600	1024	160
BQru	BQ-8068L	800	1280	240
BQru	BQ-8077L	800	1280	213
BQru	BQ-8088L	800	1280	213
BQru	BQ-9055L	800	1280	213
BQru	BQru-1022L	800	1280	213
BQru	BQru-1045G_A11	800	1280	213
BQru	BQru-1077L_2019	800	1280	213
BQru	BQru-1081G	600	1024	213
BQru	BQru-1082G	600	1024	160
BQru	BQru-1082G_2020	600	1024	160
BQru	BQru-1083G	800	1280	213
BQru	BQru-1083G_2019	800	1280	213
BQru	BQru-1083G_2020	800	1280	213
BQru	BQru-5514G	720	1440	320
BQru	BQru-5514L	720	1440	320
BQru	BQru-5565L	720	1440	320
BQru	BQru-6022GA	480	960	200
BQru	BQru-6061L	720	1560	320
BQru	BQru-6631G	720	1560	320
BQru	BQru-6631G_A11	720	1560	320
BQru	BQru-7082	600	1024	213
BQru	BQru-7083	600	1024	213
BQru	BQru-8068L_A11	800	1280	213
BQru	BQru_6022G	480	960	240
BQru	BQru_6430L	1080	2310	480
BrailleNote	gryphon	600	1024	160
Brain	Natural AI Phone	1080	2392	420
Brandt	B-ONE	720	1500	320
Brandt	BPRIMES	1080	2160	480
Brandt	BSTAR+	720	1440	320
BRAVA	DU-600	1080	2340	480
BRAVE	BraveArk	1840	2880	400
BRAVE	BT7X1	600	1024	213
BRAVE	BT8X1	800	1280	160
BRAVE	BTSL1	1200	1920	320
BRAVE	BTXS1	800	1280	240
BRAVE	EX10SL4	800	1280	160
BRAVE	T2lite	800	1280	160
BRAVE	T2Max	1200	1920	213
BRAVE	T2Pro	800	1280	160
BraveTechs	Brave_T3Pro	800	1280	180
BraveTechs	BraveT3Max	1200	1920	240
BraveTechs	BraveT3Ultra	1200	2000	240
BraveTechs	BraveT4Lite	800	1280	160
BraveTechs	BraveT4Pro	800	1280	180
Bravis	A511 Harmony	720	1280	320
Bravis	A512 Harmony Pro	720	1280	320
Bravis	NB108	800	1280	160
Bravis	NB753	600	1024	160
Bravis	NB76	720	1280	160
Bravis	NB851	800	1280	160
Bravva	DM-901	720	1640	320
Bridgestone_Mobility_Solutions	PRO X	800	1280	200
Brighton	MAL-FWTVTB	800	1280	160
Brightside	BS701	600	1024	213
Brightside	KS_T01	1200	1920	213
Briotouch	IFP_ADPM	2160	3840	480
Briotouch	ULTRA-PLUS-BR	2160	3840	480
Brondi	850_4G	480	960	240
Brondi	AMICO SMARTPHONE POCKET	480	800	240
Brondi	AMICO SMARTPHONE XL	480	960	240
Brondi	AMICO_VERO_4G_EEA	720	1440	320
Brondi	MIDNIGHT_SKY_EEA	720	1560	320
Brown	brown tab1	1536	2048	320
BTC Mobile	S5548	480	960	160
Bubblegum	BUB6R-3T	800	1280	213
Bubblegum	Junior_7	800	1280	220
Buddy Phone	P2	480	960	240
BUFF	X9 pro	720	1600	320
Bullitt Group	Cat S60	720	1280	320
Bullitt Group	S30	480	854	240
Bundy Mobile	BT7_Pro	600	1024	160
Bush	5 android	720	1280	280
Bush	BUSH SPIRA B3 10 TABLET	1200	1920	240
Bush	Bush10Nou	1200	1920	240
Bush	SPIRA B4 5	720	1280	280
Bush	SPIRA E4X	1080	1920	400
BWJBSW	KT802_EEA	800	1280	213
BWJBSW	KT802_US	800	1280	213
BWJBSW	QZ1095W	1200	1920	280
BWJBSW	QZ1095W_EEA	1200	1920	280
BYJUS	LRN10	800	1280	160
BYJUS	LRNS10GIL0	800	1280	160
BYJUS	LRNS10RNW0	800	1280	160
Byxsb	X134L_EEA	1200	1920	160
BYYBUO	A10_A16_US	800	1280	213
BYYBUO	A10_EU	800	1280	160
BYYBUO	A10_L	800	1280	160
BYYBUO	A10_M_UK	800	1280	160
BYYBUO	A10_M_US	800	1280	160
BYYBUO	BYYBUO_SmartPad_A10	800	1280	213
BYYBUO	BYYBUO_SmartPad_T10	1200	1920	320
BYYBUO	E220_M_US	800	1280	160
BYYBUO	SmartPad_A10_EU	800	1280	160
BYYBUO	SmartPad_A10_L	800	1280	160
BYYBUO	SmartPad_A70W	800	1280	160
BYYBUO	SmartPad_A70W_EU	800	1280	160
BYYBUO	SmartPad_K7	600	1024	160
BYYBUO	SmartPad_K7_EU	600	1024	160
BYYBUO	SmartPad_T10_EU	1200	1920	240
BYYBUO	SmartPad_T20	800	1280	200
BYYBUO	TAG-TAB-Executive	1200	2000	360
C5 Mobile	noa X2 Plus	720	1520	320
Callsky	Cpad10	800	1280	160
Callsky	Ctab_12	1200	2000	320
Caltta	e720	720	1280	320
CALUS	Note 16 Pro	720	1640	320
Camfone	Honey_Y2s	720	1520	320
Captiva	Pad 10 2-in-1	800	1280	160
Captiva	Pad 10 3G pLUS	800	1280	160
Caravan	RSE_Caravan	1080	1920	320
Carbon Mobile	Carbon 1 Mark II	1080	2160	480
Carchi	R10_PLUS	800	1280	213
Carrefour	CT1056_32GB	800	1280	160
Carrefour	CT1085_ 32GB	600	1024	160
carrozzeria	SDA-700TAB	800	1280	213
Casio	DT-X400	480	800	240
Casio	dtx450	480	800	220
Casio	ET-L10	720	1440	320
Casio	IT-G400	720	1280	320
Casio	IT-G650	720	1440	320
Casio	itg600	720	1280	320
Casper	Casper VIA S48	800	1280	213
Casper	CASPER_L10_4_5G	800	1280	213
Casper	CTP300	1600	2400	240
Casper	CTP900	1920	2880	320
Casper	L20	1200	1920	240
Casper	Pad_H10_PEN	1600	2560	240
Casper	Pad_H10_PRO	1600	2560	240
Casper	S20	1200	1920	240
Casper	S38	800	1280	213
Casper	VIA A2	720	1440	320
Casper	VIA A3 Plus	1080	2246	480
Casper	VIA A4	1080	2340	480
Casper	VIA A40	720	1600	320
Casper	VIA A40	1080	2460	480
Casper	VIA F30	720	1600	320
Casper	VIA F30 Plus	720	1600	320
Casper	VIA G1	720	1440	320
Casper	VIA G1 Plus	720	1440	320
Casper	VIA G5	720	1600	280
Casper	VIA L50	1200	1920	280
Casper	VIA M3	720	1280	320
Casper	VIA M30	720	1600	320
Casper	VIA M30 Plus	720	1600	320
Casper	VIA M35	720	1600	320
Casper	VIA M45	720	1600	320
Casper	VIA P3	720	1520	320
Casper	VIA S50	1200	1920	280
Casper	VIA X20	1080	2340	480
Casper	VIA X30	1080	2400	480
Casper	VIA X30 Plus	1080	2400	480
Casper	VIA X45	1080	2400	480
Casper	VIA_ G3	720	1520	320
Casper	VIA_A1	1080	1920	480
Casper	VIA_A1_1	1080	1920	480
Casper	VIA_A1_Plus	1080	1920	480
Casper	VIA_A3	1080	2246	480
Casper	VIA_E3	720	1520	320
Casper	VIA_E3_0	720	1600	320
Casper	VIA_E4	720	1560	320
Casper	VIA_F20	720	1600	320
Casper	VIA_F3	720	1520	280
Casper	VIA_L30	1200	1920	240
Casper	VIA_L30_0	1200	1920	240
Casper	VIA_L40	1200	2000	240
Casper	VIA_M4	720	1440	320
Casper	VIA_P2	720	1280	320
Casper	VIA_S	720	1520	320
Casper	VIA_S10	800	1280	213
Casper	VIA_S30	1200	1920	240
Casper	VIA_S30_0	1200	1920	240
Casper	VIA_S40	1200	2000	240
Casper	VIA_S48_0	800	1280	213
Casper	VIA_X40	1080	2400	480
Cat	B15Q	480	800	240
Cat	Cat S22 FLIP	480	640	240
Cat	Cat S31	720	1280	280
Cat	Cat S41	1080	1920	420
Cat	Cat S42	720	1440	280
Cat	Cat S48c	1080	1920	480
Cat	Cat S52	720	1440	280
Cat	Cat S61	1080	1920	420
Cat	Cat S62	1080	2160	420
Cat	Cat S62 Pro	1080	2160	420
Cat	Cat S75	1080	2408	400
Cat	CatS50c	720	1280	320
Cat	S40	540	960	240
CATCHTABLE	AZ101FC	1200	1920	240
CATCHTABLE	AZ101FCN	1200	1920	240
Cavion	M1092Q	800	1280	160
Caxilysh	A10	800	1280	160
Cedar	Cedar CT8X2	800	1280	240
Ceibal	A102	800	1280	160
Ceibal	ACRUX	800	1280	160
Ceibal	Alfard	800	1280	213
Ceibal	Alnilam	800	1280	240
Ceibal	BETELGEUSE	800	1280	160
Ceibal	CEIBAL_HFP_LT	2160	3840	420
Ceibal	GACRUX	800	1280	160
Ceibal	Ibirapita	800	1280	160
Ceibal	Kil-82WFDC	800	1280	160
Ceibal	RIGEL	800	1280	213
Ceibal	TC80RA6	800	1280	160
Ceibal	U800B	800	1280	213
Celkon	C10STAR	800	1280	160
Cellacom	Cellacom_S62	600	1280	240
CellAllure	BIENESTAR_SMART	480	960	240
CellAllure	Miracle_Y	720	1520	320
Cellecor	S3pro	720	1600	320
Cellution	Cosmas	480	800	240
Cellution	COSMAS_T	480	854	240
Cellution	COSMAS_TF	480	854	240
Cellution	COSMAS_X	480	854	240
Cellution	CT_Cosmas_V	480	854	240
Cellution	IRIS	800	1280	213
Cellution	PADUA	480	960	240
Cellution	PADUA_1	480	960	240
Celtiis	Celtiis Smart 2	576	1152	220
Centerm	CTA Q7	720	1440	300
Centric	Centric L4	720	1280	320
CEPTER	CEPTER-TAB-10L	800	1280	160
CEPTER	CEPTER-TAB-10S	800	1280	160
CEPTER	CEPTERTAB101	800	1280	213
CEPTER	CEPTERTAB1095	1200	2000	213
CEPTER	CEPTERTAB10E	800	1280	160
CEPTER	CEPTERTABP12	1600	2560	320
CEPTER	CGWT16207P	1600	2560	320
CEPTER	CTABERA101	800	1280	320
CEPTER	CTABERAV2	800	1280	160
CEPTER	CTABEVOP12	1600	2560	320
CEPTER	CTABLOTUSV2	1200	1920	240
CEPTER	CTABNEXA10V2	800	1280	213
CEPTER	CTABNEXT10S	800	1280	213
CEPTER	CTABNEXUS	1200	2000	240
CEPTER	CTABNEXUS6128	1200	2000	240
CEPTER	CTABNEXUS8128	1200	2000	240
CEPTER	CTABNEXUSG	1200	2000	240
CEPTER	CTABNEXUSW	1200	2000	240
CEPTER	CTABTERRA128	1200	1920	240
CEPTER	CTABTERRA256	1200	1920	240
CEPTER	CTABTITAN12	1600	2560	320
ChaCh	CH_101	800	1280	160
CHAINWAY	C5_EEA	1080	2160	480
CHAINWAY	C6000	480	800	240
CHAINWAY	C61	480	800	240
CHAINWAY	C66	720	1440	320
CHAINWAY	C71_EEA	1080	1920	480
CHAINWAY	C72_EEA	1080	1920	480
CHAINWAY	C90	720	1440	320
CHAINWAY	MC21	480	800	240
CHAINWAY	MC50	720	1440	320
CHAINWAY	MC51	720	1440	320
CHAINWAY	MC62	480	800	240
CHAINWAY	MC95	720	1440	320
CHAINWAY	P100	1200	1920	320
CHAINWAY	P100S	1200	1920	320
CHAINWAY	P80	1200	1920	320
CHAINWAY	P80_B	1200	1920	360
CHCNAV	HCE600	720	1440	320
CHCNAV	LT60H	1080	2340	420
CHCNAV	LT700	1200	1920	306
CHCNAV	LT800	1200	1920	360
CHEETAH	Diplomat	800	1280	213
Chemist Warehouse	JR-MB603	720	1280	320
Cherry Mobile	A840	1200	1920	240
Cherry Mobile	A850	600	1024	160
Cherry Mobile	A860	800	1280	213
Cherry Mobile	A890	800	1280	240
Cherry Mobile	Aqua S10	720	1600	320
Cherry Mobile	Aqua S10 Pro	1080	2400	480
Cherry Mobile	Aqua S10 Pro 5G	1080	2460	480
Cherry Mobile	Aqua S9	720	1600	320
Cherry Mobile	Aqua S9 Max	1080	2340	480
Cherry Mobile	Aqua SV	1080	2340	480
Cherry Mobile	Aqua Tab	800	1280	240
Cherry Mobile	Aqua Tab Deluxe	800	1280	213
Cherry Mobile	Aqua_Infinity	720	1600	320
Cherry Mobile	Aqua_Pad	1200	1920	280
Cherry Mobile	Aqua_Tab_Ultra	1200	2000	320
Cherry Mobile	Cherry Comet	800	1280	240
Cherry Mobile	Cherry S8 Deluxe	720	1520	320
Cherry Mobile	Flare J3s	480	960	240
Cherry Mobile	Flare J6 Plus	720	1500	320
Cherry Mobile	Flare J8 LTE	720	1480	320
Cherry Mobile	Flare P3 lite	480	960	240
Cherry Mobile	Flare S7	720	1440	320
Cherry Mobile	Flare S7 Lite	480	960	240
Cherry Mobile	Flare S7 Power	480	960	240
Cherry Mobile	Flare S8	720	1520	320
Cherry Mobile	Flare S8 Lite	720	1520	320
Cherry Mobile	Flare S8 Max	1080	2244	480
Cherry Mobile	Flare Tab Pro	800	1280	213
Cherry Mobile	Flare X	1080	1920	480
Cherry Mobile	Flare Y7 LTE	720	1520	320
Cherry Mobile	Flare Y7 Pro	720	1520	320
Cherry Mobile	Flare_A1_Roam	480	960	240
Cherry Mobile	Flare_S7_Prime	720	1440	320
Cherry Mobile	Flare_S8_Prime	1080	2340	480
Cherry Mobile	Flare_S8_Pro	720	1560	320
Cherry Mobile	Flare_Y6_Pro	720	1440	320
Cherry Mobile	Magnum 8s	800	1280	240
Cherry Mobile	Omega HD Duo	720	1280	320
Cherry Mobile	Omega X	720	1520	320
Cherry Mobile	Pulse	800	1280	240
Cherry Mobile	Superion Radar Deluxe 2	800	1280	240
Cherry Mobile	Superion S1 DTV	600	1024	160
Cherry Mobile	Superion S2	600	1024	160
Cherry Mobile	Superion S2+	800	1280	240
Cherry Mobile	Superion Tab Pro	800	1280	213
Chessnut	CC100	480	1280	160
China Mobile	M762G	720	1500	320
China Mobile	n1 max	1080	1920	480
CHOFSLIA	A6_EEA	800	1280	160
Chosunbiz	Chosunbiz	1200	1920	320
Chuwi	AuPad	1200	1920	280
Chuwi	AupadMini	800	1340	213
Chuwi	CHUWI	1080	1920	480
Chuwi	Hi10_XPro	800	1280	213
Chuwi	Hi10_XPro_Pad	800	1280	213
Chuwi	Hi10_XPro_Pad_EEA	800	1280	213
Chuwi	Hi9Pro	1600	2560	320
Chuwi	HiPad 11	1200	1920	280
Chuwi	HiPad Max	1200	2000	280
Chuwi	HiPad-Air-EEA	1200	1920	240
Chuwi	HiPad_Pro	1212	1940	320
Chuwi	HiPad_XPro_EEA	1200	1920	280
Chuwi	HiPad_XPro_ROW13	1200	1920	320
Chuwi	HiPadPlus-3_ROW	1600	2176	320
Chuwi	HiPadPro	1600	2560	320
Chuwi	HipadX_eea_1	1200	1920	240
Chuwi	HiPadX_ROW	1200	1920	320
Chuwi	Surpad	1200	1920	240
CIBER	B610A103A	800	1280	210
CIBER	B610A115	800	1280	240
CIBER	B610A215	1200	1920	280
Cidea	CM14000Plus	1200	1920	320
Cidea	CM76	600	1024	160
Cidea	CM77	600	1024	160
Cidea	CM82	600	1024	160
Cidea	CM826	800	1280	213
Cidea	CM90	600	1024	160
Cidea	CM91_EEA	600	1024	160
Cidea	CM92_EEA	600	1024	160
Cidea	CM93	600	1024	160
Cidea	P100	1200	2000	280
Cidea	P1100	800	1280	160
Cidea	P1150	800	1280	160
Cidea	P1300	1200	1920	240
Cidea	P200	1200	1920	213
Cidea	R1036	1200	2000	320
CILICO	C6	720	1280	320
CILICO	C7X	480	800	204
CILICO	C80	720	1440	320
CIMI	A8	800	1280	240
Ciontek	CS20	720	1440	320
Ciontek	CS30	720	1440	320
Ciontek	CS50_EEA	720	1440	320
Ciontek	CS50C	720	1440	320
Cipherlab	RK25	480	800	240
Cipherlab	RK25WO	480	800	240
Cipherlab	RK26	480	800	240
Cipherlab	RK95	480	800	240
Cipherlab	RS10	720	1560	280
Cipherlab	RS31	720	1280	320
Cipherlab	RS35	720	1440	320
Cipherlab	RS36	720	1440	320
Cipherlab	RS36 U	720	1440	320
Cipherlab	RS38	1080	2160	480
Cipherlab	RS51_HS	720	1280	320
CIRKUIT PLANET (ESPANA)	SMARTLIFE	800	1280	160
Cisco	CP-860	1080	1920	480
CITZEN	CZ701	1200	1920	240
Ckypad	Cpad10EEA	800	1280	160
Ckypad	Ctab12_EEA	1200	2000	320
Ckypad	Ctab14EEA	1200	1920	320
Claresta	S6Plus	1080	1920	480
Clearsounds	CSTAAP8D	1200	1920	280
ClearTouch	six_zero_XXAplus	2160	3840	480
Clementoni	Clempad 8	800	1280	160
Clementoni	CLEMPAD10_2023	800	1280	213
Clementoni	CLEMPAD_2018	800	1280	160
Clementoni	Clempad_9	800	1280	160
Clementoni	MFC_2018	600	1024	160
Clementoni	MFClempad_9	600	1024	160
Clementoni	MFClempadP_9	800	1280	160
Clementoni	My First Clempad 7	600	1024	160
Clementoni	Neo_Clempad_2021	800	1280	213
CLEVER	T45	600	1024	160
Clevertouch	Pro_Series_3	2160	3840	480
Clevertouch	UX Pro Edge	2160	3840	480
Clevertouch	X5	2160	3840	480
Cloud (TruConnect)	Cyclone_C4	720	1612	320
Cloud (TruConnect)	Storm C3	480	854	240
Cloud (TruConnect)	Stratus_C5	480	960	240
Cloud (TruConnect)	Stratus_C5_Elite	480	960	240
Cloud (TruConnect)	Stratus_C7	480	960	213
Cloud (TruConnect)	Sunshine_T1	800	1280	213
Cloud (TruConnect)	Sunshine_T1_Elite	800	1280	213
Cloud (TruConnect)	Typhoon_C6	540	960	240
CLOUD_AiR-WiFi	ATab-1	1200	1920	320
Cloud_Mobile	C9 Prime	720	1612	320
Cloud_Mobile	MC8B654B100136	720	1612	260
Cloud_Mobile	Stratus_C8	720	1600	320
Cloud_Mobile	Sunshine_T2_Elite	800	1280	213
CloudFone	CloudFone Excite Prime 2	720	1280	320
CloudFone	Go SP 2	480	854	240
CloudMinds	A1-901	1440	2560	560
Clover	FTab	1200	2000	240
Clover	G11	800	1280	213
Clover	G17_3_32	800	1280	160
Clover	KD101	1200	1920	213
CLOVERTEK	G65	720	1600	320
CLOVERTEK	P101	800	1280	180
CMF by Nothing	CMF by Nothing Phone 1	1080	2400	420
CMF by Nothing	CMF Phone 2 Pro	1080	2392	420
Coby	Dorado	1200	2000	240
Coby	MID-CBY1108	800	1280	160
Coby	MID7052	600	1024	160
Coby	MID8072	800	1280	160
COCOMM	F780	480	854	200
COCOMM	F900	600	1024	240
CoinComputers	1100AS_plus	800	1280	180
CoinComputers	1200AS	800	1280	160
CoinComputers	1200AS_plus	800	1280	210
COLORROOM	A30_Plus	800	1280	213
COLORROOM	A5	800	1280	213
COLORROOM	C1	800	1280	213
COLORROOM	C10_ROW	800	1280	213
COLORROOM	C2	1200	1920	280
COLORROOM	C20	800	1280	180
COLORROOM	C30_Pro	800	1280	213
COLORROOM	C30D	800	1280	213
COLORROOM	C3_Pro_EEA	800	1280	213
COLORROOM	C3_Pro_ROW	800	1280	213
COLORROOM	C3_ROW	800	1280	213
COLORROOM	C5	800	1280	213
COLORROOM	C5_EEA	800	1280	213
COLORROOM	C5_Pro	800	1280	213
COLORROOM	E07	600	1024	160
COLORROOM	E20_EEA	1200	1920	320
COLORROOM	E20_ROW	1200	1920	280
COLORROOM	E30_Pro	800	1280	213
COLORROOM	E5	800	1280	213
COLORROOM	E5_EEA	800	1280	213
COLORROOM	K07-pro	600	1024	160
COLORROOM	K10	800	1280	213
COLORROOM	K10C	800	1280	213
COLORROOM	K12	800	1280	180
COLORROOM	K12-EEA	800	1280	213
COLORROOM	K12E	800	1280	160
COLORROOM	K12E_EEA	800	1280	160
COLORROOM	K12E_ROW	800	1280	160
COLORROOM	T30E	800	1280	213
ColorsMobile	Pride 5C	480	1014	220
COMBUSTECH	COMBUSTECH-IFPD	2160	3840	480
Comio	COMIO C2	720	1280	320
Comio	COMIO C2 Lite	720	1280	320
Comio	COMIO P1	720	1280	320
Comio	COMIO S1	720	1280	320
CommBox	CommBox Classic S5	2160	3840	480
Commodore	CTABMAX_EEA	1200	2000	280
COMMTEC	C80	800	1280	240
Compaq	Compaq_Q3	720	1600	480
Compaq	CT101	800	1280	160
Compaq	CT201	1200	1920	240
Compaq	CT211	1080	1920	213
Compaq	K101_pro	1200	1920	320
Compaq	Q5	720	1600	320
Compaq	Q6	720	1640	320
Compaq	QT10	800	1280	213
Compaq	QT11AVHE464M	1200	1920	280
Compaq	QT12AVHE6128M	1200	2000	280
Compaq	QT9AVHE464Q	800	1340	213
Compaq	QTAB	800	1280	160
Compaq	Qtab 10.1 with keyboard	800	1280	160
Compaq	QTab10.1_LTE	800	1280	240
Compaq	QTAB10_1	800	1280	160
Compaq	QTAB10_PLUS	1200	1920	320
Compaq	Qtab10Plus	1200	1920	240
Compaq	QTAB8	800	1280	160
Compaq	QTab8	800	1280	160
Compaq	QTab8_LTE	800	1280	240
Compaq	QTab_87	800	1340	213
Compaq	QTAB_NOTE	1200	2000	280
Compaq	QTAB_PLUS_LTE	1200	1920	240
Compaq	Qtab_Ultra	1600	2560	340
Compaq	QTabPro	1200	1920	280
Compaq	QTabPro	1200	2000	280
COMPUMAX	BLUEPAD10	800	1280	160
COMPUMAX	BlueS10	800	1280	160
COMTEL	Tivo Core	720	1600	320
Concord	A10	1200	1920	240
Concord	C-708	600	1024	160
Concord	Concord M15	720	1440	320
Concord	Concord_RANGE_HS	600	1024	160
Concord	Dream_Edition_C-754	800	1280	213
Concord	M20 TERMINAL	720	1440	320
Concord	Plus-7_C777	600	1024	160
Condor	80Pro	1080	2400	480
Condor	A5	480	854	200
Condor	Allure M1	1080	1920	480
Condor	Allure M1 Plus	1080	1920	480
Condor	Allure M2	720	1440	320
Condor	Allure M3	1080	2246	480
Condor	Allure M3 lite	720	1520	320
Condor	Allure X	1080	2340	480
Condor	Allure_A8_Pro	720	1600	320
Condor	Customer need debug	800	1280	160
Condor	Griffe G5	480	854	240
Condor	Griffe T1	480	854	240
Condor	Griffe T3	480	854	240
Condor	Griffe T4	480	854	240
Condor	Griffe T6	480	960	240
Condor	Griffe T8	480	960	240
Condor	Griffe T8 Plus	720	1440	320
Condor	Griffe T9	720	1440	320
Condor	Griffe T9 Plus	540	1132	240
Condor	Griffe_T5	480	960	240
Condor	Griffe_T7	720	1440	320
Condor	GT 80Pro	1080	2400	480
Condor	GT60 PRO	1080	2400	480
Condor	Infinity E5	540	1132	240
Condor	Infinity E5 Pro	600	1280	240
Condor	Infinity_a4	720	1440	320
Condor	NOVA 80	720	1600	320
Condor	NOVA60	720	1612	320
Condor	PGN409	480	800	240
Condor	PGN513	480	854	240
Condor	PGN515	480	854	240
Condor	PGN516	720	1280	320
Condor	PGN517	720	1280	320
Condor	PGN518	720	1280	320
Condor	PGN521	480	854	240
Condor	PGN522	480	854	240
Condor	PGN523	720	1280	320
Condor	PGN605	720	1280	320
Condor	PGN607	1440	2560	640
Condor	PGN608	720	1280	320
Condor	PGN611	1080	1920	480
Condor	Plume A8 Plus	1080	1920	480
Condor	Plume H1	1080	1920	480
Condor	Plume L1	720	1280	320
Condor	Plume L1 Plus	720	1280	320
Condor	Plume L2	720	1440	320
Condor	Plume L3	720	1440	320
Condor	Plume L4	720	1520	320
Condor	Plume L5	720	1600	320
Condor	Plume L6 Pro	720	1520	320
Condor	Plume L8 Pro	1080	2340	480
Condor	Plume P4 Plus	480	854	240
Condor	Plume P6 Pro LTE	720	1280	320
Condor	Plume P8 Lite	720	1280	320
Condor	Plume P8 Pro	720	1280	320
Condor	Plume_L2_Pro	720	1440	320
Condor	Plume_L3_Plus	720	1440	320
Condor	Plume_L4_Pro_EEA	720	1520	320
Condor	Plume_L5_Pro	720	1600	320
Condor	SP530	720	1280	320
Condor	SP638	720	1500	320
Condor	SP659	720	1612	320
Condor	SP661	1080	2460	480
Condor	SP662	720	1612	320
Condor	SP663	720	1612	320
Condor	SP664_2	720	1612	280
Condor	SP665	1080	2460	480
Condor	SP666	1080	2460	480
Condor	SP667	720	1612	320
Condor	SP668	720	1612	320
Condor	SP669	720	1640	320
Condor	SP670	720	1640	320
Condor	SP672	720	1600	320
Condor	TB105L	800	1280	213
Condor	TB109L	800	1280	160
Condor	TB113	800	1280	240
Condor	TB717G_8_1	600	1024	160
Condor	TB717L	600	1024	160
Condor	TB718	600	1024	160
Condor	TB802L	800	1280	160
Condor	TFX711G	600	1024	160
Condor	TFX712G	600	1024	160
Condor	TFX713L	600	1024	160
Condor	TFX714L	600	1024	160
Condor	TGW102L	800	1280	180
Condor	TGW801G	800	1280	180
Condor	TGW801L	800	1280	180
CONKER	ST60	720	1560	320
CONKER	SX50	720	1280	320
CONNECT-ME	C-710_PRO_EEA	800	1280	160
CONNECT-ME	C-710_PRO_MAX	800	1280	160
CONNECT-ME	C-710_R_EEA	800	1280	160
Connex	CTAB-1044	800	1280	213
Connex	CTAB1044hn	800	1280	160
Connex	SEN_1055_ARM1064	800	1280	160
Conquest	CONQUEST S12Pro	1080	2160	480
Conquest	Conquest-F5	720	1440	320
Conquest	conquest-S20_RU	1080	2340	480
Conquest	CONQUEST-S23	1080	2408	480
Conquest	conquest_S16	1080	2280	480
Conquest	conquest_S20_EEA	1080	2340	480
Conquest	S21_RU	1080	2160	480
ConsumerCellular	IRIS Connect 2	720	1600	260
CONSUNG	CS10L_PRO	800	1280	180
CONSUNG	N101B	800	1280	160
Contixo	A10	800	1280	160
Contixo	A7_1	600	1024	160
Contixo	CONTIXO_V8	600	1024	160
Contixo	K101A	800	1280	160
Contixo	K103	800	1280	160
Contixo	K103A	800	1280	213
Contixo	K81	800	1280	213
Contixo	V10	600	1024	160
Contixo	V10A	600	1024	160
Contixo	V10S	600	1024	160
Contixo	V10X	600	1024	160
Contixo	V11	800	1280	213
Contixo	V8	600	1024	160
Contixo	V8X	600	1024	160
Contixo	V90	600	1024	160
Contixo	V9X	600	1024	160
CONVERGE	T7045PS	600	1024	160
COOLFAN	C107	800	1280	160
COOLFAN	OC106	800	1280	160
Coolpad	1825-I01	720	1520	320
Coolpad	1826-I01	720	1520	320
Coolpad	1904	720	1520	320
Coolpad	1939	1080	2244	480
Coolpad	3503I	720	1280	320
Coolpad	3505I_A00	720	1280	320
Coolpad	3600i	1080	1920	480
Coolpad	3622A	480	854	240
Coolpad	3631	720	1520	320
Coolpad	3632A-mpcs	480	854	240
Coolpad	3636a	720	1280	320
Coolpad	3705A	1080	1920	480
Coolpad	5370	720	1280	320
Coolpad	8676-I03	1080	1920	480
Coolpad	8722-U00	720	1280	320
Coolpad	8722_S00	1080	1920	480
Coolpad	A20	720	1612	320
Coolpad	A8	1080	1920	480
Coolpad	A8-831	1080	1920	480
Coolpad	A8-930	1080	1920	480
Coolpad	C1-S02	1080	1920	420
Coolpad	C35	720	1600	320
Coolpad	C35 Plus	720	1600	320
Coolpad	Cool 10	720	1600	320
Coolpad	Cool 10A	720	1600	320
Coolpad	Cool 12A	720	1520	320
Coolpad	Cool 20s 5G	1080	2408	480
Coolpad	COOL 40i	720	1612	320
Coolpad	Cool C1	1080	1920	420
Coolpad	Cool S	1080	2340	480
Coolpad	Cool6	1080	2340	480
Coolpad	Coolpad 3310A	480	854	240
Coolpad	Coolpad 3706AS	1080	2340	480
Coolpad	Coolpad 5370_I00	720	1280	320
Coolpad	Coolpad C1-U02	1080	1920	420
Coolpad	Coolpad C16	720	1600	480
Coolpad	coolpad C16 s	720	1600	320
Coolpad	coolpad COOL 20	720	1600	320
Coolpad	coolpad COOL 30 Play	720	1640	320
Coolpad	coolpad COOL 30i	720	1612	320
Coolpad	Coolpad COR-I0	1080	1920	480
Coolpad	coolpad CP12s	720	1640	320
Coolpad	coolpad N7 Air	540	1200	240
Coolpad	coolpad N7 Plus	720	1560	320
Coolpad	Coolpad Suva	720	1560	320
Coolpad	Coolpad Tasker	800	1280	160
Coolpad	COOLPAD_C202	720	1600	320
Coolpad	COOLPAD_C203	720	1640	320
Coolpad	CP12	720	1600	320
Coolpad	CP12 Neo	720	1612	320
Coolpad	CP12P	720	1600	320
Coolpad	CP32	720	1612	320
Coolpad	CP32t	720	1600	320
Coolpad	CP3503L	720	1560	320
Coolpad	CP3504L	720	1520	320
Coolpad	cp3648A	720	1440	320
Coolpad	cp3648AT	720	1440	320
Coolpad	CP8750	1080	1920	480
Coolpad	K23	720	1600	320
Coolpad	K2L_S00	720	1280	320
Coolpad	MOBODO MOBO K1	720	1600	320
Coolpad	R108	720	1280	320
Coolpad	SK3-U00	720	1280	320
Coolpad	X20	720	1600	480
Coolpad	Y72-921	720	1280	320
Coolpad	Y83-I00	720	1280	320
Coolpad	Y83_S00	720	1280	320
Coolpad	Y83_U00	720	1280	320
Coolpad	Y91-921	720	1280	320
Coolpad	Z1	720	1600	320
COOP	MARTE	800	1280	213
COOPERS	CP10	600	1024	213
COOPERS	CP20	800	1280	213
COOPERS	CP70K	600	1024	160
COOPERS	CP80	800	1280	213
COOPERS	CP81	800	1280	180
Coppernic	C-One	720	1280	320
CoralPhone	CoralPhone	1080	2400	480
Core Innovations	CRTB7001	600	1024	160
CORN	C55_Pro	480	960	213
CORN	C60	720	1520	320
CORN	C60 Ultra	720	1520	320
CORN	Coco10_Ultra_4G	720	1600	480
CORN	Coco20_Ultra_4G	720	1560	480
CORN	CORN Note1	720	1600	320
CORN	CORN_R10	480	854	213
CORN	CORN_X5	480	854	200
CORN	CORN_X55	480	960	240
CORN	CPhone17ProMax4G	720	1612	320
CORN	G60	480	1014	200
CORN	G60_Pro_4G	480	1014	200
CORN	Play25_Pro_4G	720	1612	320
CORN	R10	480	854	240
CORN	R10E	540	960	240
CORN	R40	720	1520	320
CORN	Star10_3G	800	1280	213
CORN	Star10_Pro	800	1280	213
CORN	Star8	600	1024	160
CORN	Star8_3G	600	1024	220
CORN	Star9_Max	800	1340	213
CORN	Star9_Pro	800	1280	213
CORN	Tronik 13S	720	1600	320
CORN	Tronik_12	720	1600	320
CORN	Tronik_12S	720	1600	320
CORN	X5	540	960	240
CORN	X60	480	1014	200
cosmos	Aries_8in	800	1280	213
cosmos	Lynx_10in	1200	1920	240
cosmos	Nova_10in	800	1280	213
Covia	g06+	480	800	240
Cozyla	Calendar+	1080	1920	240
Cozyla	Calendar2_16	1080	1920	240
Cozyla	Calendar2_24	1080	1920	240
Cozyla	Calendar2_32	1080	1920	240
Cozyla	Calendar3_32	2160	3840	480
CRAIG	CMP846	800	1280	160
Creato	DVT101B	600	1024	160
Crelander	A101	1200	1920	320
Crelander	T118	800	1280	213
Crelander	T66	1200	1920	213
Crelander	W30	800	1280	213
Crelander	W30-EEA	800	1280	213
Crelander	W87-EEA	800	1340	213
Crelander	Z103	800	1280	213
Crema	CREMA0810T	768	1024	160
Cricket	Cricket Debut S2™	720	1560	300
Cricket	Cricket Icon™6	720	1600	260
Cricket	Cricket Outlast™ 5G	720	1600	260
Cricket	Cricket® Dream 5G	720	1640	280
Cricket	Cricket® Icon 3	720	1600	280
Cricket	Cricket® Icon 4	720	1600	280
Cricket	Cricket® Influence	720	1520	320
Cricket	Cricket® Innovate 5G	720	1640	280
Cricket	Cricket® Magic 5G	720	1612	280
Cricket	Cricket® Ovation 2	720	1640	280
Cricket	Cricket® Splendor	720	1600	280
Cricket	DEMK4119	720	1440	320
Cricket	DEMK4120	720	1440	320
Cricket	SN304AE	720	1612	320
Cricket	SN333C	720	1640	260
Cricket	U304AC	480	960	213
Cricket	U325AC	720	1440	320
Cricket	U705AC	720	1600	300
CRONIC	CT-M11	800	1280	180
CRONIC	CT-T15G	1200	1920	240
Crosscall	Action-X3	720	1280	320
Crosscall	Action-X5	720	1440	320
Crosscall	Core- X3	720	1280	320
Crosscall	CORE-M4	480	960	240
Crosscall	CORE-M4 GO	480	960	240
Crosscall	Core-M5	480	960	240
Crosscall	Core-T4	800	1280	213
Crosscall	Core-T5	800	1280	213
Crosscall	Core-X4	720	1440	320
Crosscall	Core-X5	720	1440	320
Crosscall	Core-Z6	720	1560	320
Crosscall	Stellar-M6E	720	1560	280
Crosscall	Stellar-X5	1080	2400	480
Crosscall	Trekker- M1	540	960	240
Crosscall	TREKKER- X3	1080	1920	480
Crosscall	Trekker- X4	1080	1920	480
Crosscall	TREKKER-M1 CORE	480	854	240
CryptoDATA	Hidr S1 PRO ROW	1080	2460	480
Ctroniq	CTRONIQ-SNOOK-X10	800	1280	240
Ctroniq	CTRONIQ-SNOOK-X10L	800	1280	200
Ctroniq	SNOOK-X10	800	1280	240
Ctroniq	SNOOK-X80	800	1280	213
Cubot	A10	720	1612	272
Cubot	A1_EEA	720	1612	320
Cubot	A20	720	1600	260
Cubot	A30	720	1600	260
Cubot	A40	720	1640	260
Cubot	C20	1080	2246	480
Cubot	C30	1080	2310	480
Cubot	CUBOT CHEETAH 2	1080	1920	480
Cubot	CUBOT H3	720	1280	320
Cubot	CUBOT J9	720	1520	320
Cubot	CUBOT MAGIC	720	1280	320
Cubot	CUBOT NOTE Plus	1080	1920	480
Cubot	CUBOT R11	720	1440	320
Cubot	CUBOT X18	720	1440	320
Cubot	CUBOT_J3	480	960	240
Cubot	CUBOT_J3_PRO	480	960	240
Cubot	CUBOT_NOVA	720	1440	320
Cubot	CUBOT_POWER	1080	2160	480
Cubot	DINOSAUR	720	1280	320
Cubot	ECHO	720	1280	320
Cubot	J10	480	854	240
Cubot	J20	480	854	200
Cubot	J5	480	960	240
Cubot	J7	720	1440	320
Cubot	J8	442	960	240
Cubot	KING_KONG_3	720	1440	320
Cubot	KINGKING ACE 5	720	1600	260
Cubot	KINGKONG 11	1080	2400	400
Cubot	KINGKONG 5	720	1560	320
Cubot	KINGKONG 5 Pro	720	1560	320
Cubot	KINGKONG 6	720	1560	320
Cubot	KINGKONG 7	1080	2300	480
Cubot	KINGKONG 8	720	1600	280
Cubot	KINGKONG 9	1080	2408	400
Cubot	KINGKONG ACE 2	720	1612	280
Cubot	KINGKONG ACE 3	1080	2408	400
Cubot	KINGKONG CS	720	1280	320
Cubot	KINGKONG Dura	720	1640	260
Cubot	KINGKONG E1	720	1612	260
Cubot	KINGKONG ES	720	1612	272
Cubot	KINGKONG ES 3	720	1600	260
Cubot	KINGKONG ES 5	720	1640	260
Cubot	KINGKONG ES PRO	720	1612	260
Cubot	KINGKONG MINI 3	480	1170	204
Cubot	KINGKONG MINI 4	720	1600	260
Cubot	KINGKONG MINI2	540	1080	240
Cubot	KINGKONG MINI2 Pro	540	1080	240
Cubot	KINGKONG POWER 3	1080	2400	390
Cubot	KINGKONG STAR	1080	2460	480
Cubot	KINGKONG STAR 2	1080	2400	400
Cubot	KINGKONG X	1080	2408	400
Cubot	KINGKONG_MINI	540	1080	240
Cubot	KINGKONG_POWER_5	720	1640	260
Cubot	MANITO	720	1280	320
Cubot	MAX	720	1280	320
Cubot	MAX 2	640	1352	240
Cubot	MAX 3	720	1640	320
Cubot	MAX 5	1080	2460	400
Cubot	NOTE 20	720	1600	320
Cubot	NOTE 20 PRO	720	1600	320
Cubot	NOTE 30	720	1600	320
Cubot	NOTE 40	720	1612	260
Cubot	NOTE 50	720	1612	260
Cubot	NOTE 60	720	1560	240
Cubot	NOTE 7	442	960	240
Cubot	NOTE 8	442	960	240
Cubot	NOTE S	720	1280	320
Cubot	note_9	480	960	240
Cubot	P30	1080	2340	480
Cubot	P40	720	1520	320
Cubot	P50	720	1520	320
Cubot	P60	720	1600	320
Cubot	P80	1080	2408	480
Cubot	P90	720	1640	260
Cubot	Pocket	540	1080	240
Cubot	POCKET 3	480	1170	204
Cubot	QUEST	720	1440	320
Cubot	QUEST LITE	720	1280	320
Cubot	R15	720	1520	320
Cubot	R15_PRO	720	1520	320
Cubot	R19	720	1520	320
Cubot	Rainbow	720	1280	320
Cubot	RAINBOW 2	720	1280	320
Cubot	TAB 10	1200	1920	320
Cubot	TAB 20	800	1280	213
Cubot	TAB 40	1200	2000	240
Cubot	TAB 50	1200	2000	220
Cubot	TAB 60	800	1280	213
Cubot	TAB 65	800	1280	150
Cubot	TAB KINGKONG	1200	1920	280
Cubot	TAB KINGKONG 2	1200	1920	200
Cubot	TAB_70	800	1280	200
Cubot	X100	720	1640	260
Cubot	X19	1080	1920	480
Cubot	X19_S	1080	2160	480
Cubot	X20	1080	2340	480
Cubot	X20_PRO	1080	2340	480
Cubot	X30	1080	2310	480
Cubot	X30P	1080	2310	400
Cubot	X50	1080	2400	480
Cubot	X70	1080	2408	400
Cubot	X90	1080	2400	400
Custom	Ares	720	1560	320
Custom	K-Ranger	480	800	240
Custom	P-Ranger	720	1280	320
CVTE	CVTE SA12	2160	3840	480
CVTE	general_3576	2160	3840	480
CVTE	general_camera_broad	2160	3840	480
CWELL	M10	800	1280	160
CWOWDEFU	C10W_EEA	800	1280	180
CWOWDEFU	C18W	800	1280	160
CWOWDEFU	C18W_EEA	800	1280	160
CWOWDEFU	C28	600	1024	200
CWOWDEFU	C29_C_EEA	1200	1920	240
CWOWDEFU	C73W_EEA	600	1024	160
CWOWDEFU	C77W	600	1024	160
CWOWDEFU	C77W_EEA	600	1024	160
CWOWDEFU	C82W	800	1280	213
CWOWDEFU	C82W_EEA	800	1280	213
CWOWDEFU	C84W	800	1280	180
CWOWDEFU	C86W_EEA	600	1024	160
CWOWDEFU	F12W	800	1280	160
CWOWDEFU	F13W	800	1280	213
CWOWDEFU	F13W_EEA	800	1280	213
CWOWDEFU	F35W	800	1333	160
CWOWDEFU	F80W	1200	1920	240
CWOWDEFU	F80W_EEA	1200	1920	240
CWOWDEFU	F81L_EEA	1200	1920	320
CWOWDEFU	P12W	800	1280	160
CWOWDEFU	P12W_EEA	800	1280	160
CWOWDEFU	P15W	800	1280	160
CWOWDEFU	P15W_EEA	800	1280	160
CWOWDEFU	P16-C	1200	1920	280
CWOWDEFU	P25L	800	1280	240
CWOWDEFU	P35W	1200	1920	240
CWOWDEFU	P35W_EEA	1200	1920	240
CWOWDEFU	P38W	1200	2000	240
CWOWDEFU	P38W_EEA	1200	2000	240
CWOWDEFU	P50L_EEA	1200	2000	320
CWOWDEFU	P80L	800	1280	240
CWOWDEFU	S18 EEA	1080	2408	480
CWOWDEFU	S28	720	1600	320
CX Argentina	CX9011	600	1024	160
cypher	Cypher_C10	720	1612	320
cypher	Cypher_C20	720	1600	480
cypher	Cypher_C50	720	1600	320
cypher	Cypher_C70	1080	2400	480
Cyrus	CM17	320	480	132
Cyrus	CM17XA_EEA	320	480	160
Cyrus	CS22	720	1280	320
Cyrus	CS22XA	720	1280	320
Cyrus	CS22XA_EEA	720	1280	320
Cyrus	CS40	720	1280	320
Cyrus	CS45XA	1080	1920	480
Cyrus	CS45XA_EEA	1080	1920	480
CZ Electronics	M3CRD	320	480	160
CZ Electronics	M5CRD	480	854	240
D-Tech	D5L	720	1440	300
D-Tech	D5S	720	1600	320
D-Tech	DT07	600	1024	213
D-Tech	DT08-TAB4G	800	1280	213
D-Tech	DT10-TAB4G	800	1280	213
D-Tech	DT10-TAB4G-T101	800	1280	213
D-Tech	LM-01	800	1280	160
d.light	M100	720	1280	320
d.light	M200A	480	854	240
DABLIU	E13R	2160	3840	420
DABLIU	E13R_B65G	2160	3840	420
DABLIU	E1M	2160	3840	420
Daelim_System	Daelim System_IFPD	2160	3840	420
Daewoo	DW-TN7RK16	600	1024	160
Daewoo	Neon	720	1560	320
Daewoo	X7	720	1560	320
Daewoo	X9	720	1600	320
DAIYU	MBTWDY01	1080	1920	213
DAMASCO	DAMASCO MOBILE SERIE M-300 VISION	1080	2460	480
DAMASCO	SERIE_M_100	720	1640	320
DAMASCO	SERIE_M_200	720	1604	320
DAMASCO	TAB-T101-4	800	1280	213
DAMASCO	TAB-T104-6	1200	2000	240
DAMASCO	TAB-T126-8	1600	2560	360
DAMASCO	TAB-T537-10	800	1280	160
DAMASCO	TAB-T863-3	800	1280	213
DANDOON	A2	1200	1920	280
Danew	D809ProPlus	800	1280	160
Danew	Dbook112_EEA	800	1280	160
Danew	Dbook_110_EEA	600	1024	160
Danew	Dbook_111	800	1280	160
Danew	Dslide 1013QC	600	1024	160
Danew	Dslide1013QC_V4	600	1024	160
Danew	Dslide1016_V2_EEA	800	1280	213
Danew	Dslide1019	800	1280	213
Danew	Dslide716	600	1024	160
Danew	Dslide807	800	1280	160
Danew	Dslide808	800	1280	160
Danew	Dslide_1020	1200	1920	280
Danew	Dslide_1020M	1200	1920	280
Danew	Dslide_1020Pro_EEA	1200	1920	240
Danew	Dslide_1021_EEA	800	1280	160
Danew	Dslide_1025V2_EEA	1200	1920	280
Danew	Dslide_1095_EEA	800	1280	160
Danew	Dslide_113	800	1280	160
Danew	Dslide_114	1200	1920	200
Danew	Dslide_115_EEA	1200	1920	240
Danew	Dslide_116_EEA	800	1280	160
Danew	Dslide_117	800	1280	200
Danew	Dslide_809	800	1280	160
Danew	Dslide_809Pro_EEA	800	1280	213
Danew	G27	640	1280	320
Danew	Konnect 556	720	1440	320
Danew	konnect 601	720	1280	320
Danew	Konnect_509	480	854	240
Danew	Konnect_557	720	1440	320
Danew	Konnect_607	600	1280	320
Danew	Konnect_608	720	1560	320
Danew	Konnect_660	720	1612	320
Dany	MAXX_05	600	1024	213
Dany	Signature-S8	800	1280	213
Daria	hormoz	1220	2712	480
Daria	qoqnoos	1080	2436	440
Daria	zahedan	1080	2400	440
Datalogic	Datalogic MEMOR 10	720	1280	320
Datalogic	Joya Touch 22	480	854	240
Datalogic	MEMOR 1	480	854	240
Datalogic	MEMOR 11	720	1280	320
Datalogic	Memor 17	1080	2160	480
Datalogic	Memor 20	1080	2160	440
Datalogic	Memor 30/30X	1080	2160	480
Datalogic	Memor K25	480	800	240
Datalogic	Skorpio X5	480	800	240
Datamini	K508101	800	1280	160
Datamini	T1004G	1200	1920	213
Datamini	T104G	800	1280	160
Datamini	T104G_T610	800	1280	160
Datamini	T104G_T618_A14	1200	1920	280
Datamini	T115G	1200	1920	240
Datamini	T8004G	800	1280	213
Datamini	T84G	800	1280	213
Datamini	T84G_T310_332	800	1280	213
Datamini	TPOS74G-IGF720	600	1024	160
Datecs	BlueCash_05S	480	480	160
DayMark	IT119345	1200	1920	240
DayMark	IT119411	1200	1920	240
DCG-INSPIRATECH	DCG-N10	800	1280	160
Dcode	Cypher	720	1600	320
Dcode	DS-CL4	720	1600	480
Dcode	DS-X1	1080	2400	480
Dcode	DS_BD1	720	1600	320
Dcode	DS_BD2	720	1600	320
Dcode	DS_CL1	720	1600	320
Dcode	DS_CL2_Lite	720	1600	320
Dcode	DS_CL2_Pro	720	1600	320
Dcode	DS_CL4_Lite	720	1612	320
Dcode	DS_CL4_Pro	720	1612	480
Dcode	DS_CL_Evo	720	1600	320
Dcode	DS_CL_Prime	720	1600	480
Dcode	DS_CL_X	720	1612	320
Decenta	OPS_A012_D	2160	3840	320
DeepHub	DeepHub Pro	2160	3840	320
DeepHub	DeepHub Ultimate	2160	3840	480
DEERTiME	E10_EEA	600	1024	160
DEERTiME	E11_EEA	800	1340	213
DEERTiME	E11_US	800	1340	213
DEERTiME	E15_EEA	800	1280	160
DEERTiME	E15_US	800	1280	160
DEERTiME	E15_V_EEA	800	1280	213
DEERTiME	E15_V_US	800	1280	213
DEERTiME	E6_EEA	800	1280	160
DEERTiME	E6_US	800	1280	160
DEERTiME	E9-EU	800	1280	213
DEERTiME	E9-W	800	1280	213
DEERTiME	E9_EEA	800	1280	160
DEERTiME	E9_US	800	1280	160
Dell	Venue 7	800	1280	213
Dell	Venue 8	800	1280	213
Dell	Venue 8	1600	2560	320
Dengo	Dengo D25	720	1612	320
Denso Wave	BHT-1700BWB-A7	480	800	240
Denso Wave	BHT-1700QWB-1-A7	480	800	240
Denso Wave	BHT-1700QWB-2-A7	480	800	240
Denso Wave	BHT-1700QWBG-1-A7	480	800	240
Denso Wave	BHT-1800QWB-1-A7	720	1280	320
Denso Wave	BHT-1800QWBG-1-A7	720	1280	320
Denso Wave	BHT-M60-QW-A10	480	800	240
Denso Wave	BHT-M60-QWG-A10	480	800	240
Denso Wave	BHT-M70-QW-A10	480	800	240
Denso Wave	BHT-M70-QWG-A10	480	800	240
Denso Wave	BHT-M80-QW-A10	720	1280	320
Denso Wave	BHT-M80-QWG-A10	720	1280	320
Denso Wave	X-N10	720	1280	320
denver	TIO_10525_EEA	800	1280	160
denver	TIO_80	800	1280	213
denver	TIO_80115KBUP_EEA	800	1280	213
Denver Electronics	SCQ-50001G	480	960	240
Denver Electronics	TAQ-10	600	1024	160
Denver Electronics	TAQ-102	600	1024	160
Denver Electronics	TAQ-104A	600	1024	160
Denver Electronics	TAQ70	600	1024	160
Denver Electronics	TAQ_10G	600	1024	160
Denver Electronics	TIQ-102	800	1280	160
Denver Electronics	TIQ-1044	800	1280	160
Denver Electronics	TIQ-1049	800	1280	160
Denver Electronics	TIQ-70	600	1024	160
Denver Electronics	TIQ_1048	800	1280	160
DEPLAY	BS101_EEA	800	1280	160
DEPLAY	BS703_EEA	600	1024	160
DEPLAY	BS801	800	1280	213
DEPLAY	E101GCM	800	1280	200
DEPLAY	E108GCM	800	1280	180
DEPLAY	LITE4_EEA	600	1024	160
DEPLAY	PRO4	800	1280	213
Deutsche Telekom	T Phone	720	1600	280
Deutsche Telekom	T Phone 2	1080	2408	480
Deutsche Telekom	T Phone 2 Pro	1080	2436	480
Deutsche Telekom	T Phone 3	1080	2408	480
Deutsche Telekom	T Phone 3 Pro	1080	2392	480
Deutsche Telekom	T Phone Pro	720	1640	280
Deutsche Telekom	T Phone Pro (2023)	720	1640	280
Deutsche Telekom	T Phone （2023）	720	1600	280
Deutsche Telekom	T Tablet	1200	2000	240
Deutsche Telekom	T Tablet 2	1200	1920	320
DEVOPS	DEVOPS	2160	3840	480
DEWSOD	C9	1200	2000	240
DEXP	A.350	480	854	213
DEXP	A160	480	960	213
DEXP	A250	480	960	240
DEXP	A360	720	1440	320
DEXP	A440	480	800	240
DEXP	A455	480	960	240
DEXP	A555	480	960	213
DEXP	AL250	480	960	240
DEXP	AS155	720	1440	320
DEXP	AS360	720	1520	320
DEXP	B11	800	1280	213
DEXP	B18	800	1280	240
DEXP	B21	800	1280	160
DEXP	B27	600	1024	213
DEXP	B28	800	1280	240
DEXP	B31	800	1280	213
DEXP	B38	800	1280	213
DEXP	BL150	720	1280	320
DEXP	BL155	480	960	213
DEXP	BL160	720	1440	320
DEXP	BL250	720	1280	320
DEXP	BL350	480	854	240
DEXP	C18	800	1280	213
DEXP	C37	800	1280	213
DEXP	C38	800	1280	213
DEXP	D11	800	1280	213
DEXP	D21	1200	2000	320
DEXP	DEXP M110	1200	1920	240
DEXP	DEXP M210	1200	1920	240
DEXP	DEXP S110	1200	1920	320
DEXP	E110	800	1280	160
DEXP	E180	800	1280	160
DEXP	E210	800	1280	160
DEXP	EX111	1080	1920	240
DEXP	G450	480	854	240
DEXP	G450 2021	480	854	220
DEXP	GL355	640	1280	320
DEXP	H110	800	1280	160
DEXP	H210	800	1280	160
DEXP	H270	600	1024	213
DEXP	H28	1200	1920	320
DEXP	H310	1200	1920	280
DEXP	H370	600	1024	160
DEXP	H410	1200	1920	280
DEXP	K11	800	1280	160
DEXP	K17	600	1024	213
DEXP	K18	800	1280	160
DEXP	K21	800	1280	160
DEXP	K28	800	1280	240
DEXP	K28_	800	1280	240
DEXP	K31	800	1280	213
DEXP	K31_	800	1280	213
DEXP	K38	800	1280	240
DEXP	K41	1200	1920	320
DEXP	K41_	1200	1920	320
DEXP	K48	1200	1920	320
DEXP	K51	800	1280	213
DEXP	K61	1200	1920	320
DEXP	L110	1200	1920	240
DEXP	L210	800	1280	160
DEXP	L270	600	1024	160
DEXP	L310i	800	1280	213
DEXP	L470	600	1024	213
DEXP	M170	600	1024	160
DEXP	N180i	800	1280	213
DEXP	N210	800	1280	213
DEXP	N280i	800	1280	213
DEXP	N310	800	1280	213
DEXP	N370	600	1024	213
DEXP	N380i	800	1280	213
DEXP	N410	800	1280	213
DEXP	N570	800	1280	240
DEXP	P11	800	1280	213
DEXP	P380i	800	1280	240
DEXP	P410	800	1280	213
DEXP	P510	800	1280	213
DEXP	Q110	1200	1920	280
DEXP	Q180	1200	1920	280
DEXP	Q210	1200	1920	280
DEXP	Q280	1200	1920	280
DEXP	Q310	1200	1920	280
DEXP	R110	800	1280	160
DEXP	R180	800	1280	213
DEXP	S270i	800	1280	160
DEXP	S280	800	1280	240
DEXP	S290	800	1280	160
DEXP	S370	600	1024	160
DEXP	S470	600	1024	213
DEXP	S570	600	1024	213
DEXP	S670	600	1024	160
DEXP	S770i	600	1024	160
DEXP	Senior	720	1280	320
DEXP	T155	720	1440	320
DEXP	T21	800	1280	213
DEXP	VA110	800	1280	240
DEXP	Z250	720	1280	320
DEXP	Z455	720	1440	320
DEYI	DEYI-10M18	800	1280	240
Dghrti	TAB20_EEA	800	1280	213
Dghrti	TAB20_US	800	1280	213
Dghrti	TAB30-EU	800	1280	213
Dghrti	TAB30-W	800	1280	213
Dghrti	TAB30_EEA	800	1280	160
Dghrti	TAB30_US	800	1280	160
Dghrti	TAB50_EEA	800	1280	160
Dghrti	TAB50_US	800	1280	160
DGTEC	11_inch_tablet	800	1280	160
DGTEC	DG101HSTB	800	1280	160
DGTEC	DG101SVCB	800	1280	200
DGTEC	DG101TBLS	800	1280	180
DIALN	G10	800	1280	200
DIALN	G65	720	1600	320
DIALN	Neo	720	1600	320
DIALN	Nova	720	1600	320
DIALN	S10	800	1280	200
DIALN	S8	800	1280	240
DIALN	X10 Pulse	800	1280	180
DIALN	X10G	800	1280	200
DIALN	X10ULTRA	800	1280	200
DIALN	X62	720	1520	320
DIALN	X62S	720	1520	320
DIALN	X65	720	1600	320
DIALN	X68	720	1600	320
DIALN	X8G	800	1280	240
DIALN	X8ULTRA	800	1280	240
Diamond	MC32020	720	1440	320
Dicle	Dicle Tab Kpad	1200	2000	320
Dicle	Dicle Tab Lite 10.5 M	800	1280	210
Dicle	DicleTab iPlay40 Pro	1200	2000	320
Dicle	DTABC2	800	1280	213
Dicle	DTABPLUS	1200	1920	240
Dicle_Tab	Dicle Tab Active S	1200	1920	320
Dicle_Tab	Dicle Tab MyPen P1	1200	1920	320
Dicle_Tab	Dicle Tab U1008	1280	1920	320
Dicle_Tab	Dicle Tab Ultra	1200	2000	320
Dicle_Tab	Dicle_Tab_Active	1200	1920	320
DiDi (Japan)	DDT-001	720	1280	240
DIDIK	DT24Plus	800	1280	160
DIDIK_TAB	DT24	800	1280	160
Digi	Digi C1	720	1280	320
Digi	Digi C2	720	1560	320
Digi	Digi R1	720	1440	320
Digi	Digi R2	720	1560	320
Digi	Digi_K2_EEA	1080	2340	480
Digi	INFINITY MAX	720	1600	320
Digicel	Digi K1	1080	2160	480
Digicel	Digicel DL4	720	1440	320
Digicel	DL3	480	960	240
Digicel	DL3Plus	720	1520	360
Digicel	DL3PlusPro	720	1520	320
Digicel	DL4_Plus	720	1600	280
Digicel	DL4s_TC	480	960	200
Digicel	DL5_Pro	480	960	213
Digicom	V7_LTE	600	1024	213
Digidragon	708Z	600	1024	160
Digidragon	DS571	540	1140	240
Digidragon	DS6018	720	1612	320
Digidragon	DS6261	480	1014	220
DigiLand	Compumax Blue	800	1280	160
DigiLand	DC-7015	600	1024	160
DigiLand	Digiland_mid1032_mr	800	1280	160
DigiLand	DL1016	800	1280	160
DigiLand	DL1036	800	1280	200
DigiLand	DL1039	800	1280	160
DigiLand	DL1050	800	1280	160
DigiLand	DL7006	600	1024	160
DigiLand	DL718M	600	1024	160
DigiLand	DL8006	800	1280	213
DigiLand	DL9002	600	1024	160
DigiLand	DL9003mk	600	1024	160
DigiLand	H10XS	800	1280	200
DigiLand	ismart	800	1280	160
DigiLand	Leotec	800	1280	160
DigiLand	ONN	600	1024	160
DigiLand	R11	800	1280	160
DigiLand	SLTDVD1023	600	1024	160
DigiLand	TPC-705Kids_EEA	600	1024	160
Digit	D0068	720	1600	320
Digit	DIGIT INFINITY	720	1600	320
Digit	Digit_Glory	480	854	240
Digit	Digitplay1	720	1560	320
Digit	NOTE 14	720	1600	320
Digit	NOTE 20	720	1612	280
digITS	T1	800	1280	213
Digma	1402D_4G	1200	1920	240
Digma	CITI_1312C_4G	1200	1920	280
Digma	CITI_13_X703_4G	1080	1920	240
Digma	CITI_1590_3G_CS1207MG	800	1280	160
Digma	CITI_1593_3G_CS1210MG	800	1280	160
Digma	CITI_7586_3G	600	1024	160
Digma	CITI_7591_3G_CS7208MG	800	1280	160
Digma	CITI_8443E_4G	1200	1920	280
Digma	CITI_8589_3G_CS8206MG	800	1280	160
Digma	CITI_Kids	600	1024	160
Digma	CITI_Kids_10	800	1280	213
Digma	CITI_Kids_81_CS8233MG	800	1280	213
Digma	CITI_Octa_10_CS1219PL	1200	1920	280
Digma	CS1235PL	800	1280	213
Digma	CS7113PL	800	1280	240
Digma	CS7204MG	800	1280	160
Digma	CS7217PL	1200	1920	280
Digma	CS7234PL	1200	1920	320
Digma	CS8205PG	800	1280	240
Digma	CS8218PL	1200	1920	320
Digma	CS8231PL	800	1280	213
Digma	CS8268PL	1200	1920	320
Digma	DIGMA CITI 1508 4G CS1114ML	1200	1920	320
Digma	DIGMA CITI 1576 3G CS1194MG	800	1280	160
Digma	DIGMA CITI 1577 3G CS1195MG	800	1280	160
Digma	DIGMA CITI 1578 4G CS1196ML	800	1280	160
Digma	DIGMA CITI 3000 4G CS3001ML	1080	1920	240
Digma	DIGMA HIT Q401 3G HT4039PG	480	800	240
Digma	DIGMA LINX BASE 4G LT5052ML	480	960	240
Digma	DIGMA LINX PAY 4G LS5053ML	720	1440	320
Digma	DIGMA Optima 1023N 3G TS1186MG	800	1280	160
Digma	DIGMA Optima 1025N 4G TS1190ML	800	1280	213
Digma	DIGMA Optima 1026N 3G TT1192PG	600	1024	160
Digma	DIGMA Plane 1523 3G PS1135MG	800	1280	160
Digma	DIGMA Plane 1525 3G PS1137MG	800	1280	160
Digma	DIGMA Plane 1538E 3G PS1150ML	1200	1920	320
Digma	DIGMA Plane 1550S 3G PS1163MG	800	1280	160
Digma	DIGMA Plane 1572N 3G PS1187MG	800	1280	160
Digma	Digma Plane 1584S 3G PS1201PG	800	1280	160
Digma	Digma Plane 1585S 4G PS1502PL	800	1280	213
Digma	DIGMA Plane 1713T 3G PT1138MG	600	1024	160
Digma	DIGMA Plane 1715T 4G PT1139PL	600	1024	160
Digma	Digma Plane 7580S 4G PS7192PL	600	1024	213
Digma	Digma Plane 8580 4G PS8199ML	800	1280	160
Digma	DIGMA Plane 9654M 3G PS9167PG	800	1280	213
Digma	Digma Platina 1579M 4G NS1800ML	1200	1920	240
Digma	G8_DA6B8P02	800	1280	213
Digma	K10_PLUS	800	1280	213
Digma	Odyssey	1440	2200	360
Digma	Optima 10 E600 3G TS1246PG	800	1280	213
Digma	Optima 1028 3G TS1215PG	800	1280	213
Digma	Optima 1411D 4G TS1273PL	800	1280	213
Digma	Optima 1440E 4G TS1269PL	1200	1920	320
Digma	Optima 7 A102 3G TS7243PG	600	1024	160
Digma	Optima 7 E200 3G TS7244PG	600	1024	160
Digma	Optima 8258C 4G TS8275ML	800	1280	213
Digma	Optima_10_A500S_3G_TS1220PG	800	1280	213
Digma	Optima_10_A502_3G_TS1245PG	800	1280	213
Digma	Optima_10_X702_4G	800	1280	213
Digma	Optima_1200B	800	1280	213
Digma	Optima_7_A100S_3G_TS7222PG	600	1024	160
Digma	Optima_7_A101_3G	600	1024	160
Digma	Optima_7_X700_4G	800	1280	213
Digma	Optima_8027_3G	800	1280	240
Digma	Optima_8250C	800	1280	213
Digma	Optima_8_X701_4G	800	1280	213
Digma	Optima_8_Z801_4G	1200	1920	240
Digma	Plane 7547S 3G PS7159PG	600	1024	160
Digma	Plane 8595 3G PS8212PG	800	1280	213
Digma	Plane_1596_3G_PS1213PG	800	1280	213
Digma	Plane_8548S_3G	800	1280	213
Digma	Plane_8549S_4G	800	1280	213
Digma	Pro 1480E 4G	1200	2000	280
Digma	PRO 1600E 4G	1200	2000	280
Digma	PRO 1800F 4G	1200	2000	280
Digma	PS7210PG	600	1024	213
Digma	PS8163PL	800	1280	240
Digma	R8	800	1280	213
Digma	RS1253PL	1200	2000	280
Digma	TS1221PL	800	1280	213
Digma	TS1229PL	1200	1920	240
Digma	TS1277ML	800	1280	213
Digma	TS7225PL	1200	1920	320
Digma	Z10	800	1280	213
DIGMA_PRO	Edge TA2D1M01	1200	1920	280
DIGMA_PRO	Edge TA3D1M01	1200	1920	280
DIGMA_PRO	Edge TA3E1M01	1200	1920	280
DIGMA_PRO	K16_EEA	800	1280	160
DIGMA_PRO	TA2D5P02	1200	1920	280
DIGMA_PRO	TA3E2M03	1600	2560	320
DIGMA_PRO	Zenith_II	1200	1920	280
DIJITSU	DCT 90	720	1600	320
DIJITSU	Smart A11s	720	1600	320
DingDong	IB101F_UAG	1200	1920	280
Dish	Celero 5G	720	1600	300
Dish	Celero 5G 2.0	720	1600	280
Dish	Celero3 5G	720	1600	280
Dish	Celero3 5G+	1080	2460	400
Dish	Celero5G SC	720	1612	280
Dish	CSSL104DBL16	480	960	200
Dish	EU001	480	800	200
Dish	SL201D	720	1440	320
Dish	Summit 5G	720	1612	280
Disney	DISNEYTAB	800	1280	160
Disney	Frozen_G9	600	1024	160
Disney Pixar	Toy_story	600	1024	160
Ditecma	M1092R	800	1280	160
Ditecma	M1092RV5	1200	1920	240
Ditecma	XP	1080	2400	480
Diva	T10K_Plus	800	1280	213
Diva	T7K_PLUS_SE3_EEA	600	1024	160
Dixon	DFM48	480	960	200
Dixon	DN6023D	480	960	213
Dixon	DN6901	720	1640	320
Dixon	L-5	442	960	240
Dixon	L1	720	1560	320
Dixon	S5790	720	1520	300
Dixon	S90	720	1560	320
Dixon	TS-M105D	800	1280	180
Dixon	TS-M105D-MKII	800	1280	180
Dixon	TS-M105G-1	800	1280	160
Dixon	TS-M704F-1	800	1280	160
Dixon	TS-M704G	800	1280	238
Dixon	TS_M103A	1200	1920	240
DL	3420	600	1024	160
DL	Creative kids	600	1024	160
DL	Creative Kids	600	1024	160
DL	Creative Tab	600	1024	160
DL	Horizon Tab T10	800	1280	160
DL	Mobi Tab	600	1024	160
DL	Sabichões	600	1024	160
DL	TabFácil	768	1024	160
DL	TabKids Plus	600	1024	160
DL	Tablet_DL_3724	600	1024	160
DMOAO	D11_EEA	1200	2000	240
DMOAO	D3_EEA	800	1280	160
DMOAO	D3_US	800	1280	160
DMOAO	D3_V_EEA	800	1280	213
DMOAO	D3_V_US	800	1280	213
DMOAO	D5-T-EEA	800	1280	180
DMOAO	D5-T-US	800	1280	180
DMOAO	D5_EEA	800	1280	160
DMOAO	D5_US	800	1280	160
DMOAO	D6_EEA	600	1024	160
DMOAO	D6_US	600	1024	160
DMOAO	D7_EEA	800	1280	160
DMOAO	D7_US	800	1280	160
DMOAO	DMOAO_D2_EEA	800	1280	200
DMOAO	DMOAO_D2_US	800	1280	200
DO Mobile	Mate6 Pro	720	1612	320
Docomo	d-01J	1600	2560	400
Docomo	d-01K	1200	1920	240
Docomo	d-02K	1200	1920	320
DOEL	TT 7.0	800	1280	320
DOMATON	D102	800	1280	213
DOMATON	D718	600	1024	160
DOMATON	K111	800	1280	160
DOMATON	MID_1099IPS	800	1280	160
DOMATON	Ocean_K10	800	1280	160
DOMO	M90	800	1280	213
DOMO	Slate	1200	1920	280
DOMO	Slate_F11	800	1280	213
Doogee	B10	900	2000	420
Doogee	B10 Pro	900	2000	420
Doogee	BL12000	1080	2160	480
Doogee	BL5000	1080	1920	480
Doogee	BL5500_Lite	720	1500	320
Doogee	BL7000	1080	1920	480
Doogee	Blade GT	1080	2400	480
Doogee	Blade GT Play	1080	2400	480
Doogee	Blade GT Pro	1080	2400	480
Doogee	Blade GT Ultra	1080	2400	480
Doogee	Blade10	720	1612	320
Doogee	Blade10 Energy	720	1612	320
Doogee	Blade10 Max	720	1612	320
Doogee	Blade10 Power	720	1612	320
Doogee	Blade10 Pro Energy	720	1612	320
Doogee	Blade10 Ultra	720	1612	320
Doogee	Blade10 Ultra Energy	720	1612	320
Doogee	Blade20	720	1612	320
Doogee	Blade20 Max	720	1612	320
Doogee	Blade20 Play	720	1612	320
Doogee	Blade20 Pro	720	1612	320
Doogee	Blade20 Turbo	720	1612	320
Doogee	Blade20 Ultra	720	1612	480
Doogee	DK10	1080	2400	480
Doogee	F10S	720	1612	320
Doogee	Fire 3	720	1440	320
Doogee	Fire 3 Max	720	1440	320
Doogee	Fire 3 Pro	720	1440	320
Doogee	Fire 3 Ultra	720	1440	320
Doogee	Fire 5	720	1612	320
Doogee	Fire 5 Pro	720	1612	320
Doogee	Fire 5 Ultra	720	1612	320
Doogee	Fire 6 Max	1080	2400	480
Doogee	Fire 7	720	1612	320
Doogee	Fire 7 Max	720	1612	320
Doogee	Fire 7 Pro	720	1612	320
Doogee	Fire_6	720	1612	320
Doogee	Fire_6_Power	720	1612	320
Doogee	M30	720	1640	320
Doogee	M30 Max	720	1640	320
Doogee	Mix	720	1280	320
Doogee	MIX Lite	720	1280	320
Doogee	N10	1080	2280	480
Doogee	N100	1080	2160	480
Doogee	N20	1080	2280	480
Doogee	N20Pro	1080	2280	480
Doogee	N30	720	1600	320
Doogee	N40Pro	720	1600	320
Doogee	N50	720	1600	320
Doogee	N50Pro	720	1600	320
Doogee	N50S	720	1600	320
Doogee	N55	720	1612	320
Doogee	N55 Plus	720	1612	320
Doogee	N55 Pro	720	1612	320
Doogee	N55S	720	1612	320
Doogee	Note 56	720	1612	320
Doogee	Note 56X	720	1612	320
Doogee	Note 58	720	1600	320
Doogee	Note 59	720	1600	320
Doogee	Note56 Lite	720	1612	320
Doogee	Note56 Plus	720	1612	320
Doogee	Note56 Pro	720	1612	320
Doogee	Note56 X	720	1612	320
Doogee	Note56X Pro	720	1612	320
Doogee	Note58 Pro	720	1600	320
Doogee	Note59 Pro	720	1600	320
Doogee	Note59 Pro+	720	1600	320
Doogee	P3Mini Kid	1200	1920	280
Doogee	R08	800	1280	200
Doogee	R10	1200	2000	240
Doogee	R20	1200	2000	240
Doogee	S cyber	1080	2408	480
Doogee	S cyber Pro	1080	2408	480
Doogee	S punk	1080	2408	480
Doogee	S punk Pro	1080	2408	480
Doogee	S100	1080	2408	480
Doogee	S100Pro	1080	2408	480
Doogee	S110	1080	2408	480
Doogee	S118	1080	2408	480
Doogee	S118 Pro	1080	2408	480
Doogee	S119	1080	2400	480
Doogee	S200	1080	2400	480
Doogee	S200 E	1080	2400	480
Doogee	S200 Max	1080	2400	480
Doogee	S200 Plus	1080	2400	480
Doogee	S200 Ultra	1080	2400	480
Doogee	S200 X	1080	2400	480
Doogee	S30	720	1280	320
Doogee	S300 Plus	1080	2460	480
Doogee	S300 Plus Thermal	1080	2460	480
Doogee	S300 Pro	1080	2460	480
Doogee	S35	720	1280	320
Doogee	S35_RU	720	1280	320
Doogee	S35Pro	720	1280	320
Doogee	S35T	720	1280	320
Doogee	S40	480	960	240
Doogee	S40Lite	480	960	240
Doogee	S40Pro	720	1440	320
Doogee	S41	720	1440	320
Doogee	S41 Max	720	1440	320
Doogee	S41 Plus	720	1440	320
Doogee	S41Pro	720	1440	320
Doogee	S50	720	1440	320
Doogee	S51	1080	2248	480
Doogee	S55	720	1440	320
Doogee	S55_Lite	720	1440	320
Doogee	S58Pro	720	1520	320
Doogee	S59	720	1520	320
Doogee	S59Pro	720	1520	320
Doogee	S60	1080	1920	480
Doogee	S60 Lite	1080	1920	480
Doogee	S60Lite	1080	1920	480
Doogee	S61	720	1440	320
Doogee	S61Pro	1080	2248	480
Doogee	S68Pro	1080	2280	480
Doogee	S70	1080	2160	480
Doogee	S70Lite	1080	2160	480
Doogee	S80	1080	2160	480
Doogee	S80Lite	1080	2160	480
Doogee	S86	720	1560	320
Doogee	S86Pro	720	1560	320
Doogee	S88Plus	1080	2340	480
Doogee	S88Pro	1080	2340	480
Doogee	S89	1080	2340	480
Doogee	S89Pro	1080	1920	480
Doogee	S90C	1080	2246	480
Doogee	S90Pro	1080	2246	480
Doogee	S95	1080	2340	480
Doogee	S95Pro	1080	2340	480
Doogee	S96GT	1080	2248	480
Doogee	S97Pro	1080	1920	484
Doogee	S98	1080	2248	480
Doogee	S98Pro	1080	2248	480
Doogee	S99	1080	2340	480
Doogee	Shoot_ 1	1080	1920	480
Doogee	Smini	480	1170	240
Doogee	T10	1200	1920	280
Doogee	T10 Pro	1200	1920	280
Doogee	T10E	800	1280	213
Doogee	T10Plus	1200	1920	280
Doogee	T10S	1200	1920	280
Doogee	T10W	800	1280	213
Doogee	T20	1200	2000	280
Doogee	T20Mini	1200	1920	280
Doogee	T20Mini Pro	1200	1920	280
Doogee	T20S	1200	2000	280
Doogee	T20Ultra	1200	2000	280
Doogee	T30 Max	1600	2560	320
Doogee	T30 SE	1200	1920	280
Doogee	T30E	800	1280	213
Doogee	T30Pro	1600	2560	320
Doogee	T30S	1200	1920	280
Doogee	T30Ultra	1600	2560	320
Doogee	T36	1200	2000	280
Doogee	T40	1600	2560	320
Doogee	T40 Pro	1200	2000	280
Doogee	Tab A9	800	1280	213
Doogee	Tab A9 Pro	800	1280	213
Doogee	Tab A9 Pro+	800	1280	213
Doogee	Tab A9+	800	1280	213
Doogee	Tab E3	1200	1920	240
Doogee	Tab E3 Max	1400	2240	240
Doogee	Tab E3 Max	1440	2160	280
Doogee	Tab E3 Pro	1200	1920	240
Doogee	Tab E3+	1200	2000	240
Doogee	Tab G5	800	1280	213
Doogee	Tab G6	800	1280	213
Doogee	Tab G6 Max	1200	1920	280
Doogee	Tab G6 Pro	1200	2000	240
Doogee	Tab G6+	1200	1920	320
Doogee	U10	800	1280	186
Doogee	U10 Pro	800	1280	186
Doogee	U10KID	800	1280	186
Doogee	U11	800	1280	213
Doogee	U11 Kid	800	1280	213
Doogee	U11 Pro	800	1280	213
Doogee	U12	1200	2000	280
Doogee	U13	1200	1920	280
Doogee	U9	800	1280	186
Doogee	U9 Kid	800	1280	186
Doogee	V MAX	1080	2408	480
Doogee	V Max 2 Pro	1080	2460	480
Doogee	V Max LR	1080	2460	480
Doogee	V Max Play	1080	2460	480
Doogee	V Max Plus	1080	2408	480
Doogee	V Max Pro	1080	2408	480
Doogee	V Max S	1080	2408	480
Doogee	V Pad	1200	2000	240
Doogee	V10	720	1560	320
Doogee	V20	1080	2400	480
Doogee	V20Pro	1080	2400	480
Doogee	V20S	1080	2400	480
Doogee	V30Pro	1080	2408	480
Doogee	V30T	1080	2408	480
Doogee	V31GT	1080	2408	480
Doogee	V40	1080	2460	480
Doogee	V40 Pro	1080	2460	480
Doogee	V50	1080	2460	480
Doogee	V50 Ultra	1080	2460	480
Doogee	VPad Pro	1200	1920	280
Doogee	X10	480	854	240
Doogee	X100	720	1280	320
Doogee	X11	480	854	240
Doogee	X20	720	1280	320
Doogee	X20L	720	1280	320
Doogee	X30	720	1280	320
Doogee	X5 MAX	720	1280	320
Doogee	X5 max pro	720	1280	320
Doogee	X50	480	960	240
Doogee	X50L	480	960	240
Doogee	X53	480	960	240
Doogee	X55	640	1280	320
Doogee	X60	480	960	240
Doogee	X60L	640	1280	320
Doogee	X6pro	720	1280	320
Doogee	X70	540	1132	240
Doogee	X7Pro	720	1280	320
Doogee	X80	720	1440	320
Doogee	X90	600	1280	240
Doogee	X90L	600	1280	240
Doogee	X93	600	1280	240
Doogee	X95	540	1200	240
Doogee	X95i	720	1600	320
Doogee	X95Pro	540	1200	240
Doogee	X96	720	1600	320
Doogee	X96Pro	720	1600	320
Doogee	X97	720	1440	320
Doogee	X97Pro	720	1440	320
Doogee	X98	720	1600	320
Doogee	X98Pro	1080	2248	480
Doogee	Y7Plus	1080	2246	480
Doogee	Y8	600	1280	240
Doogee	Y8C	600	1280	240
Doogee	Y8plus	720	1520	320
Doogee	Y9Plus	1080	2280	480
Doppio	Doppio Capuchino	540	1200	220
Doro	Doro 8031	480	854	240
Doro	Doro 8035	720	1280	320
Doro	Doro 8040	720	1280	320
Doro	Doro 8042	720	1280	320
Doro	Doro 8100	720	1560	320
Doro	Doro 8200	720	1560	320
Doro	Doro 824	720	1280	320
Doro	Doro Aurora A10	720	1280	320
Doro	Doro Aurora A20	720	1280	320
Doro	Doro Aurora A30	720	1560	320
Doro	Doro Tablet	1200	2000	280
Doro	DSB-0220	720	1440	320
Doro	DSB-0230	720	1440	320
Doro	Liberto 820	540	960	240
Doro	Liberto 820 Mini	480	800	240
Doro	Liberto 822 / 8030	480	854	240
DOUNDY	DA10	800	1280	200
Dragontouch	Dragon_Touch	1200	1920	240
Dragontouch	DragonTouch	1200	1920	320
Dragontouch	KidzPad_Y88X_8	800	1280	213
Dragontouch	MAX_10_eea	1200	1920	240
Dragontouch	Notepad-K10	800	1280	213
Dragontouch	Notepad102	800	1280	213
Dragontouch	Notepad102_EEA	800	1280	213
Dragontouch	NotePad_102	800	1280	180
Dragontouch	Notepad_Go_801	800	1280	213
Dragontouch	NotePad_Y80	800	1280	160
Dragontouch	NotepadGo801	800	1280	213
Dragontouch	S10M	600	1024	160
Dragontouch	T10M	1200	1920	320
Dragontouch	T12M	1200	1920	320
Dragontouch	T12M_EEA	1200	1920	272
Dragontouch	X10	768	1366	160
Dragontouch	X7	600	1024	160
Dragontouch	Y80	800	1280	160
Dragontouch	Y88X__PLUS	600	1024	160
Dragontouch	Y88X_PRO_EEA	600	1022	160
Dreame	Dreame Smartphone E1	1080	2400	480
DreamMaker	DreamMaker	800	1280	160
DREAMTECH	DTECH10	800	1280	180
DREAMTECH	KIDDOTAB10	800	1280	180
DREAMTECH	KIDDOTAB8	800	1280	213
DREAMTECH	STARPAD	800	1280	213
DREAMTECH	STARPAD_PLUS	800	1280	213
DREAMTECH	VOLTA_X	800	1280	213
DSIC	Mobilebase DS50	480	800	240
DSIC	Mobilebase DS6	720	1280	320
DSIC	Mobilebase DS60S	720	1440	320
DSIC	RD86QE	1200	1920	320
DTAB	TK_P617_3_3Ghz	1200	1920	320
Dtac	Phone X3	1080	1920	480
DTResearch	DA323EO	1080	1920	160
DUNHOO	UPad2	800	1280	213
Dunns	Dunns Pulse Pro	720	1600	320
DUODUOGO	S10	800	1280	160
DUODUOGO	S10_EEA	800	1280	160
DUODUOGO	S7_EEA	800	1332	160
DUODUOGO	S8	800	1280	160
DUODUOGO	Tab_A7	800	1280	213
DUODUOGO	TAB_S2_EEA	800	1280	213
Duubee	DT1052	1200	1920	280
E-LEAD	_712_TAM1A_RSE	800	1280	160
E-LEAD	RSE	1080	1920	240
E-Tel	Q7	800	1280	213
E-Tel	Zen_One	720	1600	320
E-Wealth Mobile	E508	720	1440	320
E-Wealth Mobile	E5701	720	1520	320
e10 ETPad	ETPad	1200	1920	280
e4u(A)	TAB900	800	1280	213
EACHPAI	706	600	1024	213
EACHPAI	Q8	600	1024	160
EACRUGGED	EP500	720	1280	320
EACRUGGED	RG80	800	1280	213
EACRUGGED	Wolf10R	800	1280	240
Eaglesoar	E-764-EEA	600	1024	160
Eaglesoar	E10A_A15_EEA	800	1280	160
Eaglesoar	E_764_EEA	600	1024	160
Eaglesoar	EE-35_EEA	800	1280	213
Eaglesoar	EE-P30_EEA	800	1280	213
Eaglesoar	EE1010_EEA	800	1280	160
Eaglesoar	EE10A	800	1280	213
Eaglesoar	Z_766_EEA	600	1024	160
Easerush	P11	800	1280	213
Easerush	P13	1200	1920	280
Easerush	P7C-E	1200	2000	280
Easerush	P8-E	1200	1920	280
Easymer	K6m_EEA	800	1280	160
Easymer	K6Pro_EEA	800	1280	160
Easymer	X6_EEA	800	1280	160
Easymer	X6Pro_EEA	800	1280	160
EasyPhone	100	720	1440	320
EASYTECK	EK10	800	1280	160
EASYTECK	EK12	1200	2000	240
Echo Mobiles	MODELABS MOBILES	640	1280	280
ecom	Ex-Handy 10	320	432	160
ecom	Smart-Ex02	720	1280	320
ECONNECT	SQ126G	800	1280	160
ECOPAD	A30L1_US	800	1280	213
ECOPAD	A30Pro_A	800	1280	213
ECOPAD	C5L1_US	800	1280	213
ECOPAD	C5Pro_US	800	1280	213
ECOPAD	K90	1200	1920	280
Ecopower	EP-A100	1200	1920	280
ECS	TF10EA2	800	1280	160
ECS	TR10CS1	800	1280	160
ECS	TU11MK2	800	1280	160
Edong	1EY4G	800	1280	160
EDUTAB	EDUTAB_X1100S	1200	1920	280
EDUTAB	ELITE_10_PRO	1200	1920	240
efioo	efiootabn7a	600	1024	213
EGBOK	P803	800	1280	213
EGOBOO	EB101	800	1280	180
EGOBOO	EB104	1200	2000	280
EGOTEK	EGO1003	800	1280	160
EGOTEK	G10N	1200	1920	240
Ehlel	Defender	1080	1920	280
Ehlel	Ehlel C7 PRO	720	1640	320
Ehlel	HULAN21 PLUS	720	1600	320
Einstein	ENTAB3	800	1280	160
EJBOARD	EJ_IFPD	2160	3840	480
EKINOX	K5	540	1132	240
Ekron	DE-T414	1200	1920	320
Eks Mobility	S5LS	480	854	240
Eks Mobility	T4	480	960	213
Eks Mobility	X6	480	960	213
Eks Mobility	x7	600	1024	186
Eks Mobility	Z5	320	385	160
EL (Africa)	D58	720	1520	320
EL (Africa)	D60_Pro	600	1280	315
EL (Africa)	D68	720	1560	380
EL (Africa)	X60 Pro	720	1600	280
EL (Africa)	X70	720	1600	280
EL (Africa)	X80	720	1640	280
EL(elongmobile)	Pad-S11	800	1280	213
EL(elongmobile)	Pad_S7	800	1280	213
EL(elongmobile)	Pad_S8	1200	1920	240
ELDMandate	10BIZ332	800	1280	160
Elecson	Prime X	720	1640	340
Electroneum	electroneumM1	480	854	240
Elephone	A4	720	1512	320
Elephone	A4_Pro	720	1512	320
Elephone	A6_Max	720	1560	320
Elephone	A6_mini	720	1520	320
Elephone	A7H	720	1560	320
Elephone	E10	720	1560	320
Elephone	E10_Pro	720	1600	320
Elephone	P11	1080	2160	480
Elephone	PX	1080	2340	480
Elephone	PX_Pro	1080	2340	480
Elephone	Soldier	1440	2560	640
Elephone	U	1080	2160	480
Elephone	U3H	1080	2340	480
Elephone	U5	1080	2310	480
Elephone	U_Pro	1080	2160	480
Elephone	W3	720	1520	320
Elevate	G55_LITE	720	1440	320
Elevate	LUNA G5	720	1560	320
Elevate	LUNA G50	720	1560	320
Elevate	LUNA G58	720	1520	320
Elevate	LUNA G60	720	1440	320
Elevate	LUNA G60X	1080	2246	480
Elevate	LUNA G62	720	1500	320
Elevate	LUNA V55	720	1440	320
Elevate	LUNA V57	720	1440	320
Elevate	V55C	1080	1920	480
ELEVIA	Elevia E1	1080	2460	480
elevn	elevn_eTab	1200	1920	280
Elink	T201	1200	2000	320
ELO Touch	10-inch I-Series 5	1200	1920	240
ELO Touch	10in-I-Series-4	1200	1920	240
ELO Touch	10in-I-Series-4-Value	800	1280	160
ELO Touch	15in-I-Series-4	1080	1920	240
ELO Touch	15in-I-Series-4-USB-C	1080	1920	240
ELO Touch	15in-I-Series-4-USBC-V	1080	1920	240
ELO Touch	15in-I-Series-4-Value	1080	1920	240
ELO Touch	15in-I-Series-5	1080	1920	240
ELO Touch	15in-I-Series-5-USB-C	1080	1920	240
ELO Touch	22in-I-Series 4-Value	1080	1920	240
ELO Touch	22in-I-Series-4	1080	1920	240
ELO Touch	22in-I-Series-5	1080	1920	240
ELO Touch	Backpack-4	1080	1920	240
ELO Touch	Backpack-4-Value	1080	1920	240
ELO Touch	Backpack-5	1080	1920	240
ELO Touch	Elo-i3-15Std	1080	1920	160
ELO Touch	Elo-i3-PUCK	1080	1920	160
ELO Touch	I-Series 3.0 for Android	800	1280	160
ELO Touch	I-Series 3.0 for Android	1080	1920	160
ELO Touch	M50	720	1280	240
Ematic	EGQ101	800	1280	213
Ematic	PBS Kids PlayPad	600	1024	160
Ematic	PBSKD7200	600	1024	160
Emdoor	ARKENSTONE	720	1612	320
Emerson	EID-1400	1080	1920	320
Emerson	EID_1001	800	1280	160
Emerson	EID_1061	800	1280	213
Emerson	EID_1062	800	1280	160
Emerson	EID_9000	600	1024	160
Emporia	E5mini	480	960	240
Emporia	E6_EEA	1080	2408	480
Emporia	E6mini	720	1440	320
Emporia	E8-5G-v1_EEA	1200	2670	480
Emporia	Emporia SMART 3	720	1440	320
Emporia	emporiaSMART.7lite	720	1440	320
Emporia	S3mini	480	960	240
Emporia	S4i	480	960	240
Emporia	S5_EEA	720	1440	320
Emporia	SEi	480	960	240
Emporia	TAB1	1200	1920	240
Emtec	PBSKD7001	600	1024	160
ENACOM	PIXBA2019	800	1280	213
ENDO Lighting	FX438NA	600	1024	160
Energizer	EnergyE500	480	854	240
Energizer	H550S	1080	1920	480
Energizer	Hardcase H620S	720	1520	320
Energizer	Hardcase H621S	720	1520	320
Energizer	HARDCASEH500S	720	1280	320
Energizer	PowerMaxP490	480	960	240
Energizer	PowerMaxP490S_AP	480	960	240
Energizer	PowerMaxP490S_EU	480	960	240
Energizer	PowerMaxP550S	720	1280	320
Energizer	PowerMaxP600S	1080	2160	480
Energizer	U505S	480	854	200
Energizer	U506S	480	854	200
Energizer	U608S	720	1560	320
Energizer	U652S	720	1600	320
Energizer	U652S+	576	1280	240
Energizer	U683S	720	1640	280
Energizer	Ultimate U710S	1080	2244	480
ENIE	EH3	480	960	240
ENIE	ENIE_E2	480	854	240
ENIE	SKT119	800	1280	160
ENIE	SKT706	800	1280	213
ENIE	VT8216	800	1280	220
eNOVA	E10_View_Max	720	1600	320
eNOVA	N10	480	960	200
eNOVA	N50E	720	1600	320
eNOVA	N51	720	1600	480
eNOVA	T1081	800	1280	200
eNOVA	TAE08N10	800	1280	213
eNOVA	TAEI0C13	800	1280	213
Entity	ENT75QF620_EEA	600	1024	160
Entity	ENTG1011	800	1280	160
Entity	ENTITY_ERA_TAB_12	1600	2400	320
Entity	ENTITY_G10	800	1280	160
Entity	EntityG12Pro	1600	2560	240
Entity	G10_2IN1_GEN2	800	1280	160
Entity	G10XM	800	1280	160
Entity	HW304_HW291	1200	1920	240
ENV(EC)	A18	720	1600	480
ENV(EC)	A20	720	1600	480
ENV(EC)	ENV_Kidz_10	800	1280	160
ENV(EC)	ENV_Kidz_8	800	1280	160
ENV(EC)	ENV_note_20	720	1640	320
ENV(EC)	ENV_NOTE_X	720	1640	320
ENV(EC)	ENV_PAD_PRO	1600	2400	320
ENV(EC)	ENV_PAD_PRO_XS	800	1280	213
ENV(EC)	ENV_Spartan_GT99	1080	2460	480
ENV(EC)	ENV_TAB_Go	800	1280	160
ENV(EC)	ENV_TAB_Go_Pro	800	1280	213
ENV(EC)	NEO PRO MAX	720	1600	320
ENV(EC)	note 16	720	1640	480
EPI(Columbia)	TAB-001	800	1280	160
EPIKONE	K406	360	640	160
EPIKONE	k503	480	854	240
EPIKONE	K503HD	720	1280	300
EPIKONE	K503S	480	854	213
EPIKONE	K503T	480	854	240
EPIKONE	K506	480	854	220
EPIKONE	K545	480	960	240
EPIKONE	K546	480	960	240
EPIKONE	K601	720	1440	320
EPIKONE	K604	720	1560	280
EPIKONE	K605	720	1560	280
EPIKONE	TX1000	800	1280	213
EPIKONE	TX800	800	1280	240
EPIKONE	X410	360	640	160
EPIKONE	X430	360	640	165
EPIKONE	X515	720	1280	300
EPIKONE	X516	720	1280	300
EPIKONE	X547	480	960	213
EPIKONE	X610	720	1560	320
EPIKONE	X618	720	1560	300
EPIKONE	X620	720	1600	320
EPIKONE	X650_tigo	720	1612	320
EPIKONE	X655	720	1600	300
Epson	embt4	480	854	240
EPSON-PowerBoard_Pro	Epson India Private Limited	2160	3840	480
Ergo	Tablet_PC	800	1280	213
ESI Enterprises	EPIK Learning Tab 8''	800	1280	213
ESOL	ESOL_Board	2160	3840	480
ESOL	HCB_52series	2160	3840	640
Essential Products	PH-1	1316	2560	480
EssentielB	SmartTab1007	800	1280	160
EssentielB	SmartTAB1008	1200	1920	213
eSSL	Emerald	600	1024	213
Estalky	Estalky-E618	720	1440	320
Estar	1021W_URBAN	800	1280	160
Estar	Digni-Smart	720	1640	320
Estar	eSTAR BEAUTY 2 HD Quad core	600	1024	160
Estar	MID1020L	1200	1920	240
Estar	MID7399	600	1024	160
Estelle	EST-001-BLA	1080	2160	480
eTalk	KAZ-N20	720	1280	320
ETEL_premium	E68	720	1600	480
ETEL_premium	ETEL-E28	576	1280	240
ETELPREMIUM	E26	720	1612	320
ETELPREMIUM	E27	720	1612	320
ETELPREMIUM	E65	720	1600	480
ETELPREMIUM	ETEL E67	720	1640	280
ETELPREMIUM	Etel P64	720	1600	320
ETELPREMIUM	ETEL P65	720	1600	280
ETELPREMIUM	ETEL P66	720	1600	280
ETELPREMIUM	NOTE 25 ULTRA	720	1640	320
ETELPREMIUM	P68	720	1640	320
ETERNITY	HEROSP001	720	1612	320
ETERNITY	ZEUSs68	720	1600	320
ETG（G）	ETG-BT1121	1200	1920	280
EUDORA	E10Pro	800	1280	190
EUDORA	E62 Plus	480	1014	213
EUDORA	EUDORA_E55_PLUS	480	960	240
EUDORA	EudoraE65Pro	720	1600	280
Evercoss	M50 STAR	480	854	240
Evercoss	M53	480	960	240
Evercoss	M55	480	960	240
Evercoss	M55A	480	960	240
Evercoss	M55B	480	960	240
Evercoss	M55C	480	960	240
Evercoss	M6	720	1440	320
Evercoss	M60	720	1440	320
Evercoss	M6A	600	1280	280
Evercoss	M70	600	1024	240
Evercoss	M80	800	1280	240
Evercoss	R70	600	1024	240
Evercoss	S45	480	854	240
Evercoss	S45B	480	854	240
Evercoss	S55A	1080	1920	480
Evercoss	S6	720	1600	320
Evercoss	U6	480	960	240
Evercoss	U6 PRIME	720	1440	320
Evercoss	U6B	540	1132	240
Evercoss	U70B	600	1024	213
Evercoss	U70C	600	1024	240
Evercoss	X7	600	1024	213
Evercoss	X9	800	1280	213
EVEREST-EVERPAD	DC-1032	800	1280	160
EVEREST-EVERPAD	DC-8015	600	1024	160
Everex	Fine 7B	600	1024	160
Everis	E0111	800	1280	160
Everis	E0112	600	1024	160
Everis	E0113	800	1280	160
Everis	E0114	800	1280	160
Everis	E0117	800	1280	160
Everis	E0118	600	1024	160
Everis	E0120	800	1280	160
Evermyth	KB1008_EEA	800	1280	160
Everpad	EW2010	800	1280	213
Everpad	EW2021	600	1024	160
Everpad	EW2022	600	1024	160
Everpad	VORTEX_V10	1200	2000	280
Evertek	E7224HG	600	1024	160
Evertek	E8224HG	800	1280	213
Evertek	Hero	720	1560	320
Evertek	M10	480	960	240
Evertek	M10 Nano	480	800	240
Evertek	M10_Pro	480	960	240
Evertek	M20	720	1600	300
Evertek	M20 Mini	720	1600	320
Evertek	M20 NANO	480	800	240
Evertek	M20+Pro	720	1560	280
Evertek	M20_Pro	720	1560	320
Evertek	M20_S	720	1600	300
Evertek	M20S_Mini	480	854	240
Evertek	P17_Pro	600	1024	160
Evertek	P18_Pro	800	1280	240
Evolute	eM61	720	1600	320
Evolveo	EVOLVEO StrongPhone G4	720	1280	320
Evolveo	EVOLVEO StrongPhone G7	720	1440	320
Evolveo	EVOLVEO StrongPhone G8	720	1280	320
Evolveo	EVOLVEO StrongPhone G9	720	1520	320
Evolveo	GM6 DS	720	1440	320
Evoo	EV-A-133-1	1080	1920	213
Evoo	EV-A-156-1	1080	1920	160
EVOTA	EVOTA_EP	2160	3840	480
EWIS	OCTA-T700M	800	1280	160
EWIS	OCTA-T700M-T2	800	1280	160
EXCEED	E10G21	1200	1920	280
EXCEED	E10G22	800	1280	213
EXCEED	E10W10	1080	2248	480
EXCEED	E22	720	1600	320
EXCEED	EX10S10	1200	1920	320
EXCEED	EX10S4	800	1280	160
EXCEED	EX7SL4	600	1024	213
EXCEED	EX7W1S	600	1024	160
EXCEED	EX7W4	600	1024	160
EXCEED	EX7X4	600	1024	160
EXCEED	EX8S1	800	1280	213
Excotek	X20-T616	1200	1920	320
Exertis	SMB-H8009	1200	1920	240
EXO S.A.	EXO_Wave_i716	600	1024	160
EXO S.A.	EXO_Wave_i726	600	1024	160
EXO S.A.	i101GMC	1200	1920	280
EXO S.A.	Wave_i101G	800	1280	240
EXO S.A.	Wave_i101MC	1200	1920	280
EXO S.A.	Wave_i101T4	800	1280	160
EXO S.A.	Wave_i101u	1200	1920	240
Express Gifts Limited	EGL11QF6	800	1280	213
Express Gifts Limited	EGLMW1528I	600	1024	160
Extrem	Infinity	1200	1920	280
EyePay	IG-EP100	720	1280	320
EZDS	G-SCAN ZII	1200	1920	240
F-Plus	R570E	720	1440	320
F-Plus	RT800	1200	1920	480
F-Plus	SA50_21620	480	854	200
F-Plus	SA55_21624	480	960	200
F-Plus	SH60_23230	720	1560	300
F-Plus	SH65_23248	720	1600	320
F-Plus	T1100	1600	2176	320
F150	Air1	1080	2400	480
F150	Air1 Pro	1080	2400	480
F150	B1	1080	2400	480
F150	B1 Pro	1080	2400	480
F150	B2021	720	1440	320
F150	B2021	720	1520	320
F150	Bison2021_EEA	720	1520	320
F150	R2022	1080	2460	480
F2 Mobile	C8Finger	480	800	240
F2 Mobile	I8_PRO	576	1280	240
F2 Mobile	i8_ROKR	480	960	220
FACETEL	Q10-EEA	800	1280	160
FACETEL	Q10-Pro	800	1280	213
FACETEL	Q10-US	800	1280	160
FACETEL	Q10_T_EEA	800	1280	160
FACETEL	Q10_T_US	800	1280	160
FACETEL	Q3-EEA	800	1280	160
FACETEL	Q3-pro	800	1280	160
FACETEL	Q3pro	800	1280	213
FACETEL	Q3pro_eea	800	1280	213
FACETEL	Q6_US	800	1280	200
FACETEL	Q7_EEA	1200	2000	240
FACETEL	Q7_US	1200	2000	240
FACETEL	W3_T_EEA	800	1280	213
FACETEL	W3_T_US	800	1280	213
FACILOTAB	Facilotab_L_Rubis	1200	1920	240
Faiba	M1	720	1600	280
Fairphone	Fairphone 5 5G	1224	2700	480
Fairphone	Fairphone3	1080	2160	420
Fairphone	Fairphone4	1080	2340	420
Fairphone	FP2	1080	1920	440
Fairphone	The Fairphone (Gen. 6+)	1116	2484	160
FALCON	AT16RT4F_FALCON	1600	2560	260
FAMIX	F10L	800	1280	160
FAMIX	F11	800	1280	160
Famous Fones	Famous_5Plus	480	960	240
Famous Fones	Fonos-O1	1080	2160	480
Fanconn	DC685	1080	1920	280
Fanconn	DC695	1080	1920	480
FancyDay	C10US	800	1280	160
FANGOR	F-863	800	1280	213
FANGOR	F-C10	1200	1920	240
FANGOR	F-X10	800	1280	213
FASTWD	L231	800	1280	213
FASTWD	L231-EEA	800	1280	213
FASTWD	L251-EEA	600	1024	160
FASTWD	M193-EEA	800	1280	213
FASTWD	M20L	800	1280	213
FASTWD	M518-EEA	800	1280	213
FASTWD	M986-EEA	1200	2000	240
FASTWD	Tablet	1200	2000	240
FCC Movil	GK788	600	1024	160
FCNT	A401FC	720	1560	360
FCNT	arrows Alpha F-51F	1200	2670	450
FCNT	arrows Alpha M08	1200	2670	450
FCNT	arrows Alpha2 F-51G	1200	2670	450
FCNT	arrows Alpha2 M10	1200	2670	450
FCNT	arrows Be4 Plus F-41B	720	1480	320
FCNT	arrows BZ02	720	1480	320
FCNT	arrows BZ03	720	1520	320
FCNT	arrows N F-51C	1080	2400	420
FCNT	arrows We A101FC	720	1520	320
FCNT	arrows We F-51B	720	1520	320
FCNT	arrows We FCG01	720	1520	320
FCNT	arrows We2 A402FC	720	1560	320
FCNT	arrows We2 F-52E	720	1560	320
FCNT	arrows We2 FCG02	720	1560	320
FCNT	arrows We2 M07	720	1560	320
FCNT	arrows We2 Plus F-51E	1080	2400	420
FCNT	arrows We2 Plus M06	1080	2400	420
FCNT	arrows We3	900	1984	360
FCNT	F-52B	1080	1980	480
FCNT	F-53E	1080	2160	400
FCNT	MR01	720	1560	360
FEITIAN	F100	720	1280	320
FEITIAN	F310 P	800	1280	232
FELUX	X_Pro	720	1600	320
FEONAL	D105_EEA	800	1280	213
FEONAL	D106_EEA	800	1280	200
FEONAL	D115_EEA	800	1280	240
FEONAL	D118_EEA	800	1280	200
FEONAL	K118_EEA	800	1280	213
FEONAL	K711_EEA	600	1024	160
fezawio	F10_EEA	800	1280	213
fezawio	F10_US	800	1280	213
fezawio	F11_EEA	800	1280	160
fezawio	F11_US	800	1280	160
fezawio	F11_V_EEA	800	1280	213
fezawio	F11_V_US	800	1280	213
fezawio	F12_EEA	800	1280	213
fezawio	F12_US	800	1280	213
FFFSMARTLIFE	F3T10A3	1200	1920	240
FFFSMARTLIFE	F3T10B1	800	1280	200
FFFSMARTLIFE	F3T10WD4	1200	2000	240
FFFSMARTLIFE	F3T7B1	600	1024	160
FFFSMARTLIFE	FFFTAB10	1200	1920	240
FFFSMARTLIFE	FFFTAB10a0	800	1280	160
FFFSMARTLIFE	FFFTAB10a1	800	1280	160
FFFSMARTLIFE	FFFTAB10a2	800	1280	213
FFFSMARTLIFE	FFFTAB10a3	1200	1920	240
FFFSMARTLIFE	FFFTAB10a4	1200	1920	240
FFFSMARTLIFE	FFFTAB10b0	800	1280	200
FFFSMARTLIFE	FFFTAB10b1	800	1280	200
FFFSMARTLIFE	FFFTAB10b3	1200	1920	240
FFFSMARTLIFE	FFFTAB7	600	1024	160
FFFSMARTLIFE	FFFTAB8	800	1280	160
Fiesta Duo	iX	720	1498	320
Figgers	F-tab	1200	2000	240
Figgers	Figgers DragonX	720	1600	320
Figgers	Figgers F3	1080	2246	480
Figi	Note_11_Pro	720	1600	280
Figi	Note_1_Lite	720	1600	320
Figi	Note_1C	720	1560	320
Figi	Note_3_Pro	720	1600	320
Figi	Note_5	720	1560	320
Figi	Note_7_Pro	720	1600	320
Figo	Fierce_L5510	480	960	180
Figo	Ultra J8	480	854	240
FIREFLY MOBILE	VIVID_PRO	576	1280	240
Firehawk	Firehawk	800	1280	240
Firehawk	ToughDroid	800	1280	240
FIRICH_ENTERPRISE_CO	PPX13X_Series	1080	1920	160
Fiteye	Mobile smart screen	1080	1920	280
FIVAHIVA	F10A_A15	800	1280	160
FIVAHIVA	F_764	600	1024	160
FIVAHIVA	FF-35	800	1280	213
FIVAHIVA	FF1010	800	1280	160
FIVAHIVA	FF10A	800	1280	213
FIVAHIVA	YY_766	600	1024	160
FIVAHIVA	YY_766_EEA	600	1024	160
Flash	PRIME_1	480	960	220
Fluo	N	720	1498	320
Fluo	X2_Max	720	1500	320
Fly	Cirrus 2	720	1280	320
Fly	Compact 4G	480	960	240
Fly	Fly View Max	540	1132	240
Fly	Flylife Connect 10.1	800	1280	160
Fly	Nimbus 8	480	854	240
Fly_Tech	T101	800	1280	213
FLYCOAY	M602-EEA	1200	1920	260
FOLG	FOLG_GT_10	1200	1920	240
FOLG	FOLG_Tab_10s	800	1280	180
FOLG	FT01	800	1280	160
FOLG	FT02	600	1024	160
FOLG	KS20	800	1280	213
FOLG	S18	1200	1920	360
FOLG	S19	1200	2000	280
FOLG	S20	800	1280	160
FOLG	S30	1200	1920	320
Fone Haus	Bolt	720	1600	320
Fonos	FONOS O2	720	1440	320
Fonos	M1	1080	2340	480
Fonos	O3_EEA	720	1440	320
FORCO	K1028G	1200	1920	280
FORCO	K8T	800	1280	213
Fortus	PayTab_PT10	1200	1920	320
FOSSiBOT	DT1 Lite	1200	2000	320
FOSSiBOT	DT2	1200	2000	320
FOSSiBOT	DT3	1200	2000	240
FOSSiBOT	F101	720	1440	320
FOSSiBOT	F101 P	720	1440	280
FOSSiBOT	F101 Pro	720	1440	320
FOSSiBOT	F102	1080	2408	480
FOSSiBOT	F105	720	1600	280
FOSSiBOT	F106 Pro ROW	1080	2408	480
FOSSiBOT	F106_Plus	720	1600	480
FOSSiBOT	F107 Pro	1080	2460	400
FOSSiBOT	F109	720	1600	280
FOSSiBOT	F109 S	720	1600	280
FOSSiBOT	F110 Pro	720	1600	280
FOSSiBOT	F110L	720	1600	320
FOSSiBOT	F112 Pro	720	1640	280
FOSSiBOT	F113	1080	2460	480
FOSSiBOT	F114	720	1600	320
FOSSiBOT	F115_Ultra	1080	2460	480
FOSSiBOT	F116 Pro	540	1172	280
FOSSiBOT	S1	720	1600	320
FOSSiBOT	S2	1080	2400	480
FOSSiBOT	S3_Pro	1080	2400	480
FOSSiBOT	S5	720	1640	320
FOSSiBOT	S5 Pro	720	1640	320
FOSSiBOT	S7	720	1600	320
FOSSiBOT	Tab_12	1200	1920	280
Four Mobile	Sapphire	1080	2160	480
Fox_and_Sheep	Kidstablet1	800	1280	213
Fox_and_Sheep	KidstabletOne	600	1024	160
FOXX	A55AM	480	960	200
FOXX	A65S	720	1600	320
FOXX	A67M	720	1600	320
FOXX	A67M_Lite	720	1600	320
FOXX	G1	720	1612	280
FOXX	V8	800	1280	240
FOXXD	A2023	800	1280	240
FOXXD	A55	480	960	200
FOXXD	A551	480	960	200
FOXXD	A56	480	960	200
FOXXD	A5Pro	720	1440	320
FOXXD	A62	480	1014	200
FOXXD	A65	720	1600	320
FOXXD	A65L_L	540	1200	200
FOXXD	A65Plus	720	1600	300
FOXXD	A65U	576	1280	240
FOXXD	A67L Gen2	720	1600	320
FOXXD	A67U	720	1600	320
FOXXD	A67W	720	1600	320
FOXXD	A67W_Lite	720	1600	320
FOXXD	AS65U	576	1280	240
FOXXD	C10	800	1280	180
FOXXD	FOXXD A67L Gen2	720	1600	320
FOXXD	FOXXD C10 Pro	800	1280	160
FOXXD	FOXXD C65	720	1600	320
FOXXD	FOXXD HTH C67	720	1600	320
FOXXD	FOXXD HTH S67	720	1600	480
FOXXD	MIRO	640	1280	240
FOXXD	P8	800	1280	240
FOXXD	T55	480	960	240
FOXXD	T8	800	1280	213
FOXXD	T8Plus	800	1280	213
FOXXD	T8Pro	800	1280	240
FPD	CP08-C1	1200	1920	280
FPD	CP08_J1	1200	1920	280
FPD	CP10-J1	800	1280	180
FPD	CP11_J1	1200	1920	280
fplus	H166	720	1600	320
fplus	Life Tab Plus	1200	1920	213
fplus	P670	1080	2400	480
fplus	SA70	480	960	200
fplus	SP65_66440	720	1600	320
Franko	Franko A01	720	1612	280
Franko	Franko A03	720	1612	280
Free	Free_Liberty_Plus	720	1440	320
Freebit	TONE m15	720	1280	320
Freemobile	FS500	540	960	240
Freeski	C109_EEA	800	1280	160
Freeski	C12A	800	1332	160
Freetel	Cricket Wave	720	1280	320
Freetel	Priori 5	720	1280	320
Freetel	Priori4	720	1280	320
Freetel	RAIJIN	1080	1920	480
Freetel	SAMURAI REI	1080	1920	480
Freetel	SAMURAI REI 2	1080	1920	480
FreeYond	F9	720	1600	320
FreeYond	F9S	720	1612	320
FreeYond	FreeYondA5	1200	1920	280
FreeYond	FreeYondP6	800	1280	213
FreeYond	M5	720	1600	320
FreeYond	M5A	720	1612	320
FreeYond	M6	1080	2460	480
Frunsi	RubensTab_T11	1200	1920	240
Frunsi	RubensTab_T12	1200	2000	240
Frunsi	RubensTab_T14	1200	1920	240
Frunsi	RubensTab_T8	800	1280	180
Frunsi	T11Pro	1200	1920	240
Fujitsu	801FJ	1080	1920	480
Fujitsu	901FJ	1080	1920	480
Fujitsu	ARROWS A SoftBank 301F	1080	1920	480
Fujitsu	arrows Be4 F-41A	1080	2220	480
Fujitsu	ARROWS M01	720	1280	320
Fujitsu	arrows M03	720	1280	320
Fujitsu	arrows M04	720	1280	320
Fujitsu	arrows M04 PREMIUM	720	1280	320
Fujitsu	arrows M05	1080	1920	480
Fujitsu	ARROWS M357	720	1280	320
Fujitsu	ARROWS M555	800	1280	160
Fujitsu	ARROWS NX F-06E	1080	1920	480
Fujitsu	arrows NX9 F-52A	1080	2280	420
Fujitsu	arrows RX	1080	1920	480
Fujitsu	ARROWS Tab F-05E	1128	1920	240
Fujitsu	ARROWS Z FJL22	1080	1920	480
Fujitsu	BZ01	1080	1920	480
Fujitsu	F-01F	1080	1920	480
Fujitsu	F-01H	720	1280	320
Fujitsu	F-01J	1080	1920	480
Fujitsu	F-01K	1080	1920	480
Fujitsu	F-01L	720	1280	360
Fujitsu	F-02F	1600	2560	320
Fujitsu	F-02G	1440	2560	640
Fujitsu	F-02H	1440	2560	640
Fujitsu	F-02K	1600	2560	320
Fujitsu	F-02L	1080	1920	480
Fujitsu	F-03F	720	1280	320
Fujitsu	F-03G	1600	2560	320
Fujitsu	F-03H	720	1280	320
Fujitsu	F-03K	720	1280	320
Fujitsu	F-04G	1440	2560	640
Fujitsu	F-04H	1600	2560	320
Fujitsu	F-04J	720	1280	320
Fujitsu	F-04K	1080	1920	320
Fujitsu	F-05F	1080	1920	480
Fujitsu	F-05J	720	1280	320
Fujitsu	F-42A	720	1280	360
Fujitsu	F-51A	1440	3120	560
Fujitsu	FARTM933KZ	800	1280	160
Fujitsu	INTERACTIVE_PANEL	2160	3840	480
Fujitsu	RM02	720	1280	320
Fujitsu	TONE m17	720	1280	320
FUNKER	E500i	480	960	240
Fusion5	F104Bv2_PRO	800	1280	160
Fusion5	F104BvII_PRO	800	1280	160
Fusion5	F104Ev2_EEA	800	1280	160
Fusion5	F104EvII	800	1280	160
Fusion5	F104EvII_EEA	800	1280	160
Fusion5	F104EvII_PRO	800	1280	160
Fusion5	F104EvII_PRO_EEA	800	1280	160
Fusion5	F105D_128	1200	1920	240
Fusion5	F105DvII	1200	1920	240
Fusion5	F202_8G	1200	1920	240
Fusion5	F202_8G_EEA	1200	1920	240
Fusion5	F202_UK	1200	1920	240
Fusion5	F202_US	1200	1920	240
Fusion5	F202_v2_EEA	1200	1920	240
Fusion5	Fusion5_F104Bv2	800	1280	160
Fusion5	Fusion5_F104E_EEA	800	1280	160
Fusion5	Fusion5_F105D	800	1280	160
Future Mobile Technology	CP80K	800	1280	213
Future Mobile Technology	Global3_B01	1080	2340	480
Fx_tec_Pro1X	QX1050	1080	2160	480
Fxtec	Fxtec QX1000	1080	2160	420
G-Anica	HL_1088_A133P	800	1280	160
g-mee	connect 2 US	480	854	240
g-mee	connect_2	480	854	240
g-mee	ConnectPro	720	1440	320
g-mee	ConnectPro_L	720	1440	320
g-mee	G-mee Play Pro	720	1440	320
G-Tab	C10	800	1280	186
G-Tab	C10_1	800	1280	213
G-Tab	C10_2	800	1280	213
G-Tab	C10X	800	1280	213
G-Tab	C20	800	1280	170
G-Tab	C3	600	1024	160
G-Tab	C30	1200	1920	320
G-Tab	C9	600	1024	160
G-Tab	F10	800	1280	213
G-Tab	F1_1	600	1024	213
G-Tab	F2	600	1024	160
G-Tab	F2X	600	1024	213
G-Tab	F4	600	1024	160
G-Tab	F8	800	1280	240
G-Tab	F8_1	800	1280	240
G-Tab	F8X	800	1280	213
G-Tab	G5	600	1024	213
G-Tab	G9	600	1024	213
G-Tab	G9	720	1600	320
G-Tab	GTAB_P8	800	1280	213
G-Tab	GTab_S	1260	2800	480
G-Tab	GTab_X	720	1600	320
G-Tab	N271	600	1024	160
G-Tab	N28	800	1280	213
G-Tab	N281	800	1280	213
G-Tab	P2000	800	1280	213
G-Tab	P733	600	1024	160
G-Tab	PAD10	800	1280	213
G-Tab	PAD10_PRO	800	1280	213
G-Tab	PAD10_PRO_NEO	800	1280	160
G-Tab	PAD11_1	800	1280	213
G-Tab	PAD7	600	1024	160
G-Tab	PL1000B	1200	1920	320
G-Tab	Q4	600	1024	160
G-Tab	Q5	600	1024	160
G-Tab	Q6	600	1024	213
G-Tab	S10	800	1280	213
G-Tab	S12	800	1280	240
G-Tab	S20	800	1280	240
G-Tab	S30_1	800	1280	240
G-Tab	S40	1200	2000	280
G-Tab	S40-1	1200	2000	280
G-Tab	S50	1200	2000	280
G-Tab	S50-pro	1200	2000	280
G-Tab	S8	800	1280	240
G-Tab	S8K_1	800	1280	160
G-Tab	S8K_2	800	1280	160
G-Tab	S8X	800	1280	240
G-Tab	T10	800	1280	213
G-Tab	T11_1	800	1280	213
G-Tab	T11_PRO	800	1280	213
G-Tab	T13	800	1280	160
G-Tab	T13_PRO	800	1280	213
G-Tab	T14	800	1280	213
G-Tab	T8_1	800	1280	213
G-Tab	T8S_1	800	1280	213
G-Tab	T9_1	800	1280	213
G-Tab	T9_PRO	800	1280	160
G-Tab	Tablet	800	1280	213
G-Tab	X_PRO_AI	720	1576	320
G-Tab	Y	720	1600	320
G-TiDE	G-TiDE_H1_1	800	1280	213
G-TiDE	G-TiDE_H1_2	800	1280	213
G-TiDE	G-TiDE_H1_3	800	1280	213
G-TiDE	G-TiDE_H1_4	800	1280	213
G-TiDE	G-TiDE_H1_4G	800	1280	240
G-TiDE	G-TiDE_P1_2	800	1280	160
G-TiDE	G-TiDE_P1_4G	800	1280	240
G-TiDE	H2R	800	1280	213
G-TiDE	Klap_S1	600	1024	213
G-TiDE	Klap_S1_EEA	600	1024	213
G-TiDE	Zeal1	1200	1920	320
G-TiDE EXTREME	EX760	800	1280	180
G-TOUCH	SPEED_2021	600	1024	160
G-TOUCH	Stella_Omega	480	854	240
Gateway	GAKM10822	800	1280	180
Gateway	GATA30812	800	1280	213
Gateway	GATA31012	800	1280	160
Gateway	GATM10822	800	1280	180
Gateway	GATM11022	800	1280	180
Gateway	GATM11033	800	1280	180
Gateway	GWAT10_1	800	1280	213
Gateway	GWAT8_1	800	1280	213
GDL(BD)	G200	480	1014	213
GDL(BD)	GDL Gigax Y10	720	1612	280
GDL(BD)	GDL GigaX Y21	720	1650	320
GDL(BD)	GigaX Y11	720	1600	320
GDL(BD)	GigaX Y30	720	1600	320
GDL(BD)	GigaX_S7	720	1560	480
GDM (es)	MB10	600	1280	240
GDM (es)	P4R	720	1520	320
GE Appliances	Kitchen Hub	1080	1920	240
Geanee	ADP-503G	540	960	240
Geanee	JT07-90	600	1024	160
Geanee	JT10-90	800	1280	160
geaneePro	JT08-X1	800	1280	160
geaneePro	JT10-X	800	1280	160
geaneePro	JT10-X1	1200	1920	240
geaneePro	JT10LTE-X1	800	1280	160
geaneePro	JT10LTE-X1S	1200	2000	280
geaneePro	JT70-X	600	1024	160
Gear Mobile	Feel_1008S	800	1280	160
Gear Mobile	Gear_PRO	1200	1920	240
Gear Mobile	Gear_PRO2	1200	1920	240
Gear Mobile	GM10	720	1440	320
Gear Mobile	GM30	1080	2280	480
Gear Mobile	Space_Pro	1200	1920	240
Geecoo	G4	720	1280	320
Geeken	Geeken_IFPD	2160	3840	480
General Mobile	4G	720	1280	320
General Mobile	4G Dual	720	1280	320
General Mobile	5	720	1280	320
General Mobile	e-tab 20	1200	1920	320
General Mobile	E-tab 4	800	1280	160
General Mobile	Era 30 PRO	720	1600	320
General Mobile	Etab5	1200	1920	240
General Mobile	G518	720	1600	320
General Mobile	G903	1080	2400	480
General Mobile	G904	1220	2712	480
General Mobile	General Mobile 5 d	720	1280	320
General Mobile	GM 20	720	1560	320
General Mobile	GM 20 Pro	1080	2248	480
General Mobile	GM 21	720	1600	320
General Mobile	GM 21 Plus	720	1600	320
General Mobile	GM 21 Pro	1080	2400	480
General Mobile	GM 22	720	1600	320
General Mobile	GM 22 Plus	1080	2460	480
General Mobile	GM 22 Pro	1080	2460	480
General Mobile	GM 23 Dual	720	1600	320
General Mobile	GM 23 SE Dual	720	1600	320
General Mobile	GM 24 Pro	1080	2412	480
General Mobile	GM 26 5G	720	1600	320
General Mobile	GM 6 d	720	1280	320
General Mobile	GM 6 ds	720	1440	320
General Mobile	GM 6 s	720	1280	320
General Mobile	GM 8	720	1440	320
General Mobile	GM 8 d	720	1440	320
General Mobile	GM 9 Go	720	1440	320
General Mobile	GM 9 Plus	1080	2280	480
General Mobile	GM 9 Pro	1080	2160	480
General Mobile	GM Era 50	1080	2460	480
General Mobile	GM Phoenix 5G d	1080	2400	480
General Mobile	GM10	720	1600	280
General Mobile	GM5 Plus	1080	1920	420
General Mobile	GM5 Plus d	1080	1920	420
General Mobile	GM5 Plus Turkcell	1080	1920	420
General Mobile	GM8 Go	720	1440	320
General_luxe	F35	720	1600	320
General_luxe	Shahin_III	1080	2340	480
Geniora	GEN1	720	1440	320
Geo (GeoTechVision)	GEO10	1200	1920	240
Geoelectron	P9IV_Handheld_EEA	720	1280	320
GeoMax	GeoMax Zenius08	1200	1920	320
Gertec	SK-210	800	1280	160
Geshem	GS0882T	800	1280	240
Geshem	GS0883T	800	1280	240
Geshem	GS1081T	800	1280	240
Geshem	GS109M2A_EEA	800	1280	240
Geshem	GS109M3A_EEA	800	1280	240
Geshem	GS81TE	800	1280	240
Get	72839	800	1280	200
Getac	ZX10	1200	1920	260
Getac	ZX10G2	1200	1920	240
Getac	ZX70	720	1280	160
Getac	ZX70G2	720	1280	240
Getac	ZX80	1200	1920	260
Getnord	LYNX	480	854	240
Gevo	Gevo E10	720	1600	320
Gevo	Gevo V20	720	1640	320
Gevo	V10	720	1600	280
Gfast	MD_97_S464A	800	1280	213
GFF	S2	2160	3840	480
GFive	Note_25	720	1612	280
GFive	Note_25_ULTRA	720	1640	280
GFive	PRESIDENT_GOLD_10	600	1280	240
GFive	PRO_16	720	1612	280
GFive	Stark	480	960	240
Ghia	A7_WF	600	1024	160
Ghia	GA7133	600	1024	160
Ghia	GA7333	600	1024	160
Ghia	GA8N	1080	1440	213
Ghia	GA8N2	800	1280	160
Ghia	GHIA_AXIS7	600	1024	160
Ghia	GHIA_AXIS7P	600	1024	160
Ghia	GHIA_VECTOR_3G	800	1280	160
Ghia	GK133	600	1024	160
Ghia	GK133M24	600	1024	160
Ghia	GK133M3	600	1024	160
Ghia	GK133N3	600	1024	160
Ghia	GK133P24	600	1024	160
Ghia	GK133S24	600	1024	160
Ghia	GK133S3	600	1024	160
Ghia	GK133T3	600	1024	160
Ghia	GK133U24	600	1024	160
Ghia	GK133V3	600	1024	160
Ghia	GK333M25	600	1024	160
Ghia	GK333P25	600	1024	160
Ghia	GK333U25	600	1024	160
Ghia	GK523A24	800	1280	160
Ghia	GK537	800	1280	160
Ghia	GP333	600	1024	160
Ghia	GPND133	600	1024	160
Ghia	GPND133V4	600	1024	160
Ghia	GRINV1	1200	1920	240
Ghia	GS3G	480	854	240
Ghia	GTA7PLUS	600	1024	160
Ghia	GTA7WF	600	1024	160
Ghia	GTAB718	600	1024	160
Ghia	GTKIDS7-100	600	1024	160
Ghia	GTKIDS7A	600	1024	160
Ghia	GTKIDS7B	600	1024	160
Ghia	GTKIDS7R	600	1024	160
Ghia	GTKIDS7V	600	1024	160
Ghia	GTPND7	600	1024	160
Ghia	GTTODD7	600	1024	160
Ghia	GTVR10S	800	1280	160
Ghia	GVLTE13	800	1280	213
Ghia	GVPNT	800	1280	213
Ghia	VECTOR10.1	600	1024	160
Ghia	Vector_3G	800	1280	213
Ghia	VECTOR_SLIM	800	1280	213
GHIA KIDS	GTKIDS7	600	1024	160
Gigaset	GIG-X14	1200	1920	213
Gigaset	Gigaset GS170	720	1280	320
Gigaset	Gigaset GS185	720	1440	320
Gigaset	Gigaset GS270	1080	1920	480
Gigaset	Gigaset GS270 plus	1080	1920	480
Gigaset	Gigaset GS3	720	1560	320
Gigaset	Gigaset GS370	720	1440	320
Gigaset	Gigaset GS370_Plus	720	1440	320
Gigaset	Gigaset GS4	1080	2340	480
Gigaset	Gigaset GX4	720	1560	320
Gigaset	Gigaset GX4 PRO	720	1560	320
Gigaset	Gigaset GX6	1080	2412	480
Gigaset	Gigaset GX6 PRO	1080	2412	480
Gigaset	Gigaset Maxwell 10	800	1280	160
Gigaset	GP20	720	1600	480
Gigaset	GS100	720	1440	320
Gigaset	GS110	600	1280	280
Gigaset	GS160	720	1280	320
Gigaset	GS180	720	1280	320
Gigaset	GS190	720	1560	320
Gigaset	GS195	1080	2246	400
Gigaset	GS280	1080	2160	480
Gigaset	GS290	1080	2340	480
Gigaset	GS5	1080	2340	480
Gigaset	GS5 LITE	1080	2340	480
Gigaset	GS5 Senior	1080	2340	480
Gigaset	GS6 PRO	1080	2400	480
Gigaset	GS80	480	854	240
Gigaset	GX290	720	1560	320
Gigaset	ME	1080	1920	480
Gigaset	QV1030	1600	2560	320
Gigaset	QV830	768	1024	160
Gigaset	SL930	320	480	160
Gini	e6_plus	1080	1920	480
Gini	Gini s5Pro	720	1280	320
Gionee	A1	1080	1920	480
Gionee	A1 lite	720	1280	320
Gionee	A1 Plus	1080	1920	480
Gionee	F10	720	1560	320
Gionee	F100A	720	1280	320
Gionee	F100S	720	1280	320
Gionee	F103	720	1280	320
Gionee	F103 Pro	720	1280	320
Gionee	F105	720	1280	320
Gionee	F109N	720	1280	320
Gionee	F205	720	1440	320
Gionee	F5	720	1280	320
Gionee	F8_Neo	720	1440	320
Gionee	F9	720	1520	320
Gionee	F9 Plus	720	1520	320
Gionee	GIONEE F11	720	1560	320
Gionee	GIONEE H601	720	1600	320
Gionee	GIONEE M15	1080	2400	480
Gionee	GIONEE M7L	1080	2160	480
Gionee	GIONEE MAX	720	1560	320
Gionee	GIONEE MAX Pro	720	1600	320
Gionee	GIONEE P15	720	1600	320
Gionee	GIONEE P15 Pro	720	1640	260
Gionee	GIONEE X1	720	1280	320
Gionee	GIONEE_H603	720	1600	320
Gionee	GIONEE_M11	1080	2340	480
Gionee	GIONEE_P12	600	1280	240
Gionee	GN3001	720	1280	320
Gionee	GN3003	720	1280	320
Gionee	GN5002	720	1280	320
Gionee	GN8001	1080	1920	480
Gionee	GN9006	1080	1920	480
Gionee	India	720	1440	320
Gionee	M5 Lite	720	1280	320
Gionee	M5 mini	720	1280	320
Gionee	M5 Plus	1080	1920	480
Gionee	M5L	720	1280	320
Gionee	M6	1080	1920	480
Gionee	M6 mirror	720	1280	320
Gionee	M6 Plus	1080	1920	480
Gionee	M6SPlus	1080	1920	480
Gionee	M7 Power	720	1440	320
Gionee	P5 mini	480	854	240
Gionee	P5L	720	1280	320
Gionee	P5W	720	1280	320
Gionee	P61	720	1600	320
Gionee	P7	720	1280	320
Gionee	P7 Max	720	1280	320
Gionee	P8M	720	1280	320
Gionee	P8W	720	1280	320
Gionee	S10 lite	720	1280	320
Gionee	S10BL	1080	1920	480
Gionee	S10L	1080	1920	480
Gionee	S11	1080	2160	480
Gionee	S11 lite	720	1440	320
Gionee	S12 Lite	720	1600	320
Gionee	S6	720	1280	320
Gionee	S6 Pro	1080	1920	480
Gionee	S6s	1080	1920	480
Gionee	S8	1080	1920	480
Gionee	S9	1080	1920	480
Gionee	X1S	720	1280	320
Gladwin	All_IN_ONE_ADPM	2160	3840	480
Gladwin	GLADWIN101	800	1280	200
GlobalSec	BW819E_CR	800	1280	213
GlobalSec	BW819E_SK	800	1280	213
GlobalSec	TAB_TEN	1200	1920	280
Globus_Infocom_Limited	GS04-Series	2160	3840	480
Glocalme	P3S18	720	1440	320
Glocalme	S20i	1080	2280	480
Glofiish	Gpad_U	720	1512	320
Gloria	A30	720	1600	320
Gloria	A50	720	1600	320
GLX(IR)	Shahin_IV	1080	2460	480
Go Mobile	G860	480	960	240
Go Mobile	GO1452	480	854	240
Goally	P3_8	800	1280	213
Gol Mobile	F10	480	960	213
Gol Mobile	F11	480	960	213
Gol Mobile	F9Prime	480	854	200
Gol Mobile	Team_7_Plus	600	1024	160
Goldentec	GT_METAL_TAB10	800	1280	200
Goldentec	GT_TAB10	800	1280	178
Goldentec	GT_TAB7	600	1024	192
GOMDUSA	X23	720	1520	280
GOMDUSA	X23_Pro	800	1280	213
GOMDUSA	X23_TAB	800	1280	240
Gome	GOME C7 Note mini	720	1440	320
Gome	GOME_C7_Note	720	1440	320
GoMo	N11	480	960	240
Goo	g08	720	1440	320
GOODTEL	G10_EEA	800	1280	160
GOODTEL	G10_T_EEA	800	1280	160
GOODTEL	G10_T_US	800	1280	160
GOODTEL	G10_US	800	1280	160
GOODTEL	G10_V_EEA	800	1280	213
GOODTEL	G2_A_EEA	800	1280	160
GOODTEL	G2_T_EEA	800	1280	213
GOODTEL	G2_T_US	800	1280	213
GOODTEL	G3	800	1280	160
GOODTEL	G3_US	800	1280	160
GOODTEL	G7_EEA	600	1024	160
GOODTEL	G7_EEA_T	600	1024	160
GOODTEL	G7_T	600	1024	160
GOODTEL	G7_V_EEA	600	1024	160
GOODTEL	G9_EEA	1200	2000	240
GOODTEL	G9_US	1200	2000	240
GOODTEL	G9_V_EEA	800	1280	213
Google	Emulator	1080	2280	440
Google	emulator	1080	2400	420
Google	gcar emulator	1080	2280	440
Google	Google Android Emulator	1080	1920	420
Google	Pixel	1080	1920	420
Google	Pixel 10	1080	2424	420
Google	Pixel 10 Pro	1280	2856	480
Google	Pixel 10 Pro Fold	2076	2152	390
Google	Pixel 10 Pro XL	1344	2992	480
Google	Pixel 10a	1080	2424	420
Google	Pixel 11	1080	2424	420
Google	Pixel 11 Pro	1280	2856	480
Google	Pixel 11 Pro Fold	2076	2152	390
Google	Pixel 11 Pro XL	1344	2992	480
Google	Pixel 2 XL	1440	2880	560
Google	Pixel 3	1080	1920	240
Google	Pixel 3	1080	2160	440
Google	Pixel 3 XL	1440	2960	560
Google	Pixel 3a	1080	2220	440
Google	Pixel 3a XL	1080	2160	400
Google	Pixel 4	1080	2280	440
Google	Pixel 4 XL	1440	3040	560
Google	Pixel 4a	1080	2340	440
Google	Pixel 4a (5G)	1080	2340	420
Google	Pixel 5	1080	2340	440
Google	Pixel 5a 5G	1080	2400	420
Google	Pixel 6	1080	2400	420
Google	Pixel 6 Pro	1440	3120	560
Google	Pixel 6a	1080	2400	420
Google	Pixel 7	1080	2400	420
Google	Pixel 7 Pro	1440	3120	560
Google	Pixel 7a	1080	2400	420
Google	Pixel 8	1080	2400	420
Google	Pixel 8 Pro	1344	2992	480
Google	Pixel 8a	1080	2400	420
Google	Pixel 9	1080	2424	420
Google	Pixel 9 Pro	1280	2856	480
Google	Pixel 9 Pro Fold	2076	2152	390
Google	Pixel 9 Pro XL	1344	2992	480
Google	Pixel 9a	1080	2424	420
Google	Pixel C	1800	2560	320
Google	Pixel Fold	1840	2208	420
Google	Pixel Tablet	1600	2560	320
Google	Pixel XL	1440	2560	560
Gowin	QT8-T310	800	1280	213
GP-electronic	YC-08P	800	1280	213
GP-electronic	YC-3135D	480	800	120
GP-electronic	YC-83P	800	1280	213
GP-electronic	YC-83T	800	1280	160
Gplus	GNE-N001S	1080	2340	480
Gplus	GNE_N003S	1080	2460	480
Gplus	Gplus	720	1440	320
Gplus	Gplus	720	1520	320
Gplus	P10	720	1560	320
Gplus	P10 2022	720	1560	320
Gplus	P10+	720	1560	320
Gplus	S10	720	1600	320
Gplus	X10	720	1600	320
Gplus	X10+	720	1600	320
Gplus	Z10	720	1600	320
GPX_US	TBDV1093	800	1280	160
GraceCompany	QuiltMotion_Tablet_8	800	1280	213
Gradiente	GTB_106	600	1024	160
Grandstream	WP856	720	1440	320
GREATASIA	E101GC	800	1280	180
GREATASIA	E101GC4G	800	1280	160
GREATASIA	E108GC	800	1280	170
GREATASIA	E10_A133_EEA	800	1280	213
GREATASIA	E10A133_EEA	800	1280	160
GREATASIA	E700_Kids_EEA	800	1280	160
GREATASIA	E720_EEA	600	1024	160
GREATASIA	E9863	800	1280	240
GREATASIA	Kidpad_M7	600	1024	204
GREATASIA	Pad_M30	1200	1920	320
GREATASIA	TK-P1197	1200	2000	320
GREATASIA	TK_E109GCM	1200	1920	213
GREATASIA	TK_E720_EEA	800	1280	160
Greatwall	100011886_GTW	800	1280	160
Greatwall	GWPad-S11	1200	1920	280
Greatwall	GWPad-S11-1	1200	1920	280
Greatwall	LM1105S-D	1200	2000	280
Green House	2525PRE_GHTB	800	1280	200
GreenLion	G-10_PRO	800	1280	213
GreenLion	G-10_ULTRA	800	1280	213
GreenLion	G-20ULTRA	1200	1920	280
GreenLion	G-30_ULTRA	1200	1920	320
GreenLion	G-8_PRO	800	1280	213
Greentel	A10_premium	800	1280	213
Greentel	A10_Pro	800	1280	213
Greentel	A10Pro	800	1280	213
Greentel	A8	800	1280	213
Greentel	A9	800	1280	213
Greentel	A9Pro	800	1340	213
Greentel	Greentel-A10	800	1280	213
Greentel	Tab-X	800	1280	213
Greentel	X2	720	1280	300
GRID Communications (SG)	GS6100	720	1440	320
Grolier	GSR	800	1280	213
Grolier	GSR2	800	1280	160
Gtel	17X	720	1600	320
Gtel	Delta_14	720	1612	320
Gtel	Gtel Infinity 8s	720	1560	320
Gtel	Gtel X7plus	1080	2246	480
Gtel	Gtel X7pro	720	1520	320
Gtel	Gtel X7s	720	1500	320
Gtel	Gtel_Delta_16	720	1600	320
Gtel	Gtel_Delta_17	1080	2460	480
Gtel	Gtel_Infinity_9	720	1600	320
Gtel	Gtel_Infinity_X	1080	2460	480
Gtel	Infinity_13	720	1612	320
Gtel	X5	1080	1920	480
GTX(A)	GTX_JACULUS	1200	2000	280
GTX(A)	GTX_JACULUS_01	1200	2000	320
GTX(A)	Jaculus_V2	1200	1920	260
GUIDE_SAMJUNG	GSJ	2160	3840	480
Guophone	XP9800	640	1280	320
GYGAR	IPG-xxH	2160	3840	480
H(tab)	H_tab_1	1200	1920	240
H(tab)	H_tab_1_plus	1600	2560	280
H(tab)	H_tab_1Pro	1440	2200	240
H(tab)	H_Tab_Go	800	1280	190
H(tab)	H_Tab_Lite	800	1280	240
H(tab)	H_Tab_Mini	800	1280	200
H133	Betacrux	800	1280	160
H3Cmagic	M8781	1200	1920	360
H819E	MINTAKA	800	1280	160
Haehne	A863K_EEA	800	1280	180
HAEXC	SP104Ex	540	1080	240
Hafury	A7	480	960	240
Hafury	G20	720	1520	320
Hafury	GT20	1080	2310	480
Hafury	HAFURY MIX	720	1280	320
Hafury	HAFURY UMAX	720	1280	320
Hafury	K30	720	1600	320
Hafury	K30 PRO	720	1600	320
Hafury	M20	442	960	240
Hafury	MEET	1080	2400	400
Hafury	NOTE 10	1080	2160	480
Hafury	V1	1080	2408	400
Haier	A36C5H	480	854	240
Haier	A4_Lite	480	960	240
Haier	A81G	800	1280	213
Haier	Alpha A1	480	854	240
Haier	Haier Leisure L7	1080	1920	480
Haier	Haier Titan T5	720	1440	320
Haier	I4	600	1280	280
Haier	I6_Infinity	600	1280	240
Haier	M53-52401	800	1280	213
Haier	P20	1200	1920	280
Haier	P20_M84G3M	1200	1920	240
Haier	S5_Silk	480	960	240
Haier	Tablet_P20	1200	1920	280
Haier	Titan_T3	720	1440	320
Haitech	HIP-T66	800	1280	160
Haitech	HPAD-M2	800	1280	213
Haitech	HPAD-T80	800	1280	160
Haitech	HPAD_IA65	800	1280	160
Haitech	HPAD_IP8045	800	1280	213
Haitech	HPAD_IP8045_1	800	1280	213
Haitech	T69-A	800	1280	160
Hamic	MIELS	540	1080	260
Hamlet	Hamlet_XZPAD412W	800	1280	213
Hamlet	XZPAD412LTE	800	1280	160
Hamlet	XZPAD414LTE	800	1280	213
Hamlet	XZPAD414W	800	1280	160
Hammer	Energy_X2_EEA	720	1560	320
Hammer	Hammer Blade 3	720	1520	320
Hammer	Hammer Blade 4	1080	2400	480
Hammer	Hammer Blade 5G	1080	2340	480
Hammer	Hammer Blade Va 5G EEA	720	1612	320
Hammer	Hammer Construction	1080	2160	480
Hammer	Hammer Energy 2 2022	720	1440	320
Hammer	Hammer Explorer Plus	720	1440	320
Hammer	Hammer Explorer Pro	1080	2160	480
Hammer	Hammer_Construction_2_5G_EEA	1080	2408	480
Hammer	Hammer_Construction_2_Thermal_5G_EEA	1080	2408	480
Hammer	Hammer_Iron_6	720	1612	320
Hammer	Hammer_Iron_6_5G	720	1612	320
Hammer	Hammer_Iron_Va_EEA	720	1612	320
HANASIS	BLAZE	1080	1920	160
Handheld Group	ALGIZ RT10	1200	1920	320
Handheld Group	ALGIZ RT8	1200	1920	480
Handheld Group	Nautiz X2	720	1280	320
Handheld Group	Nautiz X2 EEA	720	1280	320
Handheld Group	NAUTIZ X21	1080	2340	480
Handheld Group	Nautiz X41	480	800	240
Handheld Group	Nautiz X41 EEA	480	800	240
Handheld Group	NAUTIZ X6	1080	1920	480
Handheld Group	Nautiz X9	720	1280	320
Handheld Group	Nautiz_X2	720	1280	320
Handheld Group	NAUTIZ_X6	1080	1920	480
Handheld-Wireless	C6	720	1440	280
Handheld-Wireless	F1	480	800	240
Handheld-Wireless	F2	1080	2160	480
Handheld-Wireless	X6	720	1440	280
Handtop	HTA11	1080	1920	480
HANET	T432	800	1280	213
HANKOOK_CREA	HANKOOK_CREA_IFPD	2160	3840	420
HannSpree	HannspadPro	800	1280	213
HannSpree	HSD0001	1200	1600	213
HannSpree	HSG1351	1080	1920	160
HannSpree	HSG1376	800	1280	160
HannSpree	HSG1415	800	1280	160
HannSpree	HSG1416	1080	1920	240
HannSpree	Product Name HSG1416A	1080	1920	240
hanofer	Axiom 1	1080	2460	480
hanofer	Axiom 2	720	1600	320
HANSUNGCOMPUTER	HSC-IFPD	2160	3840	480
HANYEAL	E101GC	800	1280	160
Haoqin	SpaceTab_H20	1200	1920	320
Haoqin	SpaceTab_H20_EEA	1200	1920	320
HAOVM	HP10	800	1280	186
HAOVM	HP10_EEA	800	1280	186
HAOVM	HP20	1200	1920	280
HAOVM	P10_2024	800	1280	213
HAOVM	P10_Pro	800	1280	213
HAOVM	P20	800	1280	160
HAOVM	P9	800	1280	213
HAOVM	P9_EEA	800	1280	213
HAOVM	PS30	1200	1920	280
HAOVM	Q16W	800	1280	160
HAOVM	T2000	800	1280	213
HAOVM	T30W	800	1280	160
HAOVM	V5	800	1280	213
Hatch	Hatch_103S	1200	1920	240
Haus	HAUS_JS410	480	854	240
Haus	JS420	720	1600	320
HBESTORE	HL_1068_A133	800	1280	160
HCNCP	HA10Kids	800	1280	200
HDC S.A.	H10_ONE	600	1024	160
HDC S.A.	H7_ONE	600	1024	160
HDC S.A.	T10_232	800	1280	160
HDC S.A.	T10I-4128	800	1280	160
HDC S.A.	T7I_232	600	1024	160
HEADWOLF	F2A	800	1280	213
HEADWOLF	F3A	1200	1920	280
HEADWOLF	F5	1200	1920	280
HEADWOLF	F5A	1600	2560	320
HEADWOLF	F6	1600	2560	320
HEADWOLF	F6E	800	1340	160
HEADWOLF	F7	1600	2560	320
HEADWOLF	F8	1600	2560	320
HEADWOLF	Fpad1	800	1280	240
HEADWOLF	Fpad2	800	1280	200
HEADWOLF	Fpad3	1200	1920	280
HEADWOLF	H3	1200	2000	320
HEADWOLF	Hpad1	1200	2000	320
HEADWOLF	HPAD1A	1200	2000	280
HEADWOLF	Hpad2	1200	2000	280
HEADWOLF	Hpad5	1200	1920	240
HEADWOLF	HPAD6	1200	2000	240
HEADWOLF	L1	1200	1920	213
HEADWOLF	W5	1200	1920	213
HEADWOLF	W5A	1200	1920	213
HEADWOLF	W6A	1200	1920	280
HEADWOLF	W6B	1200	1920	240
HEADWOLF	W6C	800	1280	213
HEADWOLF	W7	1200	1920	320
HEADWOLF	W7B	1200	1920	213
HEADWOLF	Wpad1	1200	1920	240
HEADWOLF	WPAD2	1200	1920	340
HEATZ	Z9910A	800	1280	213
Heco	KiddoPad_K2	800	1280	213
heinekingmedia	Digitale_Tafel	2160	3840	480
Helgi	HXxx10	2160	3840	480
Helio	helio 15	720	1600	280
Helio	helio 20	720	1600	480
Helio	helio 22	720	1600	480
Helio	helio 40	720	1604	280
Helio	helio 46	720	1600	320
Helio	helio 47	720	1600	320
Helio	helio 50	1080	2400	480
Helio	Helio S5	720	1440	320
Helio	helio_150	1260	2800	480
Helio	helio_45	720	1600	320
Helio	helio_55	1080	2460	480
Helio	helio_62	720	1576	320
Helio	S2	1080	1920	480
HELIX_INC	C-TABLET	1200	1920	320
HELLCAT	TAB10_1	800	1280	213
HELLCAT	TAB11GT	1200	1920	280
HELLCAT	TAB8-1	800	1280	213
HelloPro	A900	800	1280	240
HemiltonPro	Tab1000	1200	1920	320
Hercls	HERCLS L925	720	1440	320
Hero	HERO 4ALL	480	960	240
HEROFUN	BH805G	800	1280	213
Hezire	HBook-Prime	800	1280	200
Hezire	HBook-Pro	800	1280	210
Hi TFG	Boost Max	720	1520	320
Hi-online	HMR5450	480	960	240
Hicel	STAR_1	480	800	210
Hicel	SUN 1	720	1600	320
High_Q	ELT0802H	800	1280	160
HighScreen	Expanse	720	1440	320
HighScreen	Max3	1080	2160	480
HighScreen	Power Five	720	1280	320
HighScreen	Power Ice	720	1280	320
HighScreen	Power Rage	720	1280	320
HighScreen	PowerFiveMax2	1080	2160	480
HighScreen	PowerFiveMaxLite	1080	2160	480
HighScreen	PowerRageEvo	720	1280	320
HIGRACE	G15_EEA	800	1280	160
HIGRACE	OC101	800	1280	160
Hihi	HIHI-40KH-TAB-01	1200	1920	240
Hihi	HIHI-41KH-TAB-1-EEA	1200	1920	240
Hihi	HIHI-50KH-TAB-01-EEA	1200	1920	240
Hiking	A19	720	1520	320
Hiking	A22	720	1560	320
Hiking	A23	1080	2340	480
Hiking	A26	1080	2340	480
Hiking	A27	1080	2340	480
Hiking	A28	1080	2340	480
Hiking	A30	1080	2460	480
Hiking	A40	720	1600	320
Hiking	A42	720	1600	320
Hiking	A43	1080	2408	480
Hiking	A44	1080	2400	480
Hiking	A45	720	1600	320
Hiking	A46	1080	2400	480
Hiking	A49	720	1600	320
Hiking	A51	1080	2400	480
Hiking	A52	720	1600	320
Hiking	A55	720	1600	320
Hiking	A56	720	1640	320
Hiking	A90	720	1600	320
Hiking	KIDS_1	600	1024	160
Hiking	P16_TU	800	1280	200
Hiking	Rugged S2	576	1280	240
Hiking	Rugged_S1	576	1280	240
HIKVISION	DS-D5A65RB/C	2160	3840	640
HIKVISION	DS-MDT202	720	1440	320
HIKVISION	DS_D5C75RB_A	2160	3840	640
HIKVISION	HIK_3588	2160	3840	640
HIKVISION	HIK_9679	2160	3840	480
Hillpos	HT65	720	1600	320
Hipstreet	LS-5017	720	1280	320
Hipstreet	LS-5507	1080	1920	480
Hipstreet	Pilot	600	1024	160
Hisense	32S6S	2160	3840	480
Hisense	A5	720	1440	320
Hisense	A5 Pro	720	1440	320
Hisense	A6L	1080	2340	480
Hisense	AGM X2	1080	1920	480
Hisense	AGM X3	1080	2160	480
Hisense	C1AE-2	720	1280	320
Hisense	Goboard Series	2160	3840	480
Hisense	Hisense E MAX	720	1560	320
Hisense	Hisense E20	480	960	240
Hisense	Hisense E20s	480	960	240
Hisense	Hisense E20S	480	960	240
Hisense	Hisense E30	720	1440	320
Hisense	Hisense E31 Lite	720	1600	320
Hisense	Hisense E33	720	1600	320
Hisense	Hisense E40	720	1600	320
Hisense	Hisense E50	720	1600	320
Hisense	Hisense E50 Lite	720	1600	320
Hisense	Hisense E50 Lite 64G	720	1600	320
Hisense	Hisense E50 Lite 64GB	720	1600	320
Hisense	Hisense E60 Lite	720	1600	320
Hisense	Hisense E70	720	1612	320
Hisense	Hisense E70 Pro	720	1600	320
Hisense	Hisense Enigma	720	1560	480
Hisense	Hisense F16	480	960	240
Hisense	Hisense F72 Pro	720	1600	320
Hisense	Hisense F8 MINI	720	1280	320
Hisense	Hisense H30	1080	2340	480
Hisense	Hisense H40	1080	2340	480
Hisense	Hisense H40 Lite	720	1560	320
Hisense	Hisense H60 Smart	1080	2460	480
Hisense	Hisense Infinity E30 Lite	720	1440	320
Hisense	Hisense Infinity H12	720	1500	320
Hisense	Hisense Infinity H40 Lite	720	1600	320
Hisense	Hisense Infinity H50	1080	2400	480
Hisense	Hisense Infinity H50 Lite	720	1600	320
Hisense	Hisense Infinity H50 ZOOM	1080	2340	480
Hisense	Hisense Infinity H50S 5G	1080	2460	480
Hisense	Hisense Infinity H60 5G	1080	2340	480
Hisense	Hisense Infinity H72 Pro	720	1600	480
Hisense	Hisense M36	720	1280	320
Hisense	Hisense M51	540	1092	240
Hisense	Hisense U3 2021	480	854	240
Hisense	Hisense U30	480	854	240
Hisense	Hisense U30 32GB	480	854	240
Hisense	Hisense U40	480	960	240
Hisense	Hisense U50	720	1560	320
Hisense	Hisense U50	720	1600	320
Hisense	Hisense U62 Pro	720	1600	320
Hisense	Hisense U70 Pro	480	960	213
Hisense	Hisense U70 Pro	540	1092	240
Hisense	Hisense U70 Pro	720	1600	320
Hisense	Hisense U71 Pro	720	1280	320
Hisense	Hisense U963	480	854	240
Hisense	Hisense U964	480	800	220
Hisense	Hisense U964	480	854	240
Hisense	Hisense U964	480	960	240
Hisense	Hisense U964	480	1010	240
Hisense	Hisense U965	640	1280	320
Hisense	Hisense V40S	720	1600	320
Hisense	Hisense V50	720	1600	320
Hisense	HLTE200T	720	1440	320
Hisense	HLTE229E	720	1600	320
Hisense	HLTE243E	480	854	213
Hisense	HLTE300E_ 02	720	1440	320
Hisense	I56D2G	720	1280	320
Hisense	L675	720	1280	320
Hisense	L678	720	1280	320
Hisense	M821T	720	1280	320
Hisense	Mexico	720	1600	320
Hisense	U601S Pro	480	854	240
Hisense	U963	480	854	240
Hisense	u972	720	1280	320
Hisense	VisionBoard	2160	3840	480
HISORL	P50	800	1280	213
HISORL	P80-EEA	800	1280	213
HISORL	P80-ROW	800	1280	213
HISORL	T10P	800	1280	160
HISORL	T901_EEA	800	1280	213
HISORL	T901_ROW	800	1280	213
HISORL	TAB10_ROW	800	1280	180
HISORL	TAB_10	800	1280	160
HISORL	TB02_EEA	800	1280	213
HISORL	TB02_ROW	800	1280	213
HISORL	Y101P	600	1024	160
hitabt	K30A	1200	1920	280
hitabt	P30A	1200	2000	240
hitabt	T30A_SY07PC01	800	1280	160
HMD	HMD ARC	576	1280	213
HMD	HMD Aura	720	1612	280
HMD	HMD CREST	1080	2400	400
HMD	HMD CREST MAX	1080	2400	400
HMD	HMD Fusion X1	720	1612	280
HMD	HMD KEY	576	1280	213
HMD	HMD Pearl	720	1604	320
HMD	HMD Pulse+	720	1612	280
HMD	HMD Skyline Business Edition	1080	2400	400
HMD	HMD T21	1200	2000	280
HMD	HMD Vibe	720	1612	280
HMD	HMD Vibe2 5G	720	1600	480
HMD	HMD XR21	1080	2400	400
HMD	M-KOPA X2	720	1612	280
HMD	M-KOPA X20	720	1612	280
HMR NETWORKS	HMR NETWORKS (PTY) LTD	480	854	240
hoco	hoco_HI10	800	1280	213
hoco	hoco_HI11	800	1280	213
hoco	hoco_HI12	1200	1920	280
hoco	hoco_HI14	800	1280	213
hoco	hoco_HI15	800	1340	213
Hoffmann	X Max	720	1280	320
HOLO	USA	800	1280	213
HOLO	VE0319	800	1280	213
HOLO	X10	1080	2460	480
HOLO	X20	720	1600	320
HOLO	X_PLAY_3	800	1280	213
HOLO	X_Play_Ultra	800	1340	213
HOLO	XPLAY3	800	1280	213
HOLO	XULTRA2	1200	2000	280
HOLO	XULTRA3	800	1280	213
HOLO	XULTRAPLUS	1200	2000	213
HOLO	XULTRAPLUS3	1200	1920	280
Homeplustv	HCA6010	720	1440	320
Hometech	7_PREMIUM_PRO	600	1024	160
Hometech	Alfa10LT	800	1280	180
Hometech	ALFA10MX	800	1280	213
Hometech	ALFA10TB	800	1280	213
Hometech	ALFA10TX	800	1280	213
Hometech	ALFA10TX_PRO	800	1280	213
Hometech	ALFA_10BS	800	1280	213
Hometech	ALFA_10BT	1200	2000	280
Hometech	ALFA_10BT_V2	1200	2000	340
Hometech	ALFA_10YC	800	1280	213
Hometech	Alfa_11_BT	1200	1920	280
Hometech	Alfa_12_GX_Pro	1200	2000	280
Hometech	ALFA_7M	600	1024	160
Hometech	ALFA_8SL	800	1280	213
Hometech	ALFA_8ST	800	1280	213
Hometech	ALFA_8TX	800	1280	200
Hometech	HOMETECH	600	1024	160
Hometech	HT_8MZ	800	1280	160
Hometech	MID1032_MR	800	1280	160
Hometech	Turkey	600	1024	160
HOMII	HOMII M6	720	1560	320
HOMII	XBOOK	800	1280	213
HOMII	XBOOK_12	800	1280	213
HOMII	XBOOK_8M	800	1280	213
HOMII	Xbook_Plus	800	1280	213
HOMII	XBOOK_PRO	800	1280	213
HOMII	Xbookkids	800	1280	213
HOMTOM	C2	640	1280	320
HOMTOM	HT70	720	1440	320
HOMTOM	HT80	720	1440	320
HOMTOM	P30 pro	720	1560	320
HOMTOM	S16	640	1280	320
HOMTOM	S99	720	1440	320
Honda	A-DA	480	800	160
Honeywell	CK62	480	800	213
Honeywell	CK65	480	800	213
Honeywell	CK67	480	800	213
Honeywell	CK75	480	640	213
Honeywell	CN80	480	854	240
Honeywell	CT30XP	1080	2160	480
Honeywell	CT32	1080	2160	400
Honeywell	CT37	1080	2280	480
Honeywell	CT40	720	1280	320
Honeywell	CT40XP	1080	1920	480
Honeywell	CT45	720	1280	320
Honeywell	CT45 XP	1080	1920	480
Honeywell	CT47	1080	2160	480
Honeywell	CT50	720	1280	320
Honeywell	CT60	720	1280	320
Honeywell	CT70	1080	2280	480
Honeywell	D75E	480	800	240
Honeywell	Dolphin CT50	720	1280	320
Honeywell	EDA10A	1200	1920	240
Honeywell	EDA40	720	1440	320
Honeywell	EdA50	720	1280	320
Honeywell	EDA50	720	1280	320
Honeywell	EDA50K	480	800	240
Honeywell	EDA51	720	1280	320
Honeywell	EDA51K	480	800	240
Honeywell	EDA52	720	1440	320
Honeywell	EDA57	720	1440	320
Honeywell	EDA5S	720	1440	320
Honeywell	EDA61K	480	800	240
Honeywell	EDA70	720	1280	320
Honeywell	EDA71	720	1280	320
Honeywell	RT10A	1200	1920	240
Honeywell	Thor VM1A	768	1280	160
Honeywell	Thor VM3A	768	1024	160
HONKUAHG	EV10	1200	1920	320
Honor	Elsa	720	1600	320
Honor	HONOR 100	1200	2664	524
Honor	HONOR 100 Pro	1224	2700	530
Honor	HONOR 200	1200	2664	520
Honor	Honor 200 Lite	1080	2412	480
Honor	HONOR 200 Pro	1224	2700	520
Honor	HONOR 200 Smart	1080	2412	480
Honor	HONOR 400	1264	2736	560
Honor	HONOR 400 Lite	1080	2412	480
Honor	HONOR 400 Pro	1280	2800	560
Honor	HONOR 400 Smart	720	1610	320
Honor	HONOR 50	1080	2340	480
Honor	HONOR 50 Lite	1080	2376	480
Honor	HONOR 500	1264	2736	560
Honor	HONOR 600	1264	2728	560
Honor	HONOR 600 Lite	1200	2600	520
Honor	HONOR 600 Pro	1264	2728	560
Honor	HONOR 600 Smart 5G	720	1592	320
Honor	HONOR 70	1080	2400	480
Honor	HONOR 70 Lite	720	1600	320
Honor	HONOR 90	1200	2664	480
Honor	HONOR 90 GT	1200	2664	524
Honor	HONOR 90 Lite	1080	2388	480
Honor	HONOR Magic V2	2156	2344	480
Honor	HONOR Magic V3	2156	2344	480
Honor	HONOR Magic V5	2172	2352	480
Honor	HONOR Magic V6	2172	2352	480
Honor	HONOR Magic Vs	1984	2272	480
Honor	HONOR Magic4 Pro	1312	2848	560
Honor	HONOR Magic5 Lite 5G	1080	2400	480
Honor	HONOR Magic5 Pro	1312	2848	560
Honor	HONOR Magic6	1264	2800	560
Honor	HONOR Magic6 Lite 5G	1200	2652	520
Honor	HONOR Magic7	1264	2800	560
Honor	HONOR Magic7 Lite	1224	2700	520
Honor	HONOR Magic7 Pro	1280	2800	560
Honor	HONOR Magic8 pro	1256	2808	560
Honor	HONOR MagicPad2	1920	3000	400
Honor	HONOR MagicPad3	2136	3200	420
Honor	HONOR MagicPad4	1920	3000	400
Honor	HONOR Pad 10 Papermatte Display WIFI	1600	2560	360
Honor	HONOR Pad 20	1872	3000	400
Honor	HONOR Pad 20 Pro	1872	3000	400
Honor	HONOR Pad 8	1200	2000	280
Honor	HONOR Pad 9	1600	2560	340
Honor	HONOR Pad V9	1840	2800	400
Honor	HONOR Pad X7	800	1340	240
Honor	HONOR Pad X8	1200	1920	320
Honor	HONOR Pad X8 Lite	800	1280	213
Honor	HONOR Pad X8a	1200	1920	280
Honor	HONOR Pad X8b	1200	1920	280
Honor	HONOR Pad X9	1200	2000	280
Honor	HONOR Pad X9a	1504	2508	360
Honor	HONOR Pad X9b Max	1560	2500	340
Honor	HONOR X5	720	1600	320
Honor	HONOR X5b Plus	720	1612	320
Honor	HONOR X5d	720	1600	320
Honor	HONOR X6	720	1600	320
Honor	HONOR X6a	720	1612	320
Honor	HONOR X6b	720	1612	320
Honor	HONOR X6b 5G	720	1610	320
Honor	HONOR X6c	720	1604	320
Honor	HONOR X6d 5G	720	1600	320
Honor	HONOR X6e	720	1604	320
Honor	HONOR X7	720	1600	320
Honor	HONOR X7a	720	1600	320
Honor	HONOR X7b	1080	2412	480
Honor	HONOR X7b 5G	1080	2412	480
Honor	HONOR X7c	720	1610	320
Honor	HONOR X7d	720	1610	320
Honor	HONOR X7e	720	1604	320
Honor	HONOR X7e Plus	720	1592	320
Honor	HONOR X8	1080	2388	480
Honor	HONOR X8 5G	720	1600	320
Honor	HONOR X8a	1080	2388	480
Honor	HONOR X8b	1080	2412	480
Honor	HONOR X8c	1080	2412	480
Honor	HONOR X8d	1080	2392	480
Honor	HONOR X9	1080	2388	480
Honor	HONOR X9 5G	1080	2388	480
Honor	Honor X9c Smart	1080	2412	480
Honor	HONOR X9d	1200	2640	520
Honor	MagicPad 3	2136	3200	420
Honor	MagicPad3 Pro 13.3	2136	3200	420
Honor	PORSCHE DESIGN HONOR Magic6 RSR	1280	2800	560
Honor	荣耀Magic8 Pro Air	1216	2640	560
Honor	荣耀MagicPad3 Pro 12.3	1920	3000	400
Honor	荣耀Power	1224	2700	520
Honor	荣耀Power2	1200	2640	520
Honor	荣耀V Purse	2016	2348	480
Honor	荣耀X60	1080	2412	480
Honor	荣耀X60 PRO	1224	2700	520
Honor	荣耀X70	1200	2640	520
Honor	荣耀X80 Pro Max	1280	2788	560
Honor	荣耀X80i	1080	2340	480
Honor	荣耀平板 10	1600	2560	360
Honor	荣耀平板20	1872	3000	400
Honor	荣耀平板GT	1840	2800	400
Honor	荣耀平板GT PRO	1920	3000	400
Honor	荣耀平板GT2 Pro	2032	3048	400
Hoozo	AL-10-EEA	800	1280	160
Hoozo	AL-13-EEA	800	1280	160
Hoozo	AX10	800	1280	160
Hoozo	AX10_EEA	800	1280	160
Hoozo	AX13	800	1280	160
Hoozo	F13	800	1280	160
Hoozo	F13_EEA	800	1280	160
Hoozo	HZ0010	800	1280	240
Hoozo	HZ0010J	800	1280	240
Hoozo	HZ0011	800	1280	240
Hoozo	HZ1012	800	1280	160
Hoozo	KTLA133	800	1280	160
Hoozo	MA768	800	1280	160
Hoozo	MBR05	800	1280	160
Hoozo	MBR05_EEA	800	1280	160
Hoozo	MID	800	1280	160
Hoozo	MZ10863W	800	1280	213
Hoozo	MZS10	1200	1920	240
Hoozo	T10A	1200	2000	180
Hoozo	YK_P30	800	1280	160
Hoozo	YK_P30_EEA	800	1280	160
HOPE	S25u	720	1600	320
Horion	K7A	2160	3840	480
Horion	M6APro	2160	3840	480
Horion	M6AProV2	2160	3840	480
HORIZON	ID65HZA3B1_C	2160	3840	640
Hot Pepper	15 Pro Max	720	1650	320
Hot Pepper	18 Pro	720	1600	320
Hot Pepper	19 Pro Max	1080	2460	480
Hot Pepper	Chilaca Plus	720	1600	280
Hot Pepper	Datil	720	1612	280
Hot Pepper	DT10	800	1280	160
Hot Pepper	Ghost	720	1440	320
Hot Pepper	HPPAP16	800	1280	160
Hot Pepper	HPPAP33	800	1280	180
Hot Pepper	HPPH88C	576	1280	260
Hot Pepper	HPPL61B	720	1600	320
Hot Pepper	K82A	1080	2400	480
Hot Pepper	KR10	1080	2460	480
Hot Pepper	Panca	480	960	213
Hot Pepper	Pulla	800	1280	180
Hot Pepper	Serrano	480	960	240
Hot Pepper	Stylo 7plus	720	1600	320
Hot Pepper	T11 Pro	720	1650	320
Hot Pepper	Verde	720	1612	320
Hot Pepper	VLE5	480	854	240
HotLight	C108_EEA	800	1280	160
HotLight	G9A_EEA	1200	2000	240
HotLight	TP1003	800	1280	160
Hotwav	A16 Pro Max	720	1600	320
Hotwav	A17 Pro Max	720	1600	320
Hotwav	A36	720	1600	320
Hotwav	A56	720	1600	320
Hotwav	Cyber 15	1080	2408	480
Hotwav	Cyber 16 Pro	1080	2408	480
Hotwav	Cyber 17	720	1600	300
Hotwav	Cyber 18	720	1600	300
Hotwav	Cyber 7	1080	2340	480
Hotwav	Cyber 8	720	1520	320
Hotwav	Cyber 9 Pro	720	1520	320
Hotwav	Cyber X	1080	2460	480
Hotwav	Cyber X Pro	1080	2460	480
Hotwav	Cyber_13_Pro	1080	2408	440
Hotwav	HOT 6	720	1280	320
Hotwav	Hyper 7	1080	2408	480
Hotwav	Hyper 7 Pro	1080	2408	480
Hotwav	Hyper 7S	720	1612	320
Hotwav	Hyper 8 Pro	1080	2460	480
Hotwav	Hyper 8 Ultra	1080	2460	480
Hotwav	M5	720	1440	320
Hotwav	M5 Plus	720	1440	320
Hotwav	M6	720	1440	320
Hotwav	Note 12	720	1640	320
Hotwav	Note 13 Max	720	1640	320
Hotwav	Note 15	720	1612	320
Hotwav	Note 15 Pro	720	1612	320
Hotwav	Note 16	720	1640	320
Hotwav	Note 18 GT	720	1560	320
Hotwav	Note 18 Pro	720	1560	320
Hotwav	Note _12 _EF	720	1640	320
Hotwav	Note15	720	1612	320
Hotwav	Note_13	720	1612	320
Hotwav	Note_13_Pro_EEA	720	1612	320
Hotwav	Pad 11	1200	1920	320
Hotwav	Pad 12	800	1280	160
Hotwav	Pad_13	800	1280	213
Hotwav	Pad_13_Pro	800	1280	213
Hotwav	Pad_8	1200	2000	320
Hotwav	Pearl K1	720	1520	320
Hotwav	Pearl K2	720	1520	320
Hotwav	Pearl K3	720	1560	320
Hotwav	Pearl_K2_Prime	720	1520	320
Hotwav	Symbol Max	720	1520	320
Hotwav	T5 Pro	480	960	240
Hotwav	T7 EEA	720	1600	320
Hotwav	T7 Pro EEA	1080	2408	480
Hotwav	T8	720	1600	300
Hotwav	TAB R11 Pro	800	1340	210
Hotwav	TAB R5	800	1280	213
Hotwav	TAB R6 Pro	800	1280	213
Hotwav	TAB R6 Ultra	1200	2000	320
Hotwav	TAB R8	800	1280	213
Hotwav	TAB R9 Plus	1200	1920	240
Hotwav	TAB_R10_Pro	800	1280	280
Hotwav	TAB_R7	800	1280	213
Hotwav	TAB_R9_Pro_Max	1200	1920	320
Hotwav	W10	720	1600	320
Hotwav	W10 Pro	720	1600	320
Hotwav	W11	1080	2408	480
Hotwav	X100 GT	720	1640	300
How	1001-G	600	1024	160
How	1001_G	600	1024	160
How	705-G	600	1024	160
How	705-G Go	600	1024	213
How	HT-704	600	1024	160
How	HT-705	600	1024	160
How	HT-705XS	600	1024	160
HP	10	800	1280	160
HP	10 Plus	1200	1920	240
HP	7 G2	720	1280	160
HP	7 Plus	600	1024	160
HP	7 Tablet	552	1024	160
HP	7 Voice Tab	600	1024	160
HP	7.1	600	1024	160
HP	8	768	1024	160
HP	HP Engage One Essential All-in-One System	1080	1920	240
HP	OmniPad 12	1200	2000	240
HP	Pro 8 Tablet with Voice	800	1280	213
HP	Pro Slate 10 EE G1	800	1280	160
HP	Pro Slate 8	1536	2048	320
HP	Slate 10 HD	800	1280	160
HP	Slate 17	1080	1920	160
HP	Slate 21 Pro	1080	1920	160
HP	Slate 7	600	976	160
HP	Slate21	1080	1920	160
HP	SlateBook 10 x2 PC	1200	1920	240
HQ_bel	Tablet_HQ_T616	800	1280	213
HTC	10	1440	2560	640
HTC	10 evo	1440	2560	640
HTC	8060	1080	1920	480
HTC	8088	1080	1920	480
HTC	9088	1080	1920	480
HTC	919d	1080	1920	480
HTC	Butterfly	1080	1920	480
HTC	Butterfly 2	1080	1920	480
HTC	Butterfly S	1080	1920	480
HTC	Butterfly s 9060	1080	1920	480
HTC	D626q	720	1280	320
HTC	D628u	720	1280	320
HTC	D820f	720	1280	320
HTC	D820t	720	1280	320
HTC	Desire 10 compact	720	1280	320
HTC	Desire 10 lifestyle	720	1280	320
HTC	Desire 10 pro	1080	1920	480
HTC	Desire 12	720	1440	320
HTC	Desire 12+	720	1440	320
HTC	Desire 12s	720	1440	320
HTC	Desire 20 Pro	1080	2340	400
HTC	Desire 310	480	854	240
HTC	Desire 320	480	854	240
HTC	Desire 510	480	854	240
HTC	Desire 520	480	854	240
HTC	Desire 526	540	960	240
HTC	Desire 526G+ dual sim	540	960	240
HTC	Desire 530	720	1280	320
HTC	Desire 550/ 555	720	1280	320
HTC	Desire 610	540	960	240
HTC	Desire 620	720	1280	320
HTC	Desire 620G dual sim	720	1280	320
HTC	Desire 626	720	1280	320
HTC	Desire 626G+ dual sim	720	1280	320
HTC	Desire 626s	720	1280	320
HTC	Desire 630 dual sim	720	1280	320
HTC	Desire 650	720	1280	320
HTC	Desire 650 dual sim	720	1280	320
HTC	Desire 728	720	1280	320
HTC	Desire 728 dual sim	720	1280	320
HTC	Desire 728G dual sim	720	1280	320
HTC	Desire 816	720	1280	320
HTC	Desire 816 dual sim	720	1280	320
HTC	Desire 816G dual	720	1280	320
HTC	Desire 820	720	1280	320
HTC	Desire 820G PLUS dual sim	720	1280	320
HTC	Desire 820s dual sim	720	1280	320
HTC	Desire 825	720	1280	320
HTC	Desire 826 dual sim	1080	1920	480
HTC	Desire 828	1080	1920	480
HTC	Desire 828 dual sim	1080	1920	480
HTC	Desire 830	1080	1920	480
HTC	Desire 830 dual sim	1080	1920	480
HTC	Desire EYE	1080	1920	480
HTC	Desire626s	720	1280	320
HTC	E9pt	1440	2560	640
HTC	enodugls_02401	1080	2436	480
HTC	EXODUS 1	1440	2880	640
HTC	HTC 10 evo	1440	2560	640
HTC	HTC 5G Hub	720	1280	320
HTC	HTC A100	1200	1920	240
HTC	HTC A101	1200	1920	240
HTC	HTC A101 Plus	1200	1920	240
HTC	HTC A102	1200	2000	240
HTC	HTC A103	800	1280	160
HTC	HTC A103 Plus	1200	1920	240
HTC	HTC A104	1200	2000	240
HTC	HTC AT01	800	1280	240
HTC	HTC AT01 Plus	1200	1920	240
HTC	HTC Desire 19s	720	1520	320
HTC	HTC Desire 20+	720	1600	280
HTC	HTC Desire 21 Pro 5G	1080	2400	400
HTC	HTC Desire 22 5G	1080	2412	480
HTC	HTC Desire 628 dual sim	720	1280	320
HTC	HTC Desire19+	720	1520	320
HTC	HTC U11	1440	2560	640
HTC	HTC U11 EYEs	1080	2160	480
HTC	HTC U11 life	1080	1920	480
HTC	HTC U11+	1440	2880	640
HTC	HTC U19e	1080	2160	480
HTC	HTC U23	1080	2400	480
HTC	HTC U23 pro	1080	2400	480
HTC	HTC Wildfire X	720	1520	320
HTC	HTC6435LVW	1080	1920	480
HTC	HTL23	1080	1920	480
HTC	J Butterfly	1080	1920	480
HTC	J One	1080	1920	480
HTC	M8t	1080	1920	480
HTC	M9e	1080	1920	480
HTC	M9ew	1440	2560	640
HTC	M9px	1440	2560	640
HTC	Nexus 9	1536	2048	320
HTC	Nexus 9 LTE	1536	2048	320
HTC	ONE	1080	1920	480
HTC	One	1080	1920	480
HTC	One (E8)	1080	1920	480
HTC	One (E8) 时尚版	1080	1920	480
HTC	One (E8) 时尚版 4G LTE双卡双待联通版	1080	1920	480
HTC	One (M8 EYE)	1080	1920	480
HTC	One (M8)	1080	1920	480
HTC	One (M8) (4G LTE 双卡双待 联通版)	1080	1920	480
HTC	One A9	1080	1920	480
HTC	One A9s	720	1280	320
HTC	One Dual 802d	1080	1920	480
HTC	One E9 dual sim	1080	1920	480
HTC	ONE M8s	1080	1920	480
HTC	One M9	1080	1920	480
HTC	One M9+	1440	2560	640
HTC	One max	1080	1920	480
HTC	One mini 2	720	1280	320
HTC	ONE S	540	960	240
HTC	One X	720	1280	320
HTC	One X10	1080	1920	480
HTC	One X9 dual sim	1080	1920	480
HTC	One_E8	1080	1920	480
HTC	U Play	1080	1920	480
HTC	U Ultra	1440	2560	640
HTC	U11	1440	2560	640
HTC	U11 Life	1080	1920	480
HTC	U12 Life	1080	2160	480
HTC	U12+	1440	2880	640
HTC	U20 5G	1080	2400	480
HTC	Wildfire E	720	1440	320
HTC	Wildfire E Lite	720	1440	320
HTC	Wildfire E plus	720	1600	320
HTC	Wildfire E star	720	1600	320
HTC	Wildfire E ultra	480	960	240
HTC	Wildfire E1	720	1560	320
HTC	Wildfire E2	720	1520	320
HTC	Wildfire E2 play	720	1640	320
HTC	Wildfire E2 plus	720	1640	320
HTC	Wildfire E3	720	1600	320
HTC	Wildfire E3 lite	720	1600	320
HTC	Wildfire E4	720	1600	320
HTC	Wildfire E4 Plus	720	1600	320
HTC	Wildfire E5	720	1600	320
HTC	Wildfire E5 Elite	720	1560	320
HTC	Wildfire E5 Life	540	960	220
HTC	Wildfire E5 Plus	720	1600	320
HTC	Wildfire E6	720	1440	320
HTC	Wildfire E6 Elite	720	1600	320
HTC	Wildfire E6 Plus	720	1612	320
HTC	Wildfire E6 Star	720	1612	320
HTC	Wildfire E7	720	1600	320
HTC	Wildfire E7 Elite	720	1640	320
HTC	Wildfire E7 Life	720	1600	320
HTC	Wildfire E7 Plus	1080	2460	480
HTC	Wildfire E8 Plus	540	1200	240
HTC	Wildfire_E1_Plus	720	1560	320
HTC	X2-HT	1080	1920	480
HTOWAV	Cyber 13	720	1612	300
HTStyle	HMX70	1920	2560	320
HUAVI	SH_700	720	1600	320
Huawei	ATH-TL00	1080	1920	480
Huawei	CHC-U23	720	1280	320
Huawei	Che1-CL10	720	1280	320
Huawei	Che2-L11	720	1280	320
Huawei	Copper Plus	720	1280	320
Huawei	d-01G	800	1280	213
Huawei	d-01H	1200	1920	240
Huawei	d-02H	1200	1920	320
Huawei	D2	1080	1920	480
Huawei	dtab01	752	1280	160
Huawei	ECO	480	854	240
Huawei	G6-L11	540	960	240
Huawei	G6-L22	540	960	240
Huawei	G6-U10	540	960	240
Huawei	G610-U20	540	960	240
Huawei	G620-A2	720	1280	320
Huawei	G620-L72	540	960	240
Huawei	G620S-L01	720	1280	320
Huawei	G620S-L02	720	1280	320
Huawei	G620S-L03	720	1280	320
Huawei	G630-U10	720	1280	320
Huawei	G630-U20	720	1280	320
Huawei	G7-L01	720	1280	320
Huawei	G7-L03	720	1280	320
Huawei	G7-L11	720	1280	320
Huawei	G7-TL00	720	1280	320
Huawei	G700-U10	720	1280	320
Huawei	G730	1080	1920	480
Huawei	G730-U10	540	960	240
Huawei	G735-L03	720	1280	320
Huawei	G750-T20	1080	1920	480
Huawei	G750-U10	720	1280	320
Huawei	G8	1080	1920	480
Huawei	G9 Plus	1080	1920	480
Huawei	GR3	720	1280	320
Huawei	GR5	1080	1920	480
Huawei	GT3	1080	1920	480
Huawei	GX8	1080	1920	480
Huawei	H60-L11	1080	1920	480
Huawei	H892L	720	1280	320
Huawei	HAUWEI Y5 Lite 2018	480	854	240
Huawei	Hol-U19	720	1280	320
Huawei	Honor 10	1080	2280	480
Huawei	honor 10 Lite	1080	2340	480
Huawei	HONOR 10i	1080	2340	480
Huawei	HONOR 20	1080	2340	480
Huawei	HONOR 20S	1080	2312	480
Huawei	Honor 4A	720	1280	320
Huawei	Honor 5A	720	1280	320
Huawei	Honor 5C	1080	1920	480
Huawei	Honor 5X	1080	1920	480
Huawei	Honor 6A	720	1280	320
Huawei	honor 6C Pro	720	1280	320
Huawei	Honor 7	1080	1920	480
Huawei	Honor 7C	720	1440	320
Huawei	Honor 7S	720	1440	320
Huawei	Honor 7X	1080	2160	480
Huawei	Honor 8	1080	1920	480
Huawei	Honor 8 Smart	1080	1920	480
Huawei	Honor 8A	720	1560	320
Huawei	honor 8C	720	1520	160
Huawei	HONOR 8S	720	1520	320
Huawei	Honor 8X	1080	2340	480
Huawei	Honor 9	1080	1920	480
Huawei	Honor 9 Lite	1080	2160	480
Huawei	HONOR 9X	1080	2340	480
Huawei	Honor Magic 2	1080	2340	480
Huawei	Honor Note10	1080	2220	420
Huawei	Honor Play	1080	2340	480
Huawei	Honor V10	1080	2160	480
Huawei	Honor V8	1080	1920	480
Huawei	Honor V9	1440	2560	480
Huawei	HONOR View20	1080	2310	480
Huawei	Honor3	720	1280	320
Huawei	Huawei Elate™	720	1280	320
Huawei	HUAWEI GR5 2017	1080	1920	480
Huawei	HUAWEI Mate 20 X (5G)	1080	2244	480
Huawei	HUAWEI Mate SE	1080	2160	480
Huawei	HUAWEI MediaPad M3 Lite	1200	1920	360
Huawei	HUAWEI MediaPad M3 Lite 10 wp	1200	1920	320
Huawei	HUAWEI MediaPad M5 10.8	1600	2560	400
Huawei	HUAWEI MediaPad M5 8.4	1600	2560	480
Huawei	HUAWEI MediaPad M5 lite	1200	1920	360
Huawei	HUAWEI MediaPad M5 Pro	1600	2560	400
Huawei	HUAWEI MediaPad T3 10	800	1280	213
Huawei	Huawei MediaPad T5	1200	1920	320
Huawei	HUAWEI nova 2 Plus	1080	1920	480
Huawei	HUAWEI nova 5T	1080	2340	480
Huawei	HUAWEI P smart	1080	2160	480
Huawei	HUAWEI P smart 2020	1080	2340	480
Huawei	HUAWEI P30	1080	2340	480
Huawei	HUAWEI P30 lite	1080	2312	480
Huawei	HUAWEI P9 lite mini	720	1280	320
Huawei	HUAWEI Y5 2018	720	1440	320
Huawei	HUAWEI Y5 2019	720	1520	320
Huawei	HUAWEI Y5 lite	720	1440	320
Huawei	HUAWEI Y5 lite 2017	480	854	240
Huawei	HUAWEI Y6 2017	720	1280	320
Huawei	HUAWEI Y6 2018	720	1440	320
Huawei	HUAWEI Y6 2019	720	1560	320
Huawei	HUAWEI Y6s	720	1560	320
Huawei	HUAWEI Y7 2018	720	1440	320
Huawei	HUAWEI Y7 2019	720	1520	320
Huawei	HUAWEI Y9 2018	1080	2160	480
Huawei	Huawei Y9 2019	1080	2340	480
Huawei	HUAWEI Y9 2019	1080	2340	480
Huawei	HUWEI MediaPad T3	800	1280	240
Huawei	HWT31	1200	1920	240
Huawei	LISZT	1200	1920	240
Huawei	M2	1200	1920	320
Huawei	M3	1600	2560	480
Huawei	Mate 10	1440	2560	480
Huawei	Mate 10 lite	1080	2160	480
Huawei	Mate 10 Pro	1080	2160	480
Huawei	Mate 20	1080	2244	480
Huawei	Mate 20 lite	1080	2340	480
Huawei	Mate 20 Pro	1440	3120	480
Huawei	Mate 7	1080	1920	480
Huawei	Mate 8	1080	1920	480
Huawei	Mate 9	1080	1920	480
Huawei	Mate 9 Pro	1440	2560	480
Huawei	Mate S	1080	1920	480
Huawei	MediaPad	600	1024	160
Huawei	MediaPad 10 LINK	752	1280	160
Huawei	MediaPad 10 Link	752	1280	160
Huawei	MediaPad 10 Link+	800	1280	160
Huawei	MediaPad 7 Lite Quad	552	1024	160
Huawei	MediaPad 7 Youth 2	600	1024	160
Huawei	MediaPad 7 Youth2	600	1024	160
Huawei	MediaPad M1 8.0	800	1280	213
Huawei	MediaPad M3 Lite 10	1200	1920	320
Huawei	MediaPad T2 10.0 Pro	1200	1920	240
Huawei	MediaPad T2 10.0 pro	1200	1920	240
Huawei	MediaPad T2 7.0	600	1024	200
Huawei	MediaPad T2 8.0 Pro	1200	1920	320
Huawei	MediaPad T3 7	600	1024	213
Huawei	MediaPad X1 7.0	1200	1920	320
Huawei	MediaPad Youth	552	1024	160
Huawei	MT1	720	1208	240
Huawei	MT2-L03	720	1280	320
Huawei	Nexus 6P	1440	2560	560
Huawei	nova	1080	1920	480
Huawei	nova 2	1080	1920	480
Huawei	nova 2i	1080	2160	480
Huawei	nova 2s	1080	2160	480
Huawei	nova 3	1080	2340	480
Huawei	nova 3i	1080	2340	480
Huawei	nova 4	1080	2310	480
Huawei	P10	1080	1920	480
Huawei	P10 lite	1080	1920	480
Huawei	P10 Plus	1440	2560	480
Huawei	P20	1080	2244	480
Huawei	P20 lite	1080	2280	480
Huawei	P20 Pro	1080	2240	480
Huawei	P30 Pro	1080	2340	480
Huawei	P30 Pro	1080	2388	480
Huawei	P6	720	1280	320
Huawei	P7	1080	1920	480
Huawei	P8	1080	1920	480
Huawei	P8 Lite	720	1280	320
Huawei	P8 lite 2017	1080	1920	480
Huawei	P8max	1080	1920	400
Huawei	P9	1080	1920	480
Huawei	P9 lite	1080	1920	480
Huawei	P9 lite smart	720	1280	320
Huawei	P9 Plus	1080	1920	480
Huawei	PE-CL00	1080	1920	480
Huawei	PORSCHE DESIGN HUAWEI Mate RS	1440	2880	480
Huawei	RIO-CL00	1080	1920	480
Huawei	S10	752	1280	160
Huawei	S7	600	976	160
Huawei	Sensa LTE	1080	1920	480
Huawei	ShotX	1080	1920	480
Huawei	T1 10	800	1280	160
Huawei	T101	800	1232	160
Huawei	t1_8p0	800	1280	213
Huawei	t1_8p0lte	800	1280	213
Huawei	UNION	480	854	240
Huawei	Vogue7	600	976	160
Huawei	X2	1200	1920	400
Huawei	Y221-U03	320	480	160
Huawei	Y221-U12	320	480	160
Huawei	Y300	480	800	240
Huawei	Y320-U30	480	800	240
Huawei	Y330	480	800	240
Huawei	Y330-U01	480	800	240
Huawei	Y330-U11	480	800	240
Huawei	Y336-U02	480	800	240
Huawei	Y340-U081	480	800	240
Huawei	Y360-U61	480	800	240
Huawei	Y360-U82	480	800	240
Huawei	Y3II	480	854	240
Huawei	Y3III	480	854	240
Huawei	Y5 2017	720	1280	320
Huawei	Y511-U10	480	854	240
Huawei	Y520-U03	480	854	240
Huawei	Y530	480	854	240
Huawei	Y530-U051	480	854	240
Huawei	Y541-U02	480	854	240
Huawei	Y550-L01	480	854	240
Huawei	Y550-L03	480	854	240
Huawei	Y560-L01	480	854	240
Huawei	Y560-U02	480	854	240
Huawei	Y5II	720	1280	320
Huawei	Y6	720	1280	320
Huawei	Y6 Pro	720	1280	320
Huawei	Y600-U351	480	854	240
Huawei	Y625-U32	480	854	240
Huawei	Y635-TL00	480	854	240
Huawei	Y6II	720	1280	320
Huawei	Y7	720	1280	320
Huawei	Y9 Prime 2019	1080	2340	480
Huawei	Youth	600	976	160
Huawei	华为平板 C5	1440	2200	300
Huawei	华为平板 M5 青春版	1200	1920	320
Huawei	华为揽阅M2青春版7.0	1200	1920	400
Huawei	华为畅享 9e	1080	1920	480
Huawei	华为畅享 9S	1080	2340	480
Huawei	华为畅享 MAX	1080	2244	480
Huawei	华为畅享6	720	1280	320
Huawei	华为畅享8e	720	1440	320
Huawei	荣耀 8X	720	1600	320
Huawei	荣耀 V9 play	720	1280	320
Huawei	荣耀8X Max	1080	2244	480
Huawei	荣耀9i	1080	2280	480
Huawei	荣耀9X	1080	2376	480
Huawei	荣耀Note8	1440	2560	560
Huawei	荣耀Waterplay 8英寸	1200	1920	360
Huawei	荣耀平板5	1200	1920	360
Huawei	荣耀畅享7 Plus	720	1280	320
Huawei	荣耀畅玩 6X	1080	1920	480
Huawei	荣耀畅玩4C	720	1280	320
Huawei	荣耀畅玩4X	720	1280	320
Huawei	荣耀畅玩5A	720	1280	320
Huawei	荣耀畅玩6	720	1280	320
Huawei	麦芒4	1080	1920	480
HUGEROCK	E101_EEA	1080	1920	240
HUIHUANG	C90	800	1280	213
HUIHUANG	E10_A	800	1280	213
HUIHUANG	M11_US	800	1280	213
HUIHUANG	X10S	800	1280	213
Huion	KamvasSlate10	1200	1920	280
Huion	KamvasSlate10_EEA	1200	1920	280
Huion	KT1101_EEA	1200	1920	280
Huion	KT1201	1600	2176	320
Human_Acadaemy	HA-007	600	1024	160
Human_Academy	HA-008	800	1280	180
Hurricane	Excite	480	960	240
Hurricane	Fuel	480	960	240
Hurricane	Iris	480	800	240
Hurricane	Iris_Plus	480	800	240
Hurricane	Splash	480	854	240
Hurricane	Volt_Plus	480	854	240
Huskee	HELIOS	600	1024	213
Huskee	HELIOS_Plus	600	1024	160
Huskee	ST-810	600	1024	160
Hyatta	Model_5	480	800	220
Hyatta	Model_6s_TR	1080	2160	480
Hyatta	Model_7_EEA	480	800	200
HYF(heyuefeng)	SQ126G	1200	2000	320
Hyjoy	KT1006	800	1332	160
Hyjoy	P11	800	1280	160
Hyjoy	P11_EEA	800	1280	160
HYPERTECH	THATAB	800	1280	160
Hytera	PDC550	720	1280	320
Hytera	PDC680	720	1280	320
Hytera	PNC460	1080	1920	480
Hytera	PNC550_P_TU	720	1280	320
Hytera	PNC560	1080	2340	480
Hytera	PNC660	1080	2340	480
Hytera	PTC680	720	1280	320
Hyundai	10LA2	1200	1920	280
Hyundai	10LB4	800	1280	320
Hyundai	8LAB1	800	1280	213
Hyundai	E475	480	800	240
Hyundai	E485	480	800	240
Hyundai	e501	480	854	240
Hyundai	E506	480	854	200
Hyundai	E553	480	960	240
Hyundai	E554	480	960	200
Hyundai	E602	720	1440	320
Hyundai	E603	480	960	240
Hyundai	HT0703W08	600	1024	160
Hyundai	HT0802W16/Koral_8W2	800	1280	213
Hyundai	HT10LA1MSGNA02	1200	1920	360
Hyundai	HT10LA2MSGNA01	800	1280	240
Hyundai	HT10LB2MBKLTM	800	1280	160
Hyundai	HT10LB2MBKLTM02	800	1280	200
Hyundai	HT10LB3MBKLTM	800	1280	213
Hyundai	HT10LB3MBKWW	800	1280	213
Hyundai	HT10LB4MSGNA01	800	1280	213
Hyundai	HT10LC1MBKLTM	800	1280	200
Hyundai	HT10LC1MBKLTM01	800	1280	213
Hyundai	HT10WB2MSG01	800	1280	213
Hyundai	HT10WB3MSG01	800	1280	160
Hyundai	HT7GB1MBK_	600	1024	160
Hyundai	HT7WB1RBK	600	1024	160
Hyundai	HT8LA1RBKNA01	1200	1920	240
Hyundai	HT8LAB1PBKLTM	800	1280	240
Hyundai	HT8WB1RBK01	1200	1920	300
Hyundai	HT8WB1RBK02	800	1280	213
Hyundai	HT8WB1RBK02A	800	1280	213
Hyundai	HT8WB1RBK03	800	1280	213
Hyundai	HyLine_Plus	720	1612	320
Hyundai	HyLine_Pro	720	1600	320
Hyundai	HyLine_Pro	1200	2000	280
Hyundai	HyLine_Pro_X	720	1600	320
Hyundai	Hytab Plus 8LB1	800	1280	213
Hyundai	Hytab_Plus	800	1280	160
Hyundai	HyTab_Plus_10LC2	800	1280	213
Hyundai	Hytab_Pro	1200	1920	360
Hyundai	Hyundai Koral 7M3X	600	1024	160
Hyundai	Hyundai Koral_7M4	600	1024	160
Hyundai	Hyundai Smartboard	2160	3840	480
Hyundai	Hyundai_Eternity_G50	480	854	240
Hyundai	Hyundai_Eternity_G57	720	1440	320
Hyundai	Hyundai_Eternity_G60	720	1560	320
Hyundai	Koral	600	1024	160
Hyundai	Koral	800	1280	213
Hyundai	Koral 10XL	800	1280	160
Hyundai	Koral_10LB1	800	1280	160
Hyundai	Koral_10X2	800	1280	160
Hyundai	Koral_10X3	800	1280	213
Hyundai	Koral_10XL	800	1280	160
Hyundai	Koral_7W4X	600	1024	160
Hyundai	L503F Plus	480	960	213
Hyundai	L506	480	854	200
Hyundai	L553	480	960	240
Hyundai	L604	480	960	240
Hyundai	L610	720	1560	280
Hyundai	L622	720	1520	280
Hyundai	L651	720	1600	320
Hyundai	L681	720	1640	260
Hyundai	Seoul_S8	720	1440	320
Hyundai	Ultra Shadow	720	1280	320
Hyundai	Ultra Shine	720	1280	320
Hyundai	Ultra Storm	1080	1920	480
Hyundai	Ultra Sync	480	854	240
Hyundai	Ultra Vision	720	1440	320
Hyundai	Ultra Vision Plus	720	1440	320
HYUNDAI_MAESTRO	HDT-7427GU	600	1024	160
HYUNDAI_MAESTRO	HDT-7433X	600	1024	160
HYUNDAI_MAESTRO	HDT-9421GU	600	1024	160
HYUNDAI_MAESTRO	HDT-9433X	600	1024	160
HYUNDAI_MAESTRO	HDT_7433H_PLUS	600	1024	160
I-Bridge	South Korea	1200	2000	240
i-Buddie	TG08RK	800	1280	240
i-Buddie	TG08RK1	800	1280	213
i-Buddie	TU10MK1_1	800	1280	160
i-Buddie	TU11MK1_1	800	1280	160
i-Buddie	TU11MK1_2	800	1280	160
i-custom	S10	2160	3840	360
i-custom	S11	1080	1920	240
i-PLUS	Nu65	720	1600	320
I-Scream	i-Screamedu	1200	1920	213
i.safe MOBILE	IS330	320	432	160
i.safe MOBILE	IS530	480	854	240
i.safe MOBILE	IS540	1080	2160	480
i.safe MOBILE	IS541	1080	2160	480
I3-TECHNOLOGIES	i3CONNECT_ELM-2	2160	3840	480
I3-TECHNOLOGIES	i3SIXTY-3	2160	3840	480
I3-TECHNOLOGIES	i3TOUCH-X3	2160	3840	480
i3CONNECT	Aspen 4	2160	3840	480
i5 (dza)	TABLET_PC	800	1280	160
i5 (dza)	V10	480	1014	213
iBall	Avid	800	1280	160
iBall	Blaze_V4	600	1024	160
iBall	iBall	600	1024	160
iBall	iBall	800	1280	160
iBall	iBall Slide Cleo S9	600	1024	160
iBall	iBall Slide Gorgeo 4GL	600	1024	160
iBall	iBall Slide Nimble 4GF	800	1280	213
iBall	iBall Slide Snap 4G2	600	1024	213
iBall	iBall Slide Twinkle i5	600	1024	213
iBall	iBall Slide Wings 4GP	800	1280	213
iBall	iBall_Slide_Majestic_01	800	1280	160
iBall	iBall_Slide_Skye_03	600	1024	160
iBall	iT-KSA0003	1200	1920	280
iBall	iT-KSA0012	1200	1920	280
iBall	iT-KSA0066	1200	1920	280
iBall	Nova_4G	800	1280	160
iBall	Slide_Dazzle_3500	600	1024	160
iBall	Slide_Elan_3x32	800	1280	160
iBall	Slide_Elan_4G2_Plus	800	1280	160
ibowin	M10ES11	800	1280	180
iBRIT	Alpha	480	854	240
iBRIT	i5+	480	960	240
iBRIT	IB6001	720	1440	320
iBRIT	iBRIT	720	1612	320
iBRIT	MAX12	800	1280	213
iBRIT	Max12pro	800	1280	213
iBRIT	MAX15	800	1280	213
iBRIT	X10	800	1280	160
iBRIT	X10_Pro	800	1280	160
iCare	iCare10	1200	1920	240
Icon	Portal_10i	800	1280	160
iCraig	CMP840	600	1024	160
iData	iData i3	480	800	240
iData	iData K1	480	800	240
iData	iData K3 Pro	480	800	240
iData	iData P1	1200	1920	240
iData	iData P1 mini	800	1280	220
iData	iData T1	720	1440	320
iData	iData T1 Pro	720	1440	320
iData	iData T1S	720	1440	320
iData	iData T2	720	1520	320
iData	iData T3 Pro	720	1440	320
iData	iData T5	1080	2160	480
iData	iData_50	720	1280	320
iData	iData_K1	480	800	240
iData	K3S	480	800	240
iData	K8	480	800	240
iData	T1UHF	720	1440	320
IDC	EVO_G4	1080	2340	480
IDEMIA	ID Screen	800	1280	213
iDevice	Uzbekistan	720	1520	320
iFit	IFT1018	800	1280	160
iGet	iGET T2	720	1612	300
iGet	SMART_G101	800	1280	160
iGet	SMART_G102	800	1280	160
iGet	SMART_G81H	800	1280	160
iGet	SMART_L102	800	1280	160
iGet	SMART_L103_eea	800	1280	160
iGet	SMART_L104_eea	800	1280	160
iGet	SMART_L11	1200	2000	280
iGet	SMART_L206	1200	2000	280
iGet	SMART_L20X	1200	1920	240
iGet	SMART_L30	1200	1920	280
iGet	SMART_L31	1200	1920	280
iGet	SMART_L32	1200	1920	280
iGet	SMART_L42	1200	1920	280
iGet	SMART_L43	1200	2000	320
iGet	SMART_W101	800	1280	160
iGet	SMART_W10X_EEA	800	1280	160
iGet	SMART_W202	800	1280	160
iGet	SMART_W203	800	1280	160
iGet	SMART_W20X	800	1280	160
iGet	SMART_W30_EEA	800	1280	180
iGet	SMART_W31_EEA	800	1280	180
iGet	SMART_W32	1200	1920	280
iGet	SMART_W41	1200	1920	280
iGet	SMART_W84_EEA	600	1024	160
iGet	SMART_W8_Kids	800	1280	213
iGet	SMART_W8X	800	1280	213
iGet	T1	720	1440	320
iHunt	Alien_X_Pro_2021	720	1520	300
iHunt	AlienXLite2020	600	1280	240
iHunt	Cyber DOG 4G	480	960	240
iHunt	Cyber_Shark_EEA	720	1440	320
iHunt	iHunt Cyber Wolf 5G	1080	2340	480
iHunt	iHunt Fit Runner	720	1440	320
iHunt	iHunt S22 ULTRA	720	1560	320
iHunt	iHunt S24 PLUS	720	1600	320
iHunt	iHunt S24 ULTRA	720	1640	320
iHunt	iHunt S60 Discovery Pro 2021	720	1440	320
iHunt	iHunt Tablet PC 11 Ultra	800	1280	180
iHunt	iHunt Titan P10000 Pro	720	1600	280
iHunt	iHunt_Like_12_EEA	480	960	213
iHunt	iHunt_Note_Ultra	720	1600	320
iHunt	iHunt_P15000_EEA	720	1600	320
iHunt	iHunt_S23_PLUS_EEA	720	1600	300
iHunt	iHunt_S23_ULTRA	720	1640	320
iHunt	iHunt_S24_Xtreme_EEA	720	1612	320
iHunt	iHunt_S25_ULTRA	720	1600	320
iHunt	iHuntLike12PRO	720	1440	320
iHunt	iHuntS22PLUS	720	1560	320
iHunt	Like 11 Panda Pro 2022	720	1560	320
iHunt	Like 8	442	960	213
iHunt	Like_Hi10_2021	442	960	240
iHunt	P11000 Pro	720	1440	280
iHunt	P11001_ULTRA_EEA	720	1600	320
iHunt	P22000	720	1600	480
iHunt	P22000 Ultra	1080	2408	480
iHunt	P25000 Pro	1080	2408	480
iHunt	P32000_Ultra_EEA	1200	1920	320
iHunt	P8000_Ultra_EEA	720	1600	320
iHunt	S10 Tank PRO 2020	720	1440	320
iHunt	S21_Plus_2021_EEA	480	1014	213
iHunt	S21_Ultra_4G_2021_EEA	480	1014	213
iHunt	S30 ULTRA APEX 2021	1080	2310	480
iHunt	Strong Tablet P15000 Pro	800	1280	213
iHunt	Strong Tablet P15000 Ultra	1200	2000	320
iHunt	Tablet PC 10 PRO	1200	1920	320
iHunt	Tablet_PC_12_Ultra	1200	1920	280
iHunt	Tablet_X_EEA	1200	1920	320
iHunt	TITAN P11000 PRO	1080	2160	480
iHunt	TITAN P15000 PRO 5G	720	1600	320
iHunt	Titan P8000 PRO 2021	720	1440	320
iHunt	Titan_P4000_Pro_2021_EEA	720	1560	320
iHunt	Titan_P6000_PRO	720	1600	320
iHunt	Titan_X_EEA	720	1600	320
IIIF150	Action 15	720	1600	320
IIIF150	Action A5Pro	720	1640	320
IIIF150	Air1	1080	2400	480
IIIF150	Air1 Pro	1080	2400	480
IIIF150	Air1 Ultra	1080	2460	480
IIIF150	Air1 Ultra+	1080	2460	480
IIIF150	Air3_EEA	720	1612	320
IIIF150	Air3S	720	1612	280
IIIF150	B1	1080	2400	480
IIIF150	B1 Pro	1080	2400	480
IIIF150	B2	1080	2400	480
IIIF150	B2 Pro	1080	2460	480
IIIF150	B2 Ultra	1080	2460	480
IIIF150	B3_EEA	720	1612	320
IIIF150	B3C	720	1612	280
IIIF150	Raptor LTD	1080	2460	480
iiyama	PLXX12U	2160	3840	480
iiyama	TEXX13A	2160	3840	480
iiyama	TEXX13A-76	2160	3840	480
iiyama	TEXX14MIS-B2AG	2160	3840	480
iiyama	TEXX15A	2160	3840	480
IKALL	IKALL	600	1024	160
IKALL	K510	480	854	200
IKALL	S3	1080	2460	400
IKALL	Z19	720	1600	320
IKALL	Z20	720	1640	320
Ikimobile	GO5_55	720	1280	320
iKKO	MindOne	1080	1240	400
Ikon	IK-1106	1080	1920	240
Ikon	IK-787	720	1600	320
Ikon	IK-869	1200	1920	240
Ikon	IK-T808	800	1280	213
Ikon	IK-WT028i	800	1280	200
Ikon	IK-WT1080	800	1280	160
Ikon	IK-WT1088	800	1280	213
Ikon	IK_WA024	600	1024	160
Ikon	IKON	800	1280	160
IkuMobile	A10	600	1280	280
IkuMobile	A10s	720	1600	320
IkuMobile	A11	720	1600	320
IkuMobile	A12	720	1600	320
IkuMobile	A20	600	1280	280
IkuMobile	A21	720	1560	320
IkuMobile	A23	720	1560	320
IkuMobile	A35	540	1200	240
IkuMobile	A4	480	960	240
IkuMobile	A50	720	1600	320
IkuMobile	A6	480	960	240
IkuMobile	A6_2022	480	960	240
IkuMobile	A7	540	1200	220
IkuMobile	A7	720	1600	300
IkuMobile	A70	720	1600	320
IkuMobile	A7_Plus	720	1600	320
IkuMobile	IKU A36	720	1600	320
IkuMobile	IKU A40	720	1600	320
IkuMobile	iKU A45	540	1200	240
IkuMobile	iKU_A22	720	1520	320
IkuMobile	IKU_T3	600	1024	160
IkuMobile	Note_10	720	1600	320
IkuMobile	T4	600	1024	213
IkuMobile	T5	800	1280	180
IkuMobile	T6	600	1024	160
IkuMobile	T8	800	1280	213
IkuMobile	X1	720	1600	320
IkuMobile	X2	720	1600	320
IkuMobile	X3	720	1600	320
IkuMobile	X4	720	1560	320
IkuMobile	X5	720	1600	320
IkuMobile	X8	720	1600	320
IkuMobile	X9	1080	2400	420
IkuMobile	Y3	480	960	240
iLa Mobile	ILA R1	720	1440	320
iLa Mobile	iLA Silk	720	1440	320
iLa Mobile	ILA X2	720	1440	320
iLa Mobile	ILA_X1	720	1498	320
iLa Mobile	ILA_X3	720	1560	320
iLa Mobile	R1 Lite	720	1440	320
iLife	ITELL_K3102N	800	1280	213
iLife	ITELL_K3500N	600	1024	160
iLife	MISA	800	1280	213
iMACHINE	iMachine i2	720	1440	320
iMESH	IM-560	480	800	200
iMin	Falcon 1	800	1280	160
iMin	Falcon 2	1200	1920	280
iMin	I24D02	1080	1920	220
iMin	I24T03	1600	2560	280
iMin	iMinCrane1	1080	1920	220
iMin	iMinSwift2Pro	720	1600	280
iMin	Lark 1	720	1600	280
iMin	Swan 1 Pro	1080	1920	220
iMin	Swan1Gen2	1080	1920	220
iMin	Swan1Pro	1080	1920	220
iMin	Swan2Printer	1080	1920	220
iMin	Swift 1 Pro	720	1600	280
iMin	Swift 2	720	1600	280
iMin	Swift 2 Pro	720	1600	280
IMO(In My Opinion)	IMO Q2 Plus	480	800	240
IMO(In My Opinion)	IMO Q2 Pro	480	800	213
IMO(In My Opinion)	IMO Q3 Plus	480	960	240
IMO(In My Opinion)	IMO Q4 Pro	480	960	240
IMO(In My Opinion)	IMO Q5	480	960	200
imose	BAM III	480	960	240
imose	Omotab2	800	1280	213
imose	Omotab_2s	800	1280	180
imose	OPOR	800	1280	240
imose	SEMPE	720	1600	320
imozen	TC605AN	1080	2160	480
Impression	ImPAD_P101	800	1280	160
IMTO	GKL089	800	1280	160
iMuz	EG104	1200	2000	240
iMuz	EG110	1200	2000	240
iMuz	Foryou Digital Co.,Ltd	1600	2560	320
iMuz	G10	1200	1920	240
iMuz	IM-B101F	1200	1920	240
iMuz	IM-B101H	800	1280	160
iMuz	IM-B102	800	1280	213
iMuz	IM-H031	1200	2000	213
iMuz	IM-H092L	1200	1920	213
iMuz	IM-H092W	1200	1920	240
iMuz	IM-H093	1200	1920	240
iMuz	IM-H261	1600	2560	280
iMuz	IM-H842	1200	1920	280
iMuz	IM-L101	800	1280	480
iMuz	IM-L801	800	1280	213
iMuz	IMH101	1200	1920	280
iMuz	M101	1200	1920	240
iMuz	muPAD L10	1200	1920	320
iMuz	muPAD102	800	1280	160
iMuz	muPAD104	800	1280	160
iMuz	muPAD_K10	800	1280	160
iMuz	muPADT7	600	1024	160
iMuz	RA10	1200	1920	240
iMuz	RG11	1600	2560	320
incar	E38_RU	800	1280	213
incar	OMR104GT25-L	800	1280	213
incar	TL65611S01	1200	2000	320
Inco	Horizon_S	720	1520	320
indigi	G4i	600	1024	213
inefi	Android_G17	1080	1920	160
InfinityPro	IN-9679	2160	3840	480
Infinix	GT 10 Pro	1080	2400	480
Infinix	GT 20 Pro	1080	2436	480
Infinix	GT 30	1224	2720	480
Infinix	GT 30 Pro	1224	2720	480
Infinix	GT 50 Pro	1208	2644	480
Infinix	HOT	720	1640	320
Infinix	HOT 10	720	1640	320
Infinix	HOT 10i	720	1600	320
Infinix	HOT 11	1080	2408	480
Infinix	HOT 11 2022	1080	2400	400
Infinix	HOT 11S	1080	2460	480
Infinix	HOT 12i	720	1612	320
Infinix	HOT 20 5G	1080	2408	480
Infinix	HOT 20 PLAY	720	1640	320
Infinix	HOT 20i	720	1612	320
Infinix	HOT 20S	1080	2460	480
Infinix	HOT 3	720	1280	320
Infinix	HOT 3 LTE	720	1280	320
Infinix	HOT 30 5G	1080	2460	480
Infinix	HOT 4	720	1280	320
Infinix	HOT 4 Lite	720	1280	320
Infinix	Hot 4 Pro	720	1280	320
Infinix	HOT 4 Pro	720	1280	320
Infinix	HOT 50 Pro+	1080	2436	480
Infinix	HOT 6	720	1440	320
Infinix	HOT 6 Pro	720	1440	320
Infinix	HOT 60 5G	720	1600	320
Infinix	HOT 60 Pro+	1080	2400	420
Infinix	HOT 60i	720	1600	320
Infinix	HOT 60i 5G	720	1600	280
Infinix	HOT 7	720	1500	320
Infinix	HOT 7 PRO	720	1500	320
Infinix	HOT 8	720	1600	320
Infinix	HOT 8 Lite	720	1600	320
Infinix	HOT Play	720	1640	320
Infinix	HOT S3	720	1440	320
Infinix	HOT S3X	720	1500	320
Infinix	HOT5	720	1280	320
Infinix	HOT5 Lite	720	1280	320
Infinix	Infinix HOT 10i	720	1600	320
Infinix	Infinix HOT 10S	720	1640	320
Infinix	Infinix HOT 10S NFC	720	1640	320
Infinix	Infinix HOT 10T	720	1640	320
Infinix	Infinix HOT 11S NFC	1080	2460	480
Infinix	Infinix HOT 12	720	1640	320
Infinix	Infinix HOT 12 Play	720	1640	320
Infinix	Infinix HOT 12 Play NFC	720	1640	320
Infinix	Infinix HOT 12 PRO	720	1612	320
Infinix	Infinix HOT 20	720	1640	320
Infinix	Infinix HOT 30 PLAY	720	1640	320
Infinix	Infinix HOT 30i	720	1612	320
Infinix	Infinix HOT 40	1080	2460	480
Infinix	Infinix HOT 40 Pro	1080	2460	480
Infinix	Infinix HOT 40i	720	1612	320
Infinix	Infinix HOT 50	1080	2460	480
Infinix	Infinix HOT 50 5G	720	1600	320
Infinix	Infinix HOT 50 Pro	1080	2436	480
Infinix	Infinix HOT 50i	720	1600	320
Infinix	Infinix HOT 60 Pro	1080	2400	420
Infinix	Infinix HOT 60i	720	1600	320
Infinix	Infinix HOT 6X	720	1500	320
Infinix	Infinix HOT 7 pro	720	1500	320
Infinix	Infinix HOT 70	720	1576	280
Infinix	Infinix HOT 70 Pro 5G	1080	2344	420
Infinix	Infinix HOT 9	720	1600	320
Infinix	Infinix HOT 9 Play	720	1640	320
Infinix	Infinix HOT 9 Pro	720	1600	320
Infinix	Infinix NOTE 10	1080	2460	480
Infinix	Infinix NOTE 11	1080	2400	480
Infinix	Infinix NOTE 12	1080	2400	480
Infinix	Infinix NOTE 12 2023	1080	2400	480
Infinix	Infinix NOTE 12 5G	1080	2400	480
Infinix	Infinix NOTE 12 PRO	1080	2400	480
Infinix	Infinix NOTE 12 Pro 5G	1080	2400	480
Infinix	Infinix NOTE 12i	720	1640	320
Infinix	Infinix NOTE 30	1080	2460	480
Infinix	Infinix NOTE 30 5G	1080	2460	480
Infinix	Infinix NOTE 40	1080	2436	480
Infinix	Infinix NOTE 40 5G	1080	2436	480
Infinix	Infinix NOTE 40 Pro	1080	2436	480
Infinix	Infinix NOTE 40 Pro 5G	1080	2436	480
Infinix	Infinix NOTE 40S	1080	2436	440
Infinix	Infinix NOTE 40X 5G	1080	2460	480
Infinix	Infinix NOTE 5	1080	2160	480
Infinix	Infinix NOTE 5 Stylus	1080	2160	480
Infinix	Infinix NOTE 50S 5G	1080	2436	440
Infinix	Infinix NOTE 60	1208	2644	520
Infinix	Infinix NOTE 60 Ultra	1080	2364	480
Infinix	Infinix NOTE 7 Lite	720	1600	320
Infinix	Infinix SMART 10	720	1600	280
Infinix	Infinix SMART 10 HD	720	1612	320
Infinix	Infinix SMART 4 Plus	720	1640	320
Infinix	Infinix SMART 7 HD	720	1612	320
Infinix	Infinix SMART 8	720	1612	320
Infinix	Infinix SMART 8 Pro	720	1612	320
Infinix	Infinix SMART 9 HD	720	1600	320
Infinix	Infinix X5010	720	1280	320
Infinix	Infinix X510	720	1280	320
Infinix	Infinix XPAD 30 pro	1600	2560	360
Infinix	Infinix XPAD Edge	1600	2400	240
Infinix	Infinix ZERO 20	1080	2400	480
Infinix	Infinix ZERO 30	1080	2400	480
Infinix	Infinix ZERO 40	1080	2436	480
Infinix	Infinix ZERO 40 5G	1080	2436	480
Infinix	Infinix ZERO 5G	1080	2460	480
Infinix	Infinix ZERO 8i	1080	2460	480
Infinix	Infinix ZERO Flip	1080	2640	480
Infinix	Infinix ZERO X	1080	2400	480
Infinix	Infinix ZERO X NEO	1080	2460	480
Infinix	Infinix ZERO X Pro	1080	2400	480
Infinix	Infinix ZERO8	1080	2460	480
Infinix	NOTE	1080	2400	480
Infinix	NOTE 10 Pro	1080	2460	480
Infinix	NOTE 11 Pro	1080	2460	480
Infinix	NOTE 11S	1080	2460	480
Infinix	NOTE 12	1080	2400	480
Infinix	NOTE 12 VIP	1080	2400	480
Infinix	NOTE 12i 2022	1080	2400	480
Infinix	NOTE 3	1080	1920	480
Infinix	NOTE 3 Pro	1080	1920	480
Infinix	NOTE 30	1080	2400	480
Infinix	NOTE 30 Pro	1080	2400	480
Infinix	NOTE 30 VIP	1080	2400	480
Infinix	NOTE 30i	1080	2400	480
Infinix	NOTE 4	1080	1920	480
Infinix	NOTE 4 Pro	1080	1920	480
Infinix	NOTE 40 Pro+ 5G	1080	2436	480
Infinix	NOTE 50	1080	2436	440
Infinix	NOTE 50 Pro	1080	2436	440
Infinix	NOTE 50 Pro+ 5G	1080	2436	440
Infinix	NOTE 50X 5G	720	1600	280
Infinix	Note 6	1080	2160	480
Infinix	NOTE 60 Pro	1208	2644	480
Infinix	NOTE 7	720	1640	320
Infinix	NOTE 8	720	1640	320
Infinix	NOTE 8i	720	1640	320
Infinix	NOTE Edge	1208	2644	480
Infinix	S2	720	1280	320
Infinix	S4	720	1520	320
Infinix	S5	720	1600	320
Infinix	S5 Lite	720	1600	320
Infinix	S5 Pro	1080	2340	480
Infinix	SMART	720	1600	320
Infinix	SMART 10 PLUS	720	1600	280
Infinix	Smart 2	720	1440	320
Infinix	Smart 2 HD	720	1440	320
Infinix	Smart 2 Pro	720	1440	320
Infinix	SMART 20	720	1576	280
Infinix	Smart 3	720	1440	320
Infinix	Smart 3 Plus	720	1520	320
Infinix	Smart 4	720	1600	320
Infinix	SMART 5	720	1600	320
Infinix	SMART 6	720	1600	320
Infinix	SMART 6 HD	720	1612	320
Infinix	SMART 6 PLUS	720	1612	320
Infinix	SMART 6 PLUS	720	1640	320
Infinix	SMART 7 or SMART 7 PLUS	720	1612	320
Infinix	SMART 8 Plus	720	1612	320
Infinix	SMART 9	720	1600	320
Infinix	SMART HD	720	1560	320
Infinix	SMART Series	720	1600	280
Infinix	X521	720	1280	320
Infinix	X521E1	720	1280	320
Infinix	X551	720	1280	320
Infinix	X600	720	1280	320
Infinix	XPAD	1200	1920	280
Infinix	XPAD 20	1200	1920	240
Infinix	XPAD 20 Pro	1200	2000	240
Infinix	XPAD 30E	1200	1920	240
Infinix	ZERO 30 5G	1080	2400	480
Infinix	Zero 4	1080	1920	480
Infinix	Zero 4 Plus	1080	1920	480
Infinix	Zero 5 Pro	1080	1920	480
Infinix	ZERO 5G	1080	2460	480
Infinix	ZERO 5G 2023	1080	2460	480
Infinix	Zero 6	1080	2260	480
Infinix	ZERO ULTRA	1080	2400	480
Infocus	Big Tab	900	1600	160
Infocus	Big Tab	1080	1920	480
Infocus	IF9001	720	1280	320
Infocus	IF9021	720	1280	320
Infocus	InFocus M7 Lite	720	1440	320
Infocus	InFocus M7S	720	1440	320
Infocus	JTouch 13e	2160	3840	420
Infocus	JTouch Series 13	2160	3840	420
Infocus	M370	720	1280	320
Infocus	M550 3D	1080	1920	480
Infocus	M5s	720	1280	320
Infocus	M680	1080	1920	480
Infocus	M808i	1080	1920	480
Infocus	M810	1080	1920	480
Infocus	M812	1080	1920	480
Infocus	VZU	720	1280	320
iNFONE	INFONE XE	576	1280	240
INGSCREEN	IS-Pro-Series	2160	3840	480
INMO	IMA301	1080	1920	240
innex	Meeting_hub_EU	2160	3840	420
Innjoo	F106_Plus	800	1280	160
Innjoo	Superb	800	1280	213
Innjoo	VOOM_TAB_LTE	800	1280	213
INNOCN	32S1U_Pro	2160	3840	480
INNOCN	32S2U_Pro	2160	3840	320
INOI	A126	720	1280	320
INOI	A160	720	1560	320
INOI	A181	720	1600	320
INOI	INOI 2 Lite 2019	480	854	240
INOI	INOI 2 Lite 2021	480	854	213
INOI	INOI A151	720	1600	260
INOI	INOI A34	720	1600	260
INOI	INOI A35 Adventure	720	1612	320
INOI	INOI A52 Lite 32GB	480	960	213
INOI	INOI A55 Spectre 5G	720	1604	320
INOI	INOI A62 64GB	720	1560	320
INOI	INOI A72	720	1600	320
INOI	INOI A72	720	1612	320
INOI	INOI A75 Elegance	1080	2460	480
INOI	INOI Note 12	720	1640	320
INOI	INOI_2	480	854	240
INOI	INOI_2_2021	480	854	213
INOI	INOI_2_LITE	480	854	240
INOI	INOI_3	1080	1920	480
INOI	INOI_3_POWER	480	960	240
INOI	INOI_5_2021	480	960	213
INOI	INOI_5_Lite_2021	480	960	213
INOI	INOI_5i	640	1280	320
INOI	INOI_5i_Lite	640	1280	320
INOI	INOI_6i	640	1280	320
INOI	INOI_6i_Lite	640	1280	320
INOI	INOI_7_2020	720	1520	340
INOI	INOI_7_4_64_2021	720	1520	340
INOI	INOI_A14	720	1612	280
INOI	inoiPad	800	1280	213
INOI	inoiPad_Max	1600	2560	320
INOI	inoiPad_mini_3G	600	1024	213
INOI	inoiPad_Pro	1200	1920	280
INOI	Note 15	720	1640	320
INOI	Note_13s256	720	1640	320
INOI	T100	800	1280	220
INOI	T107	800	1280	220
INOI	T107_Plus	1200	1920	280
INOI	T108	800	1280	220
INOVIO	EVO_TAB7	600	1024	160
Inrico	S300Plus	720	1612	320
Inrico	S300Pro	720	1612	320
Inrico	S350	1080	2340	480
INSANE	INSANE_V10	1200	1920	340
InsGraf_Digital	TWBXXX24A	2160	3840	320
Insignia	NS-P08A7100	800	1280	213
Insignia	NS-P10A6100	800	1280	160
Insignia	NS-P10A7100	800	1280	213
Insignia	NS-P10A8100	800	1280	160
Insignia	NS-P11A8100	768	1366	160
INSYS	GW2-L1049	1200	1920	240
INSYS	HK9-K5023	480	960	240
INSYS	HN2-M16P	800	1280	160
INSYS	HN2-M16Q	800	1280	160
INSYS	IH9-L614	720	1520	280
INSYS	WH2-9832	800	1280	213
Intelligen	IN-101	1200	1920	320
Intex	Aqua Lions 3	720	1280	320
INTOUCH	Smartboard	2160	3840	480
Invens	CT1	720	1612	320
Invens	K1	480	960	240
Invens	MAX5	480	1014	220
Invens	NOTE_12P	720	1600	320
Invens	NOTE_15P_EEA	720	1600	300
Invens	NOTE_5G	720	1600	320
Invens	TK02_EEA	480	854	220
Invens	ULTRA 13P	720	1640	320
Inventus	CT7	1200	1920	240
Inverse Net	EP172BZ	720	1280	320
iotapk	BLK-L09	720	1600	280
iotapk	T10	720	1600	280
ioutdoor	L611	720	1560	320
ioutdoor	Polar3_EEA	720	1440	320
iPark	IM-H031P	1200	2000	213
iPlus	iPlus P1	720	1440	320
iPlus	iPlus_P3	540	1200	240
iPlus	Nu60	480	960	240
iPlus	Nu70	720	1600	320
iPlus	Omega7	600	1024	160
iPlus	Omega8	800	1280	213
Ipro	Amber5S_Pro	480	854	200
Ipro	Amber8	480	960	213
Ipro	Amber8S	480	960	213
Ipro	Amber8S plus	480	960	213
Ipro	Amber8s Pro	480	960	213
Ipro	Amber8s_Mate	480	960	213
Ipro	Benny	480	960	240
Ipro	Benny10	480	960	213
Ipro	BennyM	480	960	213
Ipro	BEQUE7S	600	1024	160
Ipro	IPRO S500	720	1600	320
Ipro	Opal4S	480	800	240
Ipro	S100	720	1600	320
Ipro	S100E	720	1600	320
Ipro	S200M	720	1600	320
Ipro	S300	720	1600	320
Ipro	S401	480	800	240
Ipro	S401A	480	800	240
Ipro	S501	480	854	240
Ipro	S501A	480	854	240
Ipro	S501APlus	480	854	240
Ipro	S501Pro	480	854	240
Ipro	SAMBA65S	720	1612	320
Ipro	Soda6S	720	1560	320
Ipro	X1	480	996	240
Ipro	Y100	480	960	240
Iproda	GG	1200	1920	213
Iproda	T1045LI	800	1280	160
Iproda	T1085P4LE	1200	1920	240
IQ Touch	IFP	2160	3840	480
IQ Touch	iMax_EC1053	800	1280	213
iQandT	G3	720	1280	320
iQandT	N6	480	996	240
iQOO	iQOO 15	1440	3168	600
iQOO	iQOO 15 Ultra	1440	3168	640
iQOO	iQOO 15R	1260	2750	520
iQOO	iQOO 15T	1440	3168	640
iQOO	iQOO Neo 10	1260	2800	480
iQOO	iQOO Neo10 Pro+	1440	3168	480
iQOO	iQOO Neo11	1440	3168	480
iQOO	iQOO Neo11 至尊版	1440	3200	560
iQOO	iQOO Pad5	1968	2800	400
iQOO	iQOO Pad5 Pro	2064	3096	400
iQOO	iQOO Pad5e	1968	2800	400
iQOO	iQOO Z10 Lite	1080	2400	440
iQOO	iQOO Z10 Lite 5G	720	1600	300
iQOO	iQOO Z10 Turbo	1260	2800	560
iQOO	iQOO Z10 Turbo+	1260	2800	560
iQOO	iQOO Z10R 5G	1080	2392	440
iQOO	iQOO Z11	1260	2800	560
iQOO	iQOO Z11 5G	1260	2800	440
iQOO	iQOO Z11 Lite 44W 5G	720	1600	300
iQOO	iQOO Z11 Turbo	1260	2750	560
iQOO	iQOO Z11i AI版	720	1600	320
iQOO	iQOO Z11S	1260	2800	480
iQOO	iQOO Z11x 5G	1080	2344	440
iQOO	iQOO Z9 Lite	720	1612	300
IQTOUCH	IQTOUCH	2160	3840	480
IQU(SZ)	IQUSMARTEASYT10W	800	1280	160
IQU_GROUP	IQUSMARTEASYT8W	800	1280	160
IQU_GROUP	SMARTEasy_Q50	480	960	240
iQual	T10G	800	1280	160
iQual	T10L	800	1280	213
iQual	T10W	800	1280	160
iQual	T10W2	800	1280	213
iQual	T7L	600	1024	213
iQual	T7W	600	1024	160
IRA (explore more)	IRA explore more	800	1280	240
IRA (explore more)	IRA801	800	1280	160
IRA (explore more)	IRA_BIO	600	1024	213
IRA (explore more)	IRA_BIOA	600	1024	213
IRA (explore more)	IRA_DUO_PLUS	1200	1920	320
IRA (explore more)	IRA_DUO_PRO_5G	1200	2000	240
IRA (explore more)	IRA_T1029	1200	2000	320
IRA (explore more)	IRA_T1030M	800	1280	213
IRA (explore more)	IRA_T803M	800	1280	240
IRA (explore more)	IRA_T808M	800	1280	240
IRA (explore more)	IRA_W801	800	1280	213
IRA (explore more)	IRAT803	800	1280	213
IRA (explore more)	T1015	800	1280	213
IRA (explore more)	T1021	800	1280	240
IRA (explore more)	T1030A	1200	2000	340
IRA (explore more)	T803	800	1280	213
IRA (explore more)	T808	800	1280	320
IRA (explore more)	Wishtel_IRA_T1029	1600	2560	320
Irbis	IRBIS TZ198	800	1280	160
Irbis	TZ151	800	1280	213
Irbis	TZ165	600	1024	160
Irbis	TZ170	600	1024	160
Irbis	TZ179	600	1024	160
Irbis	TZ195	800	1280	213
Irbis	TZ197	800	1280	160
Irbis	TZ199	1200	1920	240
Irbis	TZ200	1200	1920	320
Irbis	TZ711	600	1024	213
Irbis	TZ719	600	1024	160
Irbis	TZ722	600	1024	160
Irbis	TZ772	600	1024	160
Irbis	TZ773	600	1024	213
Irbis	TZ897	800	1280	160
Irbis	TZ963	800	1280	213
Irbis	TZ965	800	1280	213
Irbis	TZ968	800	1280	213
Irbis	TZ969	800	1280	213
IRIE	FFF-TAB10H	1200	1920	213
Iris	G7060	600	1024	160
Iris	G7100	600	1024	160
Iris	G8060	800	1280	160
Iris	IS6Plus	480	960	240
Iris	N30	1080	2340	480
Iris	NEXT P	720	1280	320
Iris	NEXT P+	1080	1920	480
Iris	NEXT U	720	1440	320
Iris	Next_P_PRO	720	1440	320
Iris	V10	600	1280	240
Iris	V50	600	1280	240
Iris	VOX 4s	480	854	240
Iris	VOX Alpha	720	1440	320
Iris	VOX Alpha Plus	720	1440	320
Iris	VOX Energy	720	1280	320
Iris	VOX POP Pro	480	960	240
Iris	VOX STEEL Plus	720	1280	320
Iris	Vox_5S	720	1280	320
IRIS_OHYAMA	IB-75UED01B	2160	3840	480
IRIS_OHYAMA	LUCA Tablet TM152	1080	1920	240
IRIS_OHYAMA	TA10E1W63	800	1280	186
IRIS_OHYAMA	TE081N1	800	1280	240
IRIS_OHYAMA	TE082M2	800	1280	240
IRIS_OHYAMA	TE083M3	1200	1920	320
IRIS_OHYAMA	TE084	800	1280	180
IRIS_OHYAMA	TE08D1M64	800	1280	213
IRIS_OHYAMA	TE08D2M64	800	1280	213
IRIS_OHYAMA	TE101N1	800	1280	160
IRIS_OHYAMA	TE102M3	800	1280	186
IRIS_OHYAMA	TE103M3	1200	1920	280
IRIS_OHYAMA	TE104	800	1280	160
IRIS_OHYAMA	TE10D1M64	800	1280	213
IRIS_OHYAMA	TE10D2M64	800	1280	213
IRIS_OHYAMA	TM082	1200	1920	280
IRIS_OHYAMA	TM083	1200	1920	280
IRIS_OHYAMA	TM08E2W74	1200	1920	280
IRIS_OHYAMA	TM101	1200	1920	320
IRIS_OHYAMA	TM102	1200	1920	240
IRIS_OHYAMA	TM103	1200	1920	240
IRIS_OHYAMA	TM12E2W74	1200	2000	280
IRIS_OHYAMA	TM12E3W74	1200	2000	213
IRIS_OHYAMA	TM153M6	1080	1920	240
Isafe	IS520.1	480	854	240
Isafe	IS655	720	1440	320
Isafe	IS880	720	1440	320
Isafe	IS910.1	1200	1920	320
Isafe	IS930	1200	1920	280
Isafe	IS940	1200	1920	280
ISCED	ISCEDTAB21	800	1280	160
iSWAG	BLINK	444	960	213
iSWAG	iSWAG ACTIV	720	1520	300
iSWAG	ISWAG_VIPER	720	1440	320
iSWAG	MATRIX	720	1640	320
iSWAG	NEO	720	1600	300
ITAB	ITAB_X40L_Plus	800	1280	213
iTab XPLUS	iTAB-A1	600	1024	213
iTab XPLUS	ITAB_X38T	1200	1920	280
Itel	A05s	720	1612	320
Itel	A12	480	854	240
Itel	A15	480	854	240
Itel	A21	480	854	240
Itel	A22	480	854	240
Itel	A22 Pro	480	854	240
Itel	A23 Pro	480	854	240
Itel	A25	720	1280	320
Itel	A25 Pro	720	1280	320
Itel	A26	720	1520	320
Itel	A32F	480	854	240
Itel	A35	720	1280	320
Itel	A37	720	1520	320
Itel	A41	480	854	240
Itel	A41 Plus	480	854	240
Itel	A44	480	960	240
Itel	A44 Air	480	960	213
Itel	A44 Pro	480	960	240
Itel	A46	720	1440	320
Itel	A49	720	1612	320
Itel	A51	480	854	240
Itel	A515W	540	960	220
Itel	A55	480	960	240
Itel	A58	720	1612	320
Itel	A58 Pro	720	1612	320
Itel	A62	720	1440	320
Itel	A671L-OP	720	1600	320
Itel	A70	720	1612	320
Itel	City100	720	1600	320
Itel	F311	480	960	240
Itel	F3116	720	1520	320
Itel	it1408	480	800	240
Itel	it1409	480	800	240
Itel	it1460	480	800	240
Itel	it1508	480	854	240
Itel	it1508 Plus	480	854	240
Itel	it1513	480	854	240
Itel	it1516 Plus	480	854	240
Itel	it1556 Plus	480	854	240
Itel	it1702	600	1024	160
Itel	it1703	600	1024	160
Itel	itel A04	480	1014	200
Itel	itel A04s	480	1014	200
Itel	itel A06	540	1208	240
Itel	itel A100	720	1600	320
Itel	itel A100C	720	1612	320
Itel	itel A11	480	800	240
Itel	itel A14	480	800	240
Itel	itel A14 Max	480	800	240
Itel	itel A14 Plus	480	800	240
Itel	itel A14S	480	800	240
Itel	itel A16	480	854	240
Itel	itel A17	480	854	240
Itel	itel A18	480	854	213
Itel	itel A18s	480	854	200
Itel	itel A200	720	1600	320
Itel	itel A200+	720	1600	320
Itel	itel A23	480	854	240
Itel	itel A23S	480	854	200
Itel	itel A24	480	854	200
Itel	itel A24 2023	480	854	200
Itel	itel A24 Pro	480	854	200
Itel	itel A25	720	1280	320
Itel	itel A27(P17 Pro 4G)	480	960	213
Itel	itel A31	480	854	240
Itel	itel A33 Plus	480	854	200
Itel	itel A36	720	1440	320
Itel	itel A40	480	854	240
Itel	itel A44 Power	480	960	213
Itel	itel A45	720	1440	320
Itel	itel A47	720	1440	320
Itel	itel A48	720	1560	320
Itel	itel A49 Play	480	1014	200
Itel	itel A50	720	1612	320
Itel	itel A50C	540	1208	240
Itel	itel A52	480	960	240
Itel	itel A52 Lite	480	960	240
Itel	itel A52S Lite	480	960	240
Itel	itel A55 LTE	480	960	240
Itel	itel A56 LTE	480	960	240
Itel	itel A56 Pro	480	960	240
Itel	itel A57	720	1560	320
Itel	itel A57 2GB	720	1560	320
Itel	itel A58 Lite	480	1014	213
Itel	itel A60s	720	1612	320
Itel	itel A662L	720	1612	320
Itel	itel A80	720	1600	320
Itel	itel A90	720	1612	320
Itel	itel A95 5G	720	1600	320
Itel	itel AC13	480	800	240
Itel	itel AC32	480	854	240
Itel	itel AC50 Pro	480	854	200
Itel	itel AC51	480	854	200
Itel	itel AC60	480	960	240
Itel	itel Alpha Lite	480	854	240
Itel	itel CITY 200	720	1576	280
Itel	itel CITY 200/200s	720	1576	280
Itel	itel KidPad 1	600	1024	213
Itel	itel L6006S	720	1560	320
Itel	itel P17	480	960	213
Itel	itel P17 Pro	480	960	213
Itel	itel P37 Pro(Vision2 Plus)	720	1640	320
Itel	itel P38 Pro(Vision 3 Plus)	720	1640	320
Itel	itel P40	720	1612	320
Itel	itel P40+	720	1640	320
Itel	itel P55	720	1612	320
Itel	itel P55 5G	720	1612	320
Itel	itel P55+	720	1612	320
Itel	itel P55T	720	1612	320
Itel	itel P65C	720	1612	320
Itel	itel PrimeTab 1	600	1024	213
Itel	itel RS4	720	1612	320
Itel	itel S12	480	854	240
Itel	itel S16 Pro	720	1600	320
Itel	itel S16 Pro（Vision 2）	720	1600	320
Itel	itel S17	720	1612	320
Itel	itel S18	720	1612	320
Itel	itel S18 Pro	1080	2408	480
Itel	itel S23	720	1612	320
Itel	itel S23+	1080	2400	480
Itel	itel S24	720	1612	320
Itel	itel S25	1080	2436	480
Itel	itel S25 Ultra	1080	2436	480
Itel	itel S32LTE	720	1280	320
Itel	itel Super 26 Ultra	1080	2400	480
Itel	itel V41	480	800	240
Itel	itel V51 LTE	480	854	240
Itel	itel V52A	480	854	200
Itel	itel V52LTE	480	854	200
Itel	itel V53	480	854	200
Itel	itel Vision 3	720	1612	320
Itel	itel Vision 3 Plus	720	1640	320
Itel	itel Vision 3 Plus(P38 Pro)	720	1640	320
Itel	itel Vision 5	720	1612	320
Itel	itel VISION 5 Plus	1080	2408	480
Itel	itel Vision1(P36 Play)	720	1560	320
Itel	itel Vision2s	720	1600	320
Itel	itel VistaTab 10	800	1280	320
Itel	itel VistaTab 11	800	1280	320
Itel	itel VistaTab 30	1200	1920	320
Itel	itel VistaTab 30S	1200	1920	240
Itel	itel VistaTab go	800	1340	220
Itel	itel W4001	480	800	240
Itel	itel W4001O	480	800	240
Itel	itel W4002P	480	800	240
Itel	itel W5001P	480	854	240
Itel	itel W5004D	480	854	240
Itel	itel W5503	720	1440	320
Itel	itel-A16-Plus	480	854	240
Itel	itel-A510W	480	854	200
Itel	itel-IKP-31	800	1280	214
Itel	ITELL_K4700Q	600	1024	213
Itel	Orange Nola fun 3	480	854	200
Itel	Orange Nola Up	480	854	200
Itel	P10006L-OP	800	1280	213
Itel	P11	480	854	240
Itel	P1102GT-OP	1200	1920	240
Itel	P12	480	854	240
Itel	P13	480	960	240
Itel	P13 Plus	480	960	240
Itel	P13001L	1200	1920	240
Itel	P15	720	1280	320
Itel	P31	480	854	240
Itel	P32	480	960	240
Itel	P33	720	1440	320
Itel	P33 Plus	480	960	240
Itel	P36	720	1600	320
Itel	P37	720	1600	320
Itel	P37 Pro（Vision2 Plus）	720	1640	320
Itel	P38	720	1612	320
Itel	P51	720	1280	320
Itel	P65	720	1600	480
Itel	Pad-2	800	1280	200
Itel	Pad1	800	1280	160
Itel	POWER 80	720	1576	280
Itel	Prime 4	600	1024	160
Itel	S11	480	854	240
Itel	S11 Plus	480	854	240
Itel	S11 Pro	480	960	240
Itel	S11X	480	960	240
Itel	S13	480	960	240
Itel	S15	720	1560	320
Itel	S15 Pro(VISION)	720	1560	320
Itel	S16	720	1600	320
Itel	S31	720	1280	320
Itel	S32	720	1280	320
Itel	S32 Mini	720	1280	320
Itel	S33	720	1440	320
Itel	S41	720	1280	320
Itel	S42	720	1440	320
Itel	SP591	480	960	240
Itel	Vision 3	720	1612	320
Itel	Vision1 Plus(P36 Pro LTE)	720	1600	320
Itel	Vision1Pro	720	1600	320
ITOS	IC-51	720	1280	320
ITOS	IC-58	720	1440	320
ITOS	IC_51R	720	1280	320
IView	1016TPC	800	1280	160
IView	816TPC	800	1280	213
iWaylink	MC401	1600	2560	160
iWaylink	TC601	1080	2160	480
iWaylink	TC601B	1080	2160	480
iWaylink	TC603B_P	1080	2160	480
IXTECH	IX1012	1200	1920	240
IXTECH	IX1013	1200	1920	213
iYOU	A10	480	960	200
iYOU	A30	720	1600	320
iYOU	iYOU_M1	576	1280	240
J-COM (cn)	SC40	480	800	220
Jambo_Technology	JamboPhone	720	1600	320
Jambo_Technology	JamboPhone2	720	1600	320
Janam	XG200	480	800	240
Janam	XG4	480	800	240
Janam	XG5	480	800	200
Janam	XR2	720	1440	320
Janam	XT2	720	1280	320
Janam	XT200	1080	1920	480
Janam	XT3	720	1280	320
Janam	XT30	720	1280	320
Janam	XT4	1080	2160	480
Janam	XT40	720	1280	320
JapanTaxi	IRIS ITAB05	1200	1920	240
JAV Smartboard	H10S_PRO-Series	2160	3840	480
JAY-TECH	TPC-G1010	800	1280	213
JAY-TECH	TPC-G1011LTE	800	1280	213
JAY-TECH	TPC-G109_EEA	800	1280	160
JCB_Phone	ToughPhone_E10_EEA	720	1612	320
JCB_Phone	Toughphone_E50_EEA	720	1560	320
JCB_UK	JCB_TP231	720	1520	320
Jckkcfug	A10Pro_EEA	800	1280	213
Jckkcfug	A10Pro_ROW	800	1280	213
Jckkcfug	A20Pro_EEA	800	1280	213
Jckkcfug	A20Pro_ROW	800	1280	213
Jckkcfug	M70_B	800	1280	213
Jeazans	A13	800	1280	160
Jeazans	KT1016_EEA	800	1280	160
Jeazans	X100L_EEA	800	1280	160
Jenesis	A94GT_Plus	800	1280	160
Jenesis	JT07-81B	600	1024	160
Jenesis	JT10-81B	800	1280	160
Jesy	JESY J20	1080	2340	480
jetfon	MT1	720	1600	320
jHon	H800	1080	1920	240
JHZL	J101-EEA	800	1280	213
Jide	Remix Mini	720	1280	160
Jimi	Senwa S471	480	800	240
Jinga	GoalPlus	720	1440	320
Jinga	Neon	480	800	240
Jinga	Picasso Note	480	996	240
Jinga	WinPRO	720	1440	320
Jio	JioPhone Next	720	1440	320
Jooyon	Q27CMA11	1440	2560	240
JOVI	JOVI T1 5G	1080	2392	440
JOVI	JOVI V50 Lite 5G	1080	2392	440
JOVI	JOVI V70 5G	1260	2800	440
JOVI	JOVI X300 FE	1216	2640	480
JOVI	JOVI X300 Ultra	1440	3168	520
JOVI	JOVI Y19s	720	1608	300
JOVI	JOVI Y21	720	1608	300
JOVI	JOVI Y21 5G	720	1600	300
JOVI	JOVI Y21e	720	1600	300
JOVI	JOVI Y29	720	1608	300
JOVI	JOVI Y29s 5G	720	1600	300
JOVI	JOVI Y31	720	1570	300
JOVI	V50	1080	2392	440
joyar	joyar_mid	1200	1920	240
JoyStar	J6	800	1280	160
JoyStar	JoyStar_J10	800	1280	213
JoyStar	Joystar_J16	800	1280	213
JOYSURF	TB-JS100A	800	1280	160
JOYSURF	TB-JS101A	1200	1920	240
JP Sacouto	Verdite Hill	800	1280	160
JREN	J10	1200	1920	280
JREN	J10PLUS	800	1280	213
JREN	J10PRO	800	1280	160
JREN	J11	800	1280	160
JREN	J11A	800	1280	160
JREN	J11PLUS	800	1280	213
JREN	J12NEW	800	1280	180
JREN	JR-802	800	1280	200
JREN	JR-J10A	800	1280	160
JREN	JR-J10B	800	1280	160
JREN	JR-J71	800	1280	160
JREN	JR-J8	800	1280	213
JREN	JR_J1063	800	1280	160
JREN	JR_J7	600	1024	160
Jubiter	K10_ROW	540	1200	240
Jubiter	M25	720	1600	320
JUEDUR	R500 EEA	800	1280	160
JUEDUR	R500 US	800	1280	160
JUEDUR	R500_V_EEA	800	1280	213
JUEDUR	R500_V_US	800	1280	213
JUEDUR	R700_EEA	800	1280	160
JUEDUR	R700_US	800	1280	160
JUEDUR	R800-EU	800	1280	213
JUEDUR	R800_U_EEA	800	1280	200
JUEDUR	R900_EEA	800	1280	213
JUEDUR	R900_US	800	1280	213
Jumper	EZpad_M10_EEA	1200	1920	240
Jumper	EZpad_M10S	1200	1920	280
Jumper	EZpad_M11	1200	1920	280
Jumper	Z1	1664	2496	213
Jumper	Z3_EEA	1080	1920	240
Juniper Systems	Cedar CT8	800	1280	240
Juniper Systems	Mesa3	800	1280	213
Just5	M503	720	1280	320
JUSYEA	J10_EEA	800	1280	160
JUSYEA	J10_US	800	1280	160
JUSYEA	J5_EEA	1200	1920	240
JUSYEA	J6_EEA	800	1280	160
JUSYEA	J8_EEA	600	1024	160
JUSYEA	J8_EEA_T	600	1024	160
JUSYEA	J9_EEA	1200	2000	240
JVC	AV-08NT310	800	1280	240
JVC	AV-10NT310	800	1280	160
JVC	AV-11NT510	1080	1920	240
Jyonetsu Kakaku	YMR8	768	1024	160
K-Touch	Pace 2 Lite	800	1280	240
K-Touch	S5	720	1600	320
K3I（Indonesia）	K3I	1080	2460	480
K90Pro	K90Pro_ROW	1200	2000	213
KAAN	KAAN_N2	720	1440	320
Kaicom	K901	720	1440	320
Kaicom	KAICOM W660	640	1136	320
KAKTIN	SM1	800	1280	160
Kaliho	H3	720	1600	320
Kalley	Black	720	1440	320
Kalley	Black 1	720	1560	280
Kalley	Black G	720	1600	320
Kalley	Black G3	720	1612	280
Kalley	Black G4S	576	1280	220
Kalley	Black S	576	1152	220
Kalley	Black Z1	720	1640	280
Kalley	Black_3CR	1080	2460	480
Kalley	Black_5	720	1612	280
Kalley	Black_6C2	1080	2400	480
Kalley	Black_C_Plus	720	1600	320
Kalley	Black_E	720	1612	320
Kalley	Black_E2C	720	1612	320
Kalley	Black_G4	720	1600	320
Kalley	Black_G_2	720	1600	320
Kalley	BLACK_PRO	720	1500	320
Kalley	Black_X	1080	2400	480
Kalley	Black_Z	720	1600	320
Kalley	Black_Z2	720	1640	320
Kalley	Element 4 Plus	480	800	240
Kalley	Element 5 Plus	480	854	240
Kalley	ELEMENT MAX	480	996	240
Kalley	Element Play	480	960	240
Kalley	ELEMENT_PRO_2	480	960	240
Kalley	Kalley Note 10 Lite	800	1280	480
Kalley	Kalley_FlexTab_11	1200	1920	240
Kalley	Silver Max Lite	720	1600	320
Kalley	Silver Max Pro	720	1600	320
Kalley	SILVER_MAX	720	1560	320
Kalley	Silver_Max_Pro_2	720	1600	320
Kammunica	Kammunica_500V	480	854	205
Kammunica	Kammunica_800	800	1280	240
Kammunica	Kammunica_XD	800	1280	320
KAMON	K101_Plus	800	1280	180
KanDao	Kandao Meeting Ultra	1080	1920	240
Kanji	KANJI_AC05	800	1280	213
Kanji	KJ-AC02	800	1280	160
Kanji	KJ-AC05	800	1280	213
Kanji	KJ-ARIZONA	600	1024	160
Kanji	KJ-OB02	600	1024	160
Kanji	KJ_ALFARK	600	1024	160
Kanji	KJ_OB02	600	1024	160
Kanji	KJ_YUBI	600	1024	160
KANSELIR	KTB-168	800	1280	213
Kapsys	SmartVision2	480	800	240
Kapsys	SmartVision3	640	960	260
Karbonn	Aura Power 4G	720	1280	320
Karbonn	K9_Viraat_Plus	480	960	240
Karbonn	Karbonn X21	720	1440	320
Karbonn	Titanium Jumbo	720	1280	320
Karbonn	Titanium S501	480	854	213
Karbonn	Titanium_S9Plus	600	1280	320
Karma	KG555 Pro	720	1520	320
KAT(AF)	SM1_Tablet	800	1280	160
KAZAM	Trooper 650 4G	720	1280	320
KD Interactive	C15100m	600	1024	160
KD Interactive	TAB3-Premium-XTREME3	600	1024	160
KD Interactive	TabXL-Smart-Smart2in1-Tab10	800	1280	160
KEFEYA	Touch-Screen-Monitor	1080	1920	216
Keian	KI-Z101E	800	1280	213
KEMPLER STRAUSS	11PRO	800	1280	160
KEMPLER STRAUSS	KEMPLER_P1	720	1520	320
KEMPLER STRAUSS	KEMPLER_P1_AMATEUR_PLUS	480	854	240
KEMPLER STRAUSS	KEMPLER_P3	720	1560	320
Kempler Strauss	KEMPLER_X	720	1440	320
KEMPLER STRAUSS	KEMPLERP1_Amateur	480	854	240
KEMPLER STRAUSS	KemplerP1pro	720	1520	320
KEMPLER STRAUSS	ZKEMPLER	600	1024	160
KEMPLER STRAUSS	ZKEMPLER PRO	600	1024	160
KEMPLER STRAUSS	ZKEMPLER11	600	1024	160
KEMPLER STRAUSS	ZKEMPLER11PRO	800	1280	213
KEMPLER STRAUSS	ZKEMPLER_MAX	600	1024	160
KEMPLER STRAUSS	ZKEMPLER_PLUS	600	1024	160
Kenbo	K7	480	960	240
KENSHI	Armor C1 Max	720	1440	320
KENSHI	Armor C1s	720	1560	320
KENSHI	Armor H1s	1080	2408	480
KENSHI	Armor H2s	1080	2408	480
KENSHI	Armor I1 Slim	1080	2460	480
KENSHI	Armor I1w	1080	2408	480
KENSHI	Armor P1 Pro	1080	2408	480
KENSHI	Armor P1w	1080	2460	480
KENSHI	Armor V1s	1080	2408	480
KENSHI	Armor_C1w_RU	720	1600	320
KENSHI	Armor_H1w	1080	2408	480
KENSHI	Armor_I2w	1080	2408	480
KENSHI	Armor_P1s	1080	2460	480
KENSHI	E10	1200	2000	240
KENSHI	E11	1200	2000	240
KENSHI	E12	1600	2560	320
KENSHI	E17_RU	800	1280	160
KENSHI	E18_RU	800	1280	160
KENSHI	E28	800	1280	220
KENSHI	H10	800	1280	210
KENSHI	H11	800	1280	210
KENSHI	H14	1200	1920	320
KENSHI	H15	1200	1920	480
KENSHI	H16	1200	1920	480
KENSHI	H17_RU	800	1280	213
KENSHI	H18_RU	800	1280	213
KENSHI	H19	800	1280	213
KENSHI	H20	800	1280	213
KENSHI	H21	1200	2000	280
KENSHI	H24	1200	1920	320
KENSHI	H34	800	1280	213
KENSHI	H38	1200	1920	320
KENSHI	H44	800	1280	213
KENSHI	Kenshi KP10	1200	2000	320
KENSHI	Kenshi KP11	1200	2000	320
KENSHI	Kenshi_K10	1200	2000	340
KENSHI	O8	800	1280	240
KENSHI	Pad_Lite_E48	800	1280	213
KENSHI	Pad_Lite_E58	1200	1920	320
KENSHI	Pad_Plus_E113	1600	2560	320
KENSHI	Pad_Pro_E110	1200	2000	240
KENSHI	Pad_Pro_E111	1200	2000	240
KENSHI	Pad_Pro_E112	1600	2560	320
KENSHI	Pad_Pro_E90	1200	1920	240
Kenwood	KWSA80K	1080	1920	480
Kenxinda	9_Pro	720	1640	320
Kenxinda	A1	480	1014	213
Kenxinda	A8	480	1014	240
Kenxinda	D26	480	1014	200
Kenxinda	D70	720	1600	300
Kenxinda	T55	320	385	160
Kenxinda	T55S	412	502	200
Kenxinda	X10	800	1280	213
Kenxinda	X7g	600	1024	240
Kenxinda	X7s	800	1280	213
Kenxinda	Y10	720	1280	320
Kenxinda	Y20	720	1520	320
KEP-Tech	Tablet	1200	2000	320
KEYENCE	BT-A2000M	480	800	240
KEYENCE	BT-A600M	480	800	240
KEYENCE	BTA700	720	1280	320
KEYENCE	DX-A400	480	800	240
KEYENCE	DX-A600	720	1440	320
KEYENCE	DXA800	1080	2160	480
KGTEL	A56	480	960	213
KGTEL	Hello 10 Pro 4G	720	1600	320
KGTEL	Mate_20_Pro_4G	720	1612	320
KGTEL	Nova_10_Pro_4G	720	1612	320
KGTEL	R10	540	960	240
KGTEL	X5	540	960	240
KGTEL	X55E	480	960	213
kiddoboo	KB101	800	1280	200
kiddoboo	KB101B	800	1280	200
kiddoboo	KB102	800	1280	160
kiddoboo	KB82P	800	1280	240
kiddoboo	Kiddoboo Plus KB80P	800	1280	200
Kids_and_Us	KIDSPAD_V2	800	1280	213
Kindermann	KindermannTD-12xx	2160	3840	480
Kingcomm	C500	480	960	240
Kinstone	CON_102	800	1280	213
Kinstone	KST102SA-EEA	1200	1920	280
Kinstone	KST102SF	800	1280	213
Kinstone	KST102SF_EA	800	1280	160
Kinstone	KST103RC	1200	1920	288
Kinstone	KST103SD	1200	1920	320
Kinstone	KST103SD-L	1200	1920	320
Kinstone	KST103SD_J	1200	1920	320
Kinstone	SA070	600	1024	213
KIRISUN	KIRISUN T650	720	1440	320
Klipad	KL2108NBE	800	1332	160
Klipad	KL2109NB_EEA	768	1366	160
Klipad	KL3669_EEA	600	1024	160
Klipad	KL3669A	600	1024	160
Klipad	KL4889B_EEA	800	1280	213
Klipad	KL4889C	800	1280	160
Klipad	KL4890	800	1280	160
Klipad	KL4891	600	1024	160
Klipad	KL4898	800	1280	160
Klipad	KL4898_A50	800	1280	213
Klipad	KL4899	800	1280	200
Klipad	KL4899A	800	1280	213
Klipad	KL500	480	960	240
Klipad	KL503	480	854	240
Klipad	KL505	480	854	220
Klipad	KL600	540	960	240
Klipad	KL601	480	960	240
Klipad	KL602	480	960	240
Klipad	KL605_EEA	480	960	240
Klipad	KL608	480	960	240
Klipad	KL628KO	800	1280	160
Klipad	KL6889B	600	1024	160
Klipad	KL7590_eea	600	1024	160
Klipad	KL7591	600	1024	160
Klipad	KL8889	800	1280	213
Klipad	KL9878	800	1280	213
Klipad	KL9878A_EEA	800	1280	213
Klipad	KL9878AE	800	1280	213
Klipad	KL_6888	600	1024	160
Klipad	KLIPAD	800	1280	160
Klipad	KLIPAD_SMART_I746	600	1024	160
Klipad	V356	480	960	240
Kobo	Arc	800	1205	213
Kobo	Arc 10HD	1600	2560	320
Kodak	Ektra	1080	1920	480
Kodak	K10_US	1200	1920	210
Kodak	K11_ROW	1200	1920	248
Kodak	KD10112TB	800	1280	213
Kodak	KODAK SMARTWAY L1 PRO	720	1440	320
Kodak	KODAK SMARTWAY T3	600	1280	280
Kodak	Kodak_D40	480	800	240
Kodak	Kodak_D50L	480	960	240
Kodak	Kodak_D55L_R	444	960	213
Kodak	Kodak_D60LX	720	1440	320
Kodak	Kodak_D61L	720	1560	320
Kodak	Kodak_D65LX	720	1600	320
Kodak	Kodak_KD50	480	960	240
Kodak	KODAK_SMARTWAY_L1	480	960	240
Kodak	KODAK_SMARTWAY_X2	720	1560	320
Kodak	KT102_EEA	800	1280	200
Kodak	KT102_US	800	1280	200
Kodak	SMARTWAY L2	444	960	200
Kodak	SMARTWAY M2	720	1600	320
Kodak	SMARTWAY_F1	720	1600	320
Kodak	Smartway_T1	720	1440	320
Kogan	KAKT10164SA	800	1280	160
Kogan	KAKT74128BA	600	1024	160
Kogan	KATB10128WPA	1200	1920	213
Kogan	KATB1064CGRY	800	1280	240
Kogan	KATB1064WGRY	1200	1920	213
Kogan	KATB21064CPA	800	1280	240
Kogan	KATB2P1064WPA	1200	2000	240
Kogan	KATB311PLSPA	1200	1920	240
Kogan	Kogan Agora Go	720	1440	320
Kogan	Kogan Agora XI	720	1520	320
Kolke	KTK-611	600	1024	160
KONDE	KIDS_FIVE	600	1024	160
KONKA	KC516	480	960	240
KONKA	KC516_Pro	720	1440	320
KONKA	KM7012BK	600	1024	160
KONKA	M27S	1080	1920	240
KONKA	N15	540	1200	240
KONKA	N17	720	1600	320
KONKA	RE1	720	1440	320
KONKA	SE2	600	1280	240
KONKA	SP20	444	960	240
KONKA	sp6	480	960	240
KONKA	SP9	720	1440	320
Konrow	CITY	480	800	240
Konrow	CITY4_EEA	480	800	240
Konrow	CITY5	480	854	240
Konrow	EASY5	480	854	240
Konrow	EASY_5	480	854	213
Konrow	EASY_K55	480	960	213
Konrow	EASY_S55P	720	1440	320
Konrow	K-TAB1005	800	1280	213
Konrow	K-TAB703	600	1024	155
Konrow	K-TAB801	800	1280	213
Konrow	KTAB_1003	800	1280	160
Konrow	MUST	720	1512	320
Konrow	SKY PLUS	720	1500	320
Konrow	SKY55	720	1440	320
Konrow	SKY63	720	1520	320
Konrow	SKY_55	720	1440	320
Konrow	SOFT5	480	854	240
Konrow	SOFT5P	480	854	240
Konrow	SWEET5	480	854	240
koobee	F2	1080	2160	480
koobee	F2 Plus	1080	2246	480
koobee	K20	720	1520	320
koobee	Koobee K60	1080	2244	480
koobee	koobee_K10	720	1500	320
koobee	Koobee_K100	480	960	200
koobee	S16	720	1560	320
koobee	S19	720	1560	320
KOOLMAAX	GEMINI	480	960	220
kozen	D1	720	1600	320
kozen	P18	1200	1920	240
kozen	T5	480	800	240
KRAVEiN	KR_T01	600	1024	160
KRIP	K4b	480	800	240
KRIP	K4m	480	800	240
KRIP	K5	480	854	240
KRIP	K50	480	854	200
KRIP	K51	480	854	200
KRIP	K55g	720	1440	320
KRIP	K55h	480	960	240
KRIP	K56	480	960	200
KRIP	K57	720	1440	320
KRIP	K58	720	1600	320
KRIP	K58b	720	1600	320
KRIP	K5b	720	1280	320
KRIP	K5d	480	854	240
KRIP	K5m	480	854	240
KRIP	K6	480	960	240
KRIP	K60	720	1600	320
KRIP	K66	720	1600	320
KRIP	K6b	480	960	213
KRIP	K700A	480	960	240
KRIP	KRIP K68	1080	2400	480
KRIP	KRIP K69	720	1640	320
KRIP	KRIP_K4	480	800	240
Krono	COLORS	600	1024	160
Krono	KIDS_COLORS_PLUS	600	1024	130
Krono	Krono_Kids_Play	600	1024	160
Krono	MATRIX PRO	800	1280	240
Krono	NEOW	480	960	200
Krono	NET-X2-2	800	1280	213
Krono	NET_ADVANCE	480	1014	213
Krono	NET_ALPHA	720	1640	320
Krono	NET_G	800	1280	196
Krono	NET_HIT	720	1600	320
Krono	NET_K7	600	1024	213
Krono	NET_K7_PLUS	600	1024	160
Krono	NET_LITE	480	960	240
Krono	NET_MAX	800	1280	160
Krono	Net_Max_Go	800	1280	213
Krono	NET_ONE	480	800	240
Krono	NET_R7	600	1024	213
Krono	NET_TITAN	480	960	240
Krono	NET_VOLT	480	996	240
Krono	NET_Y	600	1024	160
Krono	NETWORK	600	1024	160
Krono	TOUCH55	480	960	200
Krono	ULTRA	600	1024	160
KrossElegance	AS10LXPro	1200	2000	320
KrossElegance	KE-TB1032OF	1200	2000	280
KrossElegance	KE-TB815	800	1280	213
KrossElegance	KE-TB816OF	800	1280	213
Kruger&Matz	DRIVE 8	720	1560	320
Kruger&Matz	DRIVE9	720	1560	320
Kruger&Matz	DRIVE_6	720	1440	320
Kruger&Matz	DRIVE_6SS	720	1440	320
Kruger&Matz	EAGLE 1070	1200	1920	360
Kruger&Matz	Eagle 806	800	1280	213
Kruger&Matz	EAGLE_1068	1200	1920	320
Kruger&Matz	Eagle_1074	1200	2000	340
Kruger&Matz	Eagle_1075	1200	2000	340
Kruger&Matz	Eagle_1076	1200	2000	320
Kruger&Matz	Eagle_702	720	1280	300
Kruger&Matz	Eagle_806_EEA	800	1280	213
Kruger&Matz	Eagle_807	1200	1920	360
Kruger&Matz	EAGLE_961	800	1280	240
Kruger&Matz	FLOW 5	720	1280	320
Kruger&Matz	FLOW7	600	1280	240
Kruger&Matz	FLOW_11_EEA	720	1612	320
Kruger&Matz	Flow_7S_EEA	720	1520	320
Kruger&Matz	Flow_9_EEA	720	1600	320
Kruger&Matz	KM0708	600	1024	160
Kruger&Matz	KM0808	800	1280	213
Kruger&Matz	KM1008	800	1280	213
Kruger&Matz	KM1072	1200	1920	320
Kruger&Matz	KM1073	1200	2000	320
Kruger&Matz	LIVE 7S	1080	2246	480
Kruger&Matz	Live 8 EEA	720	1560	320
Kruger&Matz	Live 9 EEA	720	1600	320
Kruger&Matz	Live 9S EEA	1080	2400	480
Kruger&Matz	LIVE_11_EEA	720	1612	320
Kruger&Matz	LIVE_6plus	720	1440	320
Kruger&Matz	LIVE_7	1080	2280	480
Kruger&Matz	MOVE9	720	1520	320
Kruger_Matz	DRIVE_11_EEA	720	1612	320
Kruger_Matz	EAGLE_1077	800	1280	160
Kruger_Matz	EAGLE_1077S	800	1280	160
Kruger_Matz	EAGLE_1078	1200	1920	240
Kruger_Matz	EAGLE_1078S	1200	1920	240
Kruger_Matz	LIVE_12_EEA	720	1600	480
KTC	Pisces	2160	3840	480
KTC	SD_GM01	2160	3840	560
KTC	SD_GM02	1080	1920	240
KTC	SD_GM03	1080	1920	240
KTC	W83B-LANGO3576	2160	3840	480
KTC (PD)	BLISS503	800	1280	213
KUBIK	KUBIK_GENTA_10	800	1280	213
Kudae	K10	1080	2340	480
Kudae	K10 PRO	1080	2340	480
Kudae	K101	720	1520	320
Kunfabo	F99Pro	720	1520	320
Kuori	KH3566	1080	1920	240
Kuori	KH3588S_NFC	1080	1920	240
KURAEMON	KCG02	1080	2460	480
KURAEMON	KURAEMON_Pad	800	1280	240
Kurio	K01023	600	1024	160
Kurio	K01524	800	1280	160
Kurio	KURIO LITE GO NEW	600	1024	160
Kurio	Kurio Smart 2 in 1 PRO	800	1280	160
Kurio	Kurio Tab	600	1024	160
KUU-Tech	UPAD2021_EEA	1600	2176	320
KUVA	Pad	800	1280	160
KXD mobile	A06	720	1612	320
KXD mobile	A07	720	1612	320
KXD mobile	A07 go	720	1612	320
KXD mobile	A08	720	1600	320
KXD mobile	A11	720	1604	320
KXD mobile	A17 PLUS	720	1612	480
KXD mobile	A6	720	1640	480
KXD mobile	Blus Sea S25 Plus	720	1612	480
KXD mobile	D68S	600	1280	240
KXD mobile	Universe S24_Plus	720	1612	480
KYASTER	KPad_U2_P	600	1024	160
KYASTER	KPad_U4	800	1280	160
Kyocera	404KC	540	960	240
Kyocera	503KC	720	1280	320
Kyocera	602KC	720	1280	320
Kyocera	704KC	1080	1920	480
Kyocera	705KC	720	1280	320
Kyocera	Android One S10	1080	2400	420
Kyocera	Android One S2	720	1280	320
Kyocera	Android One S9	1080	2400	420
Kyocera	BASIO	1080	1920	480
Kyocera	BASIO 3	1080	1920	480
Kyocera	BASIO active3	720	1560	320
Kyocera	BASIO4	720	1480	320
Kyocera	Brigadier	720	1280	320
Kyocera	DIGNO	1080	1920	480
Kyocera	DIGNO BX	720	1440	280
Kyocera	DIGNO BX2	1080	2400	420
Kyocera	DIGNO BX3	720	1560	300
Kyocera	DIGNO L	720	1280	320
Kyocera	DIGNO SANGA edition	1080	2400	420
Kyocera	DIGNO SX3	1080	2400	420
Kyocera	DIGNO SX4	720	1560	300
Kyocera	DIGNO SX4 Wi-Fi	720	1560	300
Kyocera	DIGNO SX5	720	1560	280
Kyocera	DIGNO T	540	960	240
Kyocera	DIGNO Tab	1200	1920	240
Kyocera	DIGNO Tab2 5G	1200	1920	240
Kyocera	DIGNO WX	1080	2280	400
Kyocera	DURA FORCE PRO	1080	1920	480
Kyocera	DuraForce	720	1280	320
Kyocera	DuraForce EX	720	1560	300
Kyocera	DuraForce PRO	1080	1920	480
Kyocera	DuraForce Pro 2	1080	1920	480
Kyocera	DuraForce PRO 2 with Sapphire shield	1080	1920	480
Kyocera	DuraForce PRO 3	1080	2160	420
Kyocera	DuraForce PRO with Sapphire Shield	1080	1920	480
Kyocera	DuraForce Ultra 5G	1080	2160	420
Kyocera	DuraForce XD	720	1280	240
Kyocera	DuraSport 5G	1080	2400	420
Kyocera	GRATINA	1080	2280	420
Kyocera	Hydro AIR	540	960	240
Kyocera	Hydro ICON	540	960	240
Kyocera	Hydro LIFE	540	960	240
Kyocera	Hydro REACH	540	960	240
Kyocera	Hydro SHORE	540	960	240
Kyocera	Hydro VIEW	540	960	240
Kyocera	Hydro WAVE	540	960	240
Kyocera	INFOBAR A03	1080	1920	480
Kyocera	KC-01	540	960	240
Kyocera	KC-T302DT	800	1280	160
Kyocera	KC-T303DT	1200	1920	240
Kyocera	KC-T304	1200	1920	240
Kyocera	KC-T305	1200	1920	240
Kyocera	KC-T308	1200	1920	240
Kyocera	miraie f	720	1280	320
Kyocera	Qua phone	720	1280	320
Kyocera	Qua phone (KYV37)	720	1280	320
Kyocera	Qua phone QZ	1080	1920	480
Kyocera	Qua tab 01	1200	1920	320
Kyocera	Qua tab QZ10	1200	1920	240
Kyocera	Qua tab QZ8	1200	1920	320
Kyocera	rafre	720	1280	320
Kyocera	S301	540	960	240
Kyocera	S4	1080	1920	480
Kyocera	S6	1080	2280	420
Kyocera	S8	1080	2280	400
Kyocera	SZJ201	800	1280	160
Kyocera	TORQUE	480	800	240
Kyocera	TORQUE	1080	1920	480
Kyocera	TORQUE G01	720	1280	320
Kyocera	TORQUE G02	720	1280	320
Kyocera	TORQUE G03	720	1280	320
Kyocera	TORQUE G04	1080	1920	480
Kyocera	TORQUE G06	1080	2160	420
Kyocera	TORQUE G07	1080	2160	420
Kyocera	TORQUE(R) 5G	1080	2160	420
Kyocera	URBANO L01	720	1280	320
Kyocera	URBANO L02	720	1280	320
Kyocera	URBANO L03	1080	1920	480
Kyocera	URBANO V01	1080	1920	480
Kyocera	URBANO V02	720	1280	320
Kyocera	URBANO V03	720	1280	320
Kyocera	URBANO V04	1080	2160	480
Kyocera	WX10K	720	1280	320
Kyocera	X3	1080	1920	480
Kyocera	あんしんスマホ	1080	2400	480
Kyocera	おてがるスマホ01	1080	1920	480
Kyocera	かんたんスマホ2+	720	1480	320
Kyocera	かんたんスマホ3	1080	2400	480
Kyocera	かんたんスマホ２	720	1480	320
LAGENIO	A10_EEA	576	1280	213
LAGENIO	A10_Pro_EEA	576	1280	213
LAGENIO	A11_Pro_EEA	720	1600	280
LAGENIO	A11_V_EEA	720	1600	280
LAGENIO	A12_EEA	720	1640	280
LAGENIO	A12_Pro_EEA	720	1640	320
LAGENIO	Eagle Pro	540	1172	280
LAGENIO	Panther1_EEA	720	1600	280
LAGENIO	Panther2_EEA	720	1600	280
LAGENIO	Panther2_Pro_EEA	720	1600	280
LAGENIO	Rhino 1 Pro	720	1640	280
Laiq	GLAM	720	1280	320
Laiq	STARTRAIL 8	720	1280	320
Lamborghini	SDIS1	1200	1920	240
LAMZIEN	LAMZIEN_P2	800	1280	213
Land Rover	Explore	1080	1920	420
Land Rover	Land Rover Explore R	720	1440	280
LANDI	C20ProSE	1080	1920	240
LANDI	M20	720	1600	320
LANDI	M20SE	720	1600	320
Lango	IFPD-R3576	2160	3840	480
Lango	LANGO OPS8195	2160	3840	480
Lanix	Alpha 1R	720	1600	320
Lanix	Alpha 1V	720	1600	320
Lanix	ALPHA 2	720	1600	480
Lanix	Alpha 3R	720	1600	320
Lanix	Alpha 5V	1080	2400	480
Lanix	ALPHA 6	720	1600	320
Lanix	Alpha 9V	1080	2400	480
Lanix	Alpha_3V	720	1600	320
Lanix	Alpha_950	720	1440	320
Lanix	Ilium Alpha 1s	720	1560	320
Lanix	Ilium Alpha 3	720	1440	320
Lanix	Ilium Alpha 5s	720	1520	280
Lanix	Ilium Alpha 9	1080	2246	480
Lanix	Ilium L1120	720	1280	320
Lanix	Ilium L1400	1080	1920	480
Lanix	Ilium L610	720	1280	320
Lanix	Ilium L620	720	1280	320
Lanix	Ilium L920	720	1280	320
Lanix	Ilium LT510	480	854	240
Lanix	Ilium LT520	480	854	240
Lanix	Ilium M1	480	960	240
Lanix	Ilium M3	480	960	240
Lanix	Ilium M5	480	960	240
Lanix	Ilium M5s	480	960	240
Lanix	Ilium M7	720	1440	320
Lanix	ILium M7s	720	1440	320
Lanix	Ilium M7T	480	960	240
Lanix	Ilium M7V	480	960	240
Lanix	Ilium M9	720	1440	320
Lanix	Ilium M9s	720	1440	320
Lanix	Ilium M9V	720	1560	320
Lanix	ILIUM PAD RX10 Pro	1200	2000	280
Lanix	Ilium X210	480	800	240
Lanix	Ilium X220	480	800	240
Lanix	Ilium X510	480	854	240
Lanix	Ilium X520	480	854	240
Lanix	Ilium X710	720	1280	320
Lanix	Ilium_Alpha7	720	1528	280
Lanix	Ilium_Alpha_1TT	720	1560	320
Lanix	Ilium_Alpha_5T	720	1600	320
Lanix	ilium_PAD_RX10	800	1280	160
Lanix	ILIUM_PAD_RX8_v5	800	1280	160
Lanix	ilium_PADE10	800	1280	160
Lanix	IliumPad_RX10	800	1280	160
Lanix	IliumPad_RX10v3	800	1280	240
Lanix	ILIUMPAD_RX10v5	800	1280	213
Lanix	IliumPad_RX7	600	1024	160
Lanix	IliumPad_RX8v2	800	1280	213
Lanix	Llium L910	720	1280	320
Lanix	M1R	480	1014	200
Lanix	RX10v10	800	1280	160
Lanix	RX10v8	800	1280	213
Lanix	RX10v9	800	1280	180
Lanix	RX11	1200	2000	213
Lanix	RX11v2	800	1280	213
Lanix	RX12	1200	2000	320
Lanix	RX7_v3	600	1024	160
Lanix	RX7V4	600	1024	160
Lanix	RX8	800	1280	213
Lanix	RX8v7	800	1280	160
Lanix	X1S	480	854	200
Lanix	X2	1080	1920	480
Lanix	X230	480	800	240
Lanix	X240	480	800	240
Lanix	X5	480	960	200
Lanix	X530	480	854	240
Lanix	X540	480	854	240
Lanix	X550	480	854	200
Lanix	X560	480	960	240
Lanix	X7	480	1014	200
Lanix	X750	480	960	240
Lanix	X770	480	960	240
Lanix	X860	720	1560	320
Laptok	G11L_EEA	1200	2000	240
LARVAND	M863TabH8	800	1280	213
Laser	MID-104GB-968	800	1280	213
Laser	MID-1087	600	1024	160
Laser	MID-1090IPS	800	1280	160
Laser	MID_1085A100	600	1024	160
Laser	MID_1087V9	600	1024	160
Laser	MID_1089IPS_EEA	800	1280	160
Laser	MID_1089IPSA100	800	1280	213
Laser	MID_1099IPS_V13	800	1280	213
Laser	MID_789A100	600	1024	160
Laser	MID_799IPS	600	1024	160
Laser	MID_799IPS_V13	600	1024	160
Laser	MID_7A15	600	1024	160
LAUNCH	Diagnostic_PRO3SV6	800	1280	200
LAUNCH	Diagnostic_Tablet	1600	2560	320
LAUNCH	Diagnostic_Tool	1200	1920	240
LAUNCH	X-431 PAD VII	1080	1920	240
Lava	A1	720	1280	320
Lava	A3	720	1280	320
Lava	A3_mini	720	1280	320
Lava	A44	480	800	240
Lava	A52	480	800	240
Lava	A97 2GB Plus	480	854	240
Lava	Agni 3	1200	2652	520
Lava	Aura Plus	600	1024	213
Lava	BE_U	720	1560	320
Lava	BLAZE	1080	2248	480
Lava	Blaze 2 Pro	720	1600	280
Lava	ir59	600	1280	280
Lava	iris 54	480	960	240
Lava	iris30	480	800	240
Lava	iris40	480	854	240
Lava	iris42	480	854	240
Lava	iris46	480	854	240
Lava	iris50	480	854	240
Lava	iris50c	480	854	240
Lava	iris51	720	1280	320
Lava	iris60	480	854	240
Lava	iris60c	480	854	240
Lava	Iris61	480	854	240
Lava	iris65	720	1280	320
Lava	iris702	480	854	240
Lava	iris80	720	1280	320
Lava	Iris820	720	1280	320
Lava	iris821	720	1280	320
Lava	iris870	720	1280	320
Lava	iris88	720	1440	320
Lava	iris88_go	720	1440	320
Lava	iris88_lite	720	1440	320
Lava	iris88s	720	1440	320
Lava	LAVA AGNI 5G	1080	2460	480
Lava	LAVA LXX503	720	1600	320
Lava	LAVA LXX504	1080	2400	480
Lava	LAVA LXX505	1080	2400	480
Lava	LAVA LXX506	1080	2460	480
Lava	LAVA LXX507	720	1612	320
Lava	LAVA LXX508	1080	2460	480
Lava	LAVA LXX510	720	1600	280
Lava	LAVA LXX511	720	1612	320
Lava	LAVA LXX513	1080	2400	480
Lava	LAVA LXX514	720	1604	280
Lava	LAVA LXX515	1080	2400	480
Lava	LAVA LXX516	720	1600	320
Lava	Lava LXX517	720	1600	320
Lava	LAVA LXX520	1080	2400	480
Lava	LAVA LXX521	1080	2400	480
Lava	LAVA LXX522	720	1600	320
Lava	LAVA LXX523	1080	2400	480
Lava	LAVA LXX524	1080	2400	480
Lava	LAVA LXX525	1220	2712	480
Lava	LAVA LZG410	720	1600	320
Lava	LAVA LZG411	720	1600	320
Lava	LAVA LZX414	720	1600	280
Lava	LAVA LZX419	720	1600	320
Lava	LAVA LZX421	720	1600	320
Lava	LAVA Z35	720	1600	320
Lava	LAVA Z66	720	1560	320
Lava	LE000Z93P	720	1600	280
Lava	LE9810	720	1520	320
Lava	LE9820	720	1520	320
Lava	LF9810_2GB	480	960	240
Lava	LH9810	480	960	240
Lava	LMG02	720	1600	280
Lava	LMX02	720	1600	280
Lava	LN9810	480	960	240
Lava	LN9820	480	960	240
Lava	LXX519	720	1600	280
Lava	LZG01	720	1640	280
Lava	Magnum Pro	800	1280	160
Lava	R1	720	1280	320
Lava	R1LITE	480	854	240
Lava	R3	720	1440	320
Lava	R3 Prime	720	1440	320
Lava	Shark 2 5G	720	1600	480
Lava	T101	800	1280	213
Lava	T101N	800	1280	160
Lava	T71_w	600	1024	160
Lava	T71N_M	800	1280	160
Lava	T81	800	1280	240
Lava	T81N	800	1280	240
Lava	V7	600	1280	280
Lava	V7s Prime	600	1280	300
Lava	V8	720	1560	320
Lava	X2	720	1600	320
Lava	X41Plus	720	1280	320
Lava	X81	720	1280	320
Lava	Y50	720	1520	320
Lava	YUVA 2 PRO	720	1600	320
Lava	YUVA 3	720	1612	480
Lava	Yuva 4	720	1612	480
Lava	Yuva Star	720	1600	320
Lava	Z1	480	854	180
Lava	Z1 Pro	720	1600	320
Lava	Z10	720	1280	320
Lava	Z100	720	1600	320
Lava	Z1S	480	854	200
Lava	Z2	720	1600	280
Lava	Z21	480	854	200
Lava	Z25	720	1280	320
Lava	Z3	720	1600	320
Lava	Z3 PRO	720	1600	320
Lava	Z33	720	1600	280
Lava	Z4/Z6	720	1600	280
Lava	Z40	480	800	240
Lava	Z50	480	854	240
Lava	Z50_Pro	480	854	240
Lava	Z51	480	960	240
Lava	Z52 Pro	480	960	240
Lava	Z53	600	1280	280
Lava	Z60	480	854	240
Lava	Z60S	720	1280	320
Lava	Z61	720	1440	320
Lava	Z61-2GB	720	1440	320
Lava	Z61P	720	1440	320
Lava	Z70	720	1280	320
Lava	Z80	720	1280	320
Lava	Z81	720	1440	320
Lava	Z90	720	1280	320
Lava	Z91	720	1440	320
Lava	Z92	720	1520	320
Lava	Z93P	720	1560	320
Lava	ZX	720	1520	320
Laxton	Chameleon_8	1200	1920	320
LAZOR	InfinityT10101	800	1280	213
LBQ (UK)	LbQ_F8v2	800	1280	213
Le Pan	TC802A	768	1024	160
Leader Phone	Alphatel_T1	600	1024	160
Leader Phone	Vyper	480	960	240
leaderhub	S19_EEA	1200	2000	280
leaderhub	S21	1440	2200	300
Leagoo	KIICAA MIX	1080	1920	480
Leagoo	KIICAA POWER	720	1280	320
Leagoo	LeaPad X	600	1024	160
Leagoo	M11	480	996	240
Leagoo	M12	720	1520	320
Leagoo	M12A	720	1520	320
Leagoo	M13	600	1280	240
Leagoo	M9	640	1280	320
Leagoo	M9 Pro	720	1440	320
Leagoo	P1 Pro	720	1280	320
Leagoo	Power 2	720	1280	320
Leagoo	Power 2 Pro	720	1280	320
Leagoo	Power 5	1080	2160	480
Leagoo	S11	720	1520	320
Leagoo	S8	720	1440	320
Leagoo	S8 Pro	1080	2160	480
Leagoo	S9	720	1512	320
Leagoo	T5	1080	1920	480
Leagoo	T8	1080	1920	480
Leagoo	T8s	1080	1920	480
Leagoo	XRover	720	1440	320
Leagoo	XRover C	720	1440	320
Leagoo	Z9	480	854	240
LeBest	L3	720	1604	260
LeBest	LeBest L2	720	1612	260
LeBest	LeBest L22025	720	1612	320
Lechpol	EAGLE1069	1200	1920	320
Leeco	Le Max2	1440	2560	560
Leeco	Le Pro3	1080	1920	480
Leeco	Le S3	1080	1920	420
Legamaster	EVOLVE2	2160	3840	480
Legamaster	EVOLVE3	2160	3840	480
Legamaster	NAVIGATOR	2160	3840	480
LEGEND	ACE_I	480	854	240
LEGEND	IPF10	1200	1920	240
LEGEND	NEBULAE	720	1440	320
LegendComfortable	SEP011037	800	1280	160
Leica	Leica CSX8	1200	1920	320
LENIX	LENIX Pro	720	1600	280
LENIX	LENIX Standard	720	1560	300
Lenovo	55E82,49E82,50U3A,58U3A,70UD30A,60UD30A,80UD30A,65UR30A	1080	1920	480
Lenovo	A10	768	1368	160
Lenovo	A1000	480	800	240
Lenovo	A1000	600	976	160
Lenovo	A1000-G	600	976	160
Lenovo	A1000L	600	976	160
Lenovo	A1000m	480	800	240
Lenovo	A1010	480	854	240
Lenovo	A2010-a	480	854	240
Lenovo	A2010l36	480	854	240
Lenovo	A2016a40	480	854	240
Lenovo	A2016b30	480	854	240
Lenovo	A2016b31	480	854	240
Lenovo	A2020a40	480	854	240
Lenovo	A3000	600	1024	160
Lenovo	A301LV	1200	2000	240
Lenovo	A319	480	800	240
Lenovo	A328	480	854	240
Lenovo	A3300	600	1024	160
Lenovo	A3300-GV	600	1024	160
Lenovo	A3500	800	1280	213
Lenovo	A3500-F	800	1280	213
Lenovo	A3500-FL	800	1280	213
Lenovo	A3500-H	800	1280	213
Lenovo	A369i	480	800	240
Lenovo	A5000	720	1280	320
Lenovo	A536	480	854	240
Lenovo	A5500-F	800	1280	213
Lenovo	A5500-H	800	1280	213
Lenovo	A5500-HV	800	1280	213
Lenovo	A6000	720	1280	320
Lenovo	A6010	720	1280	320
Lenovo	A606	480	854	240
Lenovo	A6600	720	1280	320
Lenovo	A6600 Plus	720	1280	320
Lenovo	A7	720	1560	320
Lenovo	A7-30GC	600	1024	160
Lenovo	A7-30H	600	1024	160
Lenovo	A7000	720	1280	320
Lenovo	A7000 Plus	1080	1920	480
Lenovo	A7600-F	800	1280	160
Lenovo	A7600-H	800	1280	160
Lenovo	A768t	1080	1920	480
Lenovo	A7700	720	1280	320
Lenovo	A8-50	800	1280	213
Lenovo	A806	720	1280	320
Lenovo	A916	720	1280	320
Lenovo	B6000-F	800	1280	213
Lenovo	B8000-F	800	1280	160
Lenovo	B8080	1200	1920	240
Lenovo	d-42A	1200	1920	320
Lenovo	d-52C	1200	1920	320
Lenovo	dtab d-51F	1600	2560	320
Lenovo	IdeaTab A5000	600	976	160
Lenovo	IdeaTab S6000	800	1280	160
Lenovo	K3 Note	1080	1920	480
Lenovo	K32	1080	1920	480
Lenovo	K350t	720	1440	320
Lenovo	K5	720	1280	320
Lenovo	K5	1080	1920	480
Lenovo	K5 Note	720	1440	320
Lenovo	K5 Note	1080	1920	480
Lenovo	K5 Plus	1080	1920	480
Lenovo	K50-T5	1080	1920	480
Lenovo	K520	1080	2160	480
Lenovo	K5X	1080	2160	480
Lenovo	K80M	1080	1920	480
Lenovo	K910	1080	1920	480
Lenovo	K920/VIBE Z2	1440	2560	640
Lenovo	L38011	720	1440	320
Lenovo	Legion Phone Y70 New Generation	1440	3168	520
Lenovo	Legion Y70	1080	2400	480
Lenovo	Lenovo A3300	600	1024	160
Lenovo	Lenovo A5	720	1440	320
Lenovo	Lenovo A5s	720	1440	320
Lenovo	Lenovo A6 Note	720	1560	320
Lenovo	Lenovo A8	720	1600	280
Lenovo	Lenovo Idea Tab / Lenovo Tab K11 Gen 2	1600	2560	320
Lenovo	Lenovo Idea Tab Plus / Lenovo Tab K12	1600	2560	320
Lenovo	Lenovo Idea Tab Pro	1840	2944	340
Lenovo	Lenovo Idea Tab Pro Gen 2 / Lenovo Tab K13	2190	3504	360
Lenovo	Lenovo K11	720	1520	320
Lenovo	Lenovo K12 Note	720	1600	280
Lenovo	Lenovo K13 Note	720	1600	280
Lenovo	Lenovo K13 Pro	720	1600	280
Lenovo	Lenovo K8	720	1280	320
Lenovo	Lenovo K8 Note	1080	1920	480
Lenovo	Lenovo K8 Plus	1080	1920	480
Lenovo	Lenovo K9	720	1440	320
Lenovo	Lenovo Legion Tab	1600	2560	400
Lenovo	Lenovo Legion Tab (8.8",5)	1904	3040	440
Lenovo	Lenovo Legion Tab (8.8'',3)	1600	2560	400
Lenovo	Lenovo Mirage Solo	1440	2560	400
Lenovo	Lenovo PHAB2	720	1280	240
Lenovo	Lenovo PHAB2 Plus	1080	1920	360
Lenovo	Lenovo PHAB2 Pro	1440	2560	480
Lenovo	Lenovo S5 Pro	1080	2246	480
Lenovo	Lenovo Smart Tab M10 FHD Plus with Amazon Alexa	1200	1920	240
Lenovo	Lenovo Smart Tab M8	1200	1920	320
Lenovo	Lenovo Smart Tab M8 (3rd Gen)	800	1280	213
Lenovo	Lenovo Smrat Tab M8	800	1280	240
Lenovo	Lenovo TAB 10	800	1280	160
Lenovo	Lenovo TAB 2 A10-30	800	1280	160
Lenovo	Lenovo TAB 7	720	1280	240
Lenovo	Lenovo TAB 7 Essential	600	1024	160
Lenovo	Lenovo Tab 7 Essential	600	1024	160
Lenovo	Lenovo TAB 8	800	1280	213
Lenovo	Lenovo Tab E10	800	1280	160
Lenovo	Lenovo Tab E7	600	1024	160
Lenovo	Lenovo Tab Extreme	1876	3000	320
Lenovo	Lenovo Tab K10	1200	1920	240
Lenovo	Lenovo Tab K10 Gen 2 / Lenovo Tab	1200	1920	240
Lenovo	Lenovo Tab K11	1200	1920	240
Lenovo	Lenovo Tab K11 Plus	1200	2000	240
Lenovo	Lenovo Tab K9 / Lenovo Tab One	800	1340	180
Lenovo	Lenovo Tab M10 (3rd Gen)	1200	1920	240
Lenovo	Lenovo Tab M10 (FHD)	1200	1920	240
Lenovo	Lenovo Tab M10 (HD)	800	1280	160
Lenovo	Lenovo Tab M10 5G	1200	2000	240
Lenovo	Lenovo Tab M10 FHD Plus	1200	1920	240
Lenovo	Lenovo TAB M10 FHD Rel	1200	1920	240
Lenovo	Lenovo Tab M10 FHD Rel	1200	1920	240
Lenovo	Lenovo Tab M10 HD (2nd Gen)	800	1280	160
Lenovo	Lenovo Tab M10 Plus	1200	1920	240
Lenovo	Lenovo Tab M10 Plus 3rd Gen	1200	2000	240
Lenovo	Lenovo Tab M10a 5G	1200	2000	240
Lenovo	Lenovo Tab M11	1200	1920	240
Lenovo	Lenovo Tab m11	1200	2000	240
Lenovo	Lenovo Tab M7	600	1024	160
Lenovo	Lenovo Tab M7 (3rd Gen)	600	1024	160
Lenovo	Lenovo Tab M8	800	1280	240
Lenovo	Lenovo Tab M8	1200	1920	320
Lenovo	Lenovo Tab M8 (3rd Gen)	800	1280	213
Lenovo	Lenovo Tab M8 (4th gen)	800	1280	240
Lenovo	Lenovo Tab M8 (4th Gen) 2024	800	1280	240
Lenovo	Lenovo Tab M9	800	1340	200
Lenovo	Lenovo Tab P10	1200	1920	240
Lenovo	Lenovo Tab P11	1200	2000	240
Lenovo	Lenovo Tab P11 (2nd Gen)	1200	2000	240
Lenovo	Lenovo Tab P11 5G	1200	2000	240
Lenovo	Lenovo Tab P11 Plus	1200	2000	240
Lenovo	Lenovo Tab P11 Pro	1600	2560	320
Lenovo	Lenovo Tab P11 Pro (2nd Gen)	1536	2560	320
Lenovo	Lenovo Tab P12	1840	2944	340
Lenovo	Lenovo Tab P12 Pro	1600	2560	240
Lenovo	Lenovo Tab Plus	1200	2000	240
Lenovo	Lenovo Tab Plus Gen 2	1600	2560	320
Lenovo	Lenovo Tab V7	1080	2160	480
Lenovo	Lenovo TAB3 10 Plus	1200	1920	240
Lenovo	Lenovo TAB3 7	600	1024	160
Lenovo	Lenovo TAB3 7 Essential	600	1024	160
Lenovo	Lenovo TAB3 7 Plus	720	1280	240
Lenovo	Lenovo TAB3 8	800	1280	213
Lenovo	Lenovo TAB3 8 Plus	1200	1920	320
Lenovo	Lenovo TAB4	1200	1920	240
Lenovo	Lenovo TAB4 10	800	1280	160
Lenovo	Lenovo TAB4 10 Plus	1200	1920	240
Lenovo	Lenovo TAB4 10 REL	800	1280	160
Lenovo	Lenovo TAB4 8	800	1280	213
Lenovo	Lenovo TAB4 8 Plus	1200	1920	320
Lenovo	Lenovo TAB4 8 REL	800	1280	213
Lenovo	Lenovo Tab6	1200	1920	240
Lenovo	Lenovo TAB8	1600	2560	320
Lenovo	Lenovo TB-8304F1	800	1280	213
Lenovo	Lenovo ThinkTab X11 Gen 1 / Lenovo ThinkTab X11 (EG)	1600	2560	320
Lenovo	Lenovo Yoga Tab	2000	3200	400
Lenovo	Lenovo Yoga Tab 11	1200	2000	240
Lenovo	Lenovo YOGA Tab 3 Plus	1600	2560	320
Lenovo	Lenovo Yoga Tab Plus	1840	2944	340
Lenovo	Lenovo Z5 Pro	1080	2340	480
Lenovo	Lenovo_K320t	720	1440	320
Lenovo	LenovoTV 50S52;AQUOS LCD-50S1A	1080	1920	480
Lenovo	Lenvo S960	1080	1920	480
Lenovo	Moto E3	720	1280	320
Lenovo	Moto E3 Power	720	1280	320
Lenovo	Moto TAB	1200	1920	240
Lenovo	moto tab g62	1200	2000	240
Lenovo	moto tab g62 LTE	1200	2000	240
Lenovo	Motorola M	1080	1920	480
Lenovo	NEC PC-TE507FAW	720	1280	240
Lenovo	NEC PC-TS508FAM	1200	1920	320
Lenovo	P1	1080	1920	480
Lenovo	P2	1080	1920	480
Lenovo	P70	720	1280	320
Lenovo	P780	720	1280	320
Lenovo	PB1-750M/Lenovo PHAB	720	1280	240
Lenovo	PB1-770M/Lenovo PHAB Plus	1080	1920	320
Lenovo	PB1-770N	1080	1920	480
Lenovo	PB2 plus	1080	1920	360
Lenovo	S1	1080	1920	480
Lenovo	S1La40	1080	1920	480
Lenovo	S5000	800	1280	213
Lenovo	S60	720	1280	320
Lenovo	S6000L	800	1280	160
Lenovo	S650_ROW	540	960	240
Lenovo	S660	540	960	240
Lenovo	S820	720	1280	320
Lenovo	S850	720	1280	320
Lenovo	S860	720	1280	320
Lenovo	S898t+	720	1280	320
Lenovo	S90-A	720	1280	320
Lenovo	S960	1080	1920	480
Lenovo	S968t	1080	1920	480
Lenovo	Softbank 501LV	800	1280	213
Lenovo	TAB 2 A10	1200	1920	240
Lenovo	TAB 2 A7-10F	600	1024	160
Lenovo	TAB 2 A7-20F	600	1024	160
Lenovo	TAB 2 A7-30F	600	1024	160
Lenovo	TAB 2 A7-30HC	600	1024	160
Lenovo	TAB 2 A8-50F	800	1280	213
Lenovo	TAB A10-80HC	800	1280	160
Lenovo	TAB S8-50F	1200	1920	320
Lenovo	TAB S8-50L	1200	1920	320
Lenovo	TAB S8-50LC	1200	1920	320
Lenovo	TAB4 8	800	1280	213
Lenovo	TB3-601LV	800	1280	213
Lenovo	TB3-602LV	800	1280	213
Lenovo	TBD	1080	2340	480
Lenovo	VIBE K10	720	1280	320
Lenovo	VIBE K6	1080	1920	480
Lenovo	VIBE K6 Note	1080	1920	480
Lenovo	VIBE K6 Power	1080	1920	480
Lenovo	VIBE X3 Lite	1080	1920	480
Lenovo	X2	1080	1920	480
Lenovo	X2 Pro	1080	1920	480
Lenovo	X2-TO/VIBE X2	1080	1920	480
Lenovo	X3a40	1080	1920	480
Lenovo	XiaoXin Pad Plus	1200	2000	240
Lenovo	xiaoxin pad Pro 12.7	1840	2944	340
Lenovo	YOGA A12	800	1280	160
Lenovo	YOGA BOOK	1200	1920	280
Lenovo	Yoga Smart Tab	1200	1920	240
Lenovo	Yoga Tab 13(ROW)	1350	2160	240
Lenovo	YOGA Tab 3 10”	800	1280	213
Lenovo	YOGA Tab 3 8”	800	1280	213
Lenovo	YOGA Tab 3 PRO 10”	1600	2560	320
Lenovo	YOGA Tab Pro Max AI Yuanqi	1876	3000	320
Lenovo	YOGA Tablet Pro-1380L/Yoga Tablet 2 Pro	1200	1920	240
Lenovo	Z2	720	1280	320
Lenovo	Z5	1080	2246	480
Lenovo	Z5s	1080	2340	480
Lenovo	Z6	1080	2340	480
Lenovo	Z6Pro	1080	2340	480
Lenovo	Z90/VIBE Shot	1080	1920	480
Lenovo	Z90a40/VIBE Shot	1080	1920	480
Lenovo	小新Pad Pro 2021	1600	2560	320
Lenovo	小新Pad Pro 2022	1536	2560	320
Lenovo	小新学习平板	1840	2944	340
Lenovo	小新平板	1200	1920	320
Lenovo	拯救者电竞手机	1080	2340	480
Lenovo	拯救者电竞手机2 Pro	1080	2460	480
Lenovo	联想平板 拯救者 Y900 13	2560	3840	400
Lenovo	联想平板电脑K10 5G	1200	1920	240
Leotec	mid1016_mk_64	800	1280	160
Lesia	BRIGHT_20	720	1640	320
Lesia	C5	480	960	198
Lesia	FUTURE 10	720	1640	320
Lesia	HOT_30	720	1612	320
Lesia	K2s	480	960	198
Lesia	NEO_9	720	1640	320
Lesia	SMART_7	720	1600	320
LeTV	Le 2	1080	1920	420
LeTV	Le X507	1080	1920	420
LeTV	x600	1080	1920	480
LEVIRTU	M128-EEA	800	1280	160
LEVIRTU	M309-EEA	800	1280	160
LEVIRTU	M893-EEA	1200	1920	240
Lexibook	LT10	800	1280	213
Lexibook	LT10_01_EEA	800	1280	160
Lexibook	LT10_10	800	1280	160
Lexibook	MFC149	600	1024	160
Lexibook	TL70	600	1024	160
Lexibook	TL70_04_EEA	600	1024	160
Lexibook	TLN10FR	800	1280	213
LG_Electronics	TR3DK	2160	3840	480
LG_Electronics	TR3DQ-B	2160	3840	480
LG_Electronics	TR3ER-B	2160	3840	480
LG_Electronics	TR3PN	2160	3840	480
Lgcns	LPT_200AR	800	1280	213
LGE	B6	800	1280	213
LGE	DM-01G	1080	1920	480
LGE	DM-01K	1080	2160	480
LGE	DM-02H	1080	1920	480
LGE	F60	480	800	240
LGE	Fortune	480	854	240
LGE	G Pad 10.1	800	1280	160
LGE	G Pad 10.1 LTE	800	1280	160
LGE	G Pad 5 10.1 FHD	1200	1920	240
LGE	G Pad 7.0	800	1280	213
LGE	G Pad 8.0	800	1280	213
LGE	G Pad II 8.0	800	1280	213
LGE	G PADⅢ 10.1	800	1280	160
LGE	G Pro2	1080	1920	480
LGE	G Stylo	720	1280	320
LGE	G Vista	540	960	240
LGE	G Vista	720	1280	320
LGE	G2 MINI	540	960	240
LGE	G3 Beat	720	1280	320
LGE	G3 S	720	1280	320
LGE	G3 Screen	1080	1920	480
LGE	G3 Stylus	540	960	240
LGE	G8S ThinQ	1080	2248	420
LGE	G8X ThinQ	1080	2340	420
LGE	GPAD 7.0 LTE	800	1280	213
LGE	Homeboy2	800	1280	213
LGE	JOJO	1440	2880	640
LGE	K22	720	1520	320
LGE	K3 2017	480	854	240
LGE	K42	720	1600	280
LGE	K50S	720	1560	280
LGE	K51	720	1560	280
LGE	K51S	720	1600	280
LGE	K71	1080	2460	420
LGE	K92	1080	2400	420
LGE	L Bello	480	854	240
LGE	L Fino	480	800	240
LGE	L-03K	1080	2160	480
LGE	L50 Sporty	480	800	240
LGE	L60	480	800	240
LGE	L65	480	800	240
LGE	L70	480	800	240
LGE	L80 Dual	1080	1920	480
LGE	L90	540	960	240
LGE	L90 Dual	540	960	240
LGE	LBello	480	854	240
LGE	LG Aristo	720	1280	320
LGE	LG Aristo 3+	720	1280	320
LGE	LG Bello II	480	854	240
LGE	LG Class	720	1280	320
LGE	LG Escape 3	720	1280	320
LGE	LG F570S	720	1280	320
LGE	LG F70	480	800	240
LGE	LG G Flex	720	1280	320
LGE	LG G Flex2	1080	1920	480
LGE	LG G Pad 8.0 L Edition	800	1280	213
LGE	LG G Pad 8.3	1200	1920	320
LGE	LG G Pad 8.3 homeBoy	1200	1920	320
LGE	LG G Pad 8.3 LTE	1200	1920	320
LGE	LG G Pad F 8.0	800	1280	213
LGE	LG G Pad F2 8.0	800	1280	213
LGE	LG G Pad F7.0	800	1280	213
LGE	LG G Pad II 10.1 FHD	1200	1920	240
LGE	LG G Pad III 10.1 FHD LTE	1200	1920	240
LGE	LG G Pad IV 8.0 FHD LTE	1200	1920	320
LGE	LG G Pad X 8.3	1200	1920	320
LGE	LG G Pad™ X 8.0	1200	1920	320
LGE	LG G Stylo	720	1280	320
LGE	LG G Vista	720	1280	320
LGE	LG G Vista 2	1080	1920	480
LGE	LG G2	1080	1920	480
LGE	LG G3	1440	2560	640
LGE	LG G3 A	1080	1920	480
LGE	LG G3 Cat.6	1440	2560	640
LGE	LG G4	1440	2560	640
LGE	LG G4 Beat	1080	1920	480
LGE	LG G4 Stylus	720	1280	320
LGE	LG G4c	720	1280	320
LGE	LG G5	1440	2560	640
LGE	LG G5 SE	1440	2560	640
LGE	LG G6	1440	2880	640
LGE	LG G7 fit	1080	2340	420
LGE	LG G7 ThinQ	1440	3120	560
LGE	LG G8 ThinQ™	1440	3120	560
LGE	LG Gpad X 10.1	1200	1920	240
LGE	LG Gx	1080	1920	480
LGE	LG Harmony 4	720	1560	280
LGE	LG it	720	1280	320
LGE	LG Joy	480	800	240
LGE	LG K10	720	1280	320
LGE	LG K10 (2017)	720	1280	320
LGE	LG K10 LTE	720	1280	320
LGE	LG K11	720	1280	320
LGE	LG K20	720	1280	320
LGE	LG K20 Plus	720	1280	320
LGE	LG K20 V	720	1280	320
LGE	LG K3	480	854	240
LGE	LG K3 LTE	480	854	240
LGE	LG K30	720	1440	280
LGE	LG K31	720	1520	280
LGE	LG K33	720	1600	320
LGE	LG K35	720	1600	320
LGE	LG K4 LTE	480	854	240
LGE	LG K4/K7 (2017)	480	854	240
LGE	LG K40	720	1440	280
LGE	LG K40S	720	1560	280
LGE	LG K41S	720	1600	280
LGE	LG K5	480	854	240
LGE	LG K50	720	1520	280
LGE	LG K7	480	854	240
LGE	LG K8	720	1280	320
LGE	LG K8 (2017)	720	1280	320
LGE	LG K8 LTE	720	1280	320
LGE	LG K8(2018)	720	1280	320
LGE	LG K8s	720	1280	320
LGE	LG K9	720	1280	320
LGE	LG L455DL	720	1560	280
LGE	LG Leon	480	854	240
LGE	LG Leon 4G LTE	480	854	240
LGE	LG Leon TV	480	854	240
LGE	LG LEON™ LTE	480	854	240
LGE	LG Logos	720	1280	320
LGE	LG M1	480	854	240
LGE	LG Magna	720	1280	320
LGE	LG Magna LTE	720	1280	320
LGE	LG Optimus G	768	1280	320
LGE	LG Optimus G Pro	1080	1920	480
LGE	LG optimus it L-05E	720	1280	320
LGE	LG Optimus L5 II	480	800	240
LGE	LG Optimus L7 II	480	800	240
LGE	LG Optimus L9 II	720	1280	320
LGE	LG Optimus LTE Tag	1080	1920	480
LGE	LG Power	480	854	240
LGE	LG Premier Pro	720	1280	320
LGE	LG Prime Plus 4G	720	1280	320
LGE	LG Q6	1080	2160	480
LGE	LG Q7	1080	2160	420
LGE	LG Q7+	1080	2160	420
LGE	LG Q70	1080	2310	420
LGE	LG Q9 One	1440	3120	560
LGE	LG RAY	720	1280	320
LGE	LG Reflect	720	1560	280
LGE	LG Smart Folder	480	844	240
LGE	LG Solo LTE	720	1440	280
LGE	LG Spirit	720	1280	320
LGE	LG Spirit 4G LTE	720	1280	320
LGE	LG style2	1080	2160	480
LGE	LG style3	1440	3120	560
LGE	LG Stylo 2	720	1280	320
LGE	LG Stylo 2 Plus	720	1280	320
LGE	LG Stylo 3 Plus	1080	1920	480
LGE	LG Stylo 4	1080	2160	420
LGE	LG Stylo 5	1080	2160	420
LGE	LG Stylo 5+	1080	2160	420
LGE	LG Stylo 7	1080	2460	420
LGE	LG Stylo3	720	1280	320
LGE	LG Stylus2	720	1280	320
LGE	LG Stylus2 4G	1080	1920	480
LGE	LG Stylus3	720	1280	320
LGE	LG Tribute 5	480	854	240
LGE	LG Tribute Royal	720	1440	280
LGE	LG U	1080	1920	480
LGE	LG Ultra Tab	1200	1920	240
LGE	LG Ultra Tab	1200	2000	240
LGE	LG V35 ThinQ	1440	2880	560
LGE	LG V50 ThinQ	1440	3120	560
LGE	LG V60 ThinQ	1080	2460	420
LGE	LG V60 ThinQ 5G	1080	2460	420
LGE	LG VELVET	1080	2460	420
LGE	LG Volt	720	1280	320
LGE	LG Volt II	720	1280	320
LGE	LG Volt LTE	720	1280	320
LGE	LG Wine Smart	320	480	160
LGE	LG WING	1080	2460	420
LGE	LG X cam	1080	1920	480
LGE	LG X charge	720	1280	320
LGE	LG X max	720	1280	320
LGE	LG X power	720	1280	320
LGE	LG X screen	720	1280	320
LGE	LG X Style	720	1280	320
LGE	LG X Venture	1080	1920	480
LGE	LG X500	720	1280	280
LGE	LG Xpression Plus 2	720	1440	280
LGE	LG Zero	720	1280	320
LGE	LG-AS876	540	960	240
LGE	LGL22	1080	1920	480
LGE	LM-X120	480	960	240
LGE	LM-X420	720	1440	280
LGE	MY LG Mobile	720	1440	280
LGE	Nexus 4	768	1280	320
LGE	Nexus 5	1080	1920	480
LGE	Nexus 5X	1080	1920	420
LGE	Optimus Exceed 2	480	800	240
LGE	Optimus F6	540	960	240
LGE	Optimus L40	320	480	160
LGE	Optimus L5	320	480	160
LGE	Q52	720	1600	280
LGE	Q61	1080	2340	420
LGE	Q8	1080	2160	420
LGE	Q8	1440	2560	640
LGE	Q92	1080	2400	420
LGE	QStylus	1080	2160	420
LGE	Qua phone PX	1080	1920	480
LGE	Qua tab PX	1200	1920	320
LGE	Qua tab PZ	1200	1920	240
LGE	Spray	720	1280	320
LGE	Spree	480	854	240
LGE	Stylo 2 V	720	1280	320
LGE	TBD	720	1280	320
LGE	V10	1440	2560	640
LGE	V20	1440	2560	640
LGE	V20 PRO	1440	2560	640
LGE	V30	1440	2880	640
LGE	V30+	1440	2880	640
LGE	V40 ThinQ	1440	3120	560
LGE	V50 ThinQ	1440	3120	560
LGE	VELVET	1080	2460	420
LGE	VELVET 2 PRO	1080	2400	420
LGE	VU3	960	1280	320
LGE	W10	720	1500	320
LGE	W10 Alpha	720	1520	320
LGE	W11	720	1600	280
LGE	W30	720	1520	280
LGE	W30 Pro	720	1520	320
LGE	W31	720	1600	280
LGE	W41	720	1600	280
LGE	Wine Smart	320	480	160
LGE	Wine Smart 3G	320	480	160
LGE	X Mach	1440	2560	640
LGE	X4	720	1280	320
LGE	X6(2019)	720	1520	280
LGE	ZONE4	720	1280	320
Libre	W101	800	1280	213
Libre	W808	800	1280	213
LIFE Digital	K3102_4G	800	1280	213
LIFE Digital	K3102_W	800	1280	160
LIFEPHONE	HERO	720	1600	320
LIFEPHONE	IDOL	720	1600	480
LIFEPHONE	SIMPLE	720	1640	320
LIFEPHONE	STAR	720	1600	480
LIFEPHONE	VISION	1080	2400	480
LIFEPHONE	WATER	720	1612	300
LIFEPHONE	WORLD	720	1640	300
Lincplus	M11_EU	1200	1920	240
Lincplus	M8_EU	1200	1920	280
Lincplus	T3_US	1200	2000	240
Lincplus	T4	1200	2000	240
Lincplus	T4_EU	1200	2000	240
Linsay	F10XIPG	800	1280	213
Linsay	F10XIPGPLUS	800	1280	213
Linsay	F10XIPS	800	1280	213
Linsay	F10XIPSQ	800	1280	160
Linsay	F_10XIPS	800	1280	213
LitByLeia	LUME	1600	2560	340
LiteTEL	X20	480	960	240
LNMBBS	H11-EEA	800	1280	213
LNMBBS	L20	800	1280	186
LNMBBS	L20-EEA	1200	1920	213
LNMBBS	L201-EEA	1200	1920	320
LNMBBS	L211	800	1280	160
LNMBBS	L23	800	1280	213
LNMBBS	L23-EEA	1200	1920	280
LNMBBS	L28-EEA	800	1280	186
LNMBBS	L60	1200	1920	240
LNMBBS	L80_US	800	1280	160
LNMBBS	P40-EEA	1200	1920	320
LNMBBS	P401	1200	1920	320
LOGIC	AZ_Series	2160	3840	480
LOGIC	EX_Series	2160	3840	480
LOGIC	HX_Series	2160	3840	480
LOGIC	L-PAD-PRO-BK	800	1280	213
LOGIC	L65E	576	1280	240
LOGIC	L66F	720	1612	320
LOGIC	Logic L68M Plus	720	1600	280
LOGIC	LOGIC_G2L	720	1600	280
LOGIC	LOGIC_L55V	480	960	240
Logic Instrument	Logic Instrument Fieldbook 57	720	1440	320
Logic Instrument	Logic Instrument Fieldbook N101	1200	1920	240
Logic Mobility	G1L	720	1612	280
Logic Mobility	L4T	480	800	200
Logic Mobility	L50	480	960	240
Logic Mobility	L55A	480	960	240
Logic Mobility	L55B	444	960	213
Logic Mobility	L57	480	960	240
Logic Mobility	L63A	720	1520	300
Logic Mobility	L66	720	1600	320
Logic Mobility	L66 LITE	720	1600	320
Logic Mobility	L66 PRO	720	1600	320
Logic Mobility	L68 Ultra	720	1600	260
Logic Mobility	LOGIC L50T	480	960	240
Logic Mobility	LOGIC L55V PLUS	480	960	200
Logic Mobility	LOGIC L61	720	1560	320
Logic Mobility	LOGIC L63	720	1520	300
Logic Mobility	LOGIC L65 LITE	720	1600	320
Logic Mobility	LOGIC MV01	480	854	200
Logic Mobility	LOGIC MV02	720	1600	320
Logic Mobility	LOGIC_L4T_1	480	800	200
Logic Mobility	LOGIC_L5D	480	854	240
Logic Mobility	LOGIC_L60	720	1440	320
Logic Mobility	LOGIC_L65	720	1600	320
Logic Mobility	LOGIC_L66M	720	1612	320
Logic Mobility	LOGIC_T10L_PLUS	800	1280	180
Logic Mobility	LOGIC_T10M	800	1280	200
Logic Mobility	LOGIC_X40	480	800	240
Logic Mobility	T10B	800	1280	160
Logic Mobility	T10L	800	1280	160
Logic Mobility	T3G	600	1024	213
Logic Mobility	T3GPlus	600	1024	160
Logic Mobility	T4G	320	385	160
Logic Mobility	X4 Plus	480	800	240
Logic Mobility	X50	480	960	240
Logic Mobility	X57A	720	1600	300
Logicom	AERO	720	1600	320
Logicom	COMET	720	1600	320
Logicom	COSMO M2 PRO	720	1600	320
Logicom	Elio	720	1600	280
Logicom	EZY 2	480	854	200
Logicom	EZY_EEA	480	854	200
Logicom	FIVE	480	854	200
Logicom	Five Pro	720	1440	320
Logicom	Five Pro 32	720	1440	320
Logicom	FLOW	480	1016	200
Logicom	L-EMENT 403	480	854	240
Logicom	L-EMENT551	540	960	240
Logicom	L65T	720	1600	320
Logicom	La Tab 105	600	1024	160
Logicom	La Tab 109 HD	800	1280	160
Logicom	La tab 124	800	1280	160
Logicom	La Tab 72	600	1024	160
Logicom	La Tab 90	600	1024	160
Logicom	La_Tab_105_P	600	1024	160
Logicom	La_Tab_114	600	1024	160
Logicom	La_Tab_114_Rev2	600	1024	160
Logicom	La_Tab_128	600	1024	160
Logicom	La_Tab_74	600	1024	160
Logicom	La_Tab_74_Rev2	600	1024	160
Logicom	La_Tab_75	600	1024	160
Logicom	La_Tab_Link_71_P	600	1024	160
Logicom	La_Tab_Link_73	600	1024	160
Logicom	La_tab_link_74	600	1024	213
Logicom	La_Tab_Stand	800	1280	160
Logicom	Le Connect	720	1440	320
Logicom	Le Fit FR	480	854	240
Logicom	Le Fizz	480	800	240
Logicom	Le HELLO	480	854	240
Logicom	Le Hola	480	960	240
Logicom	Le Hola FR	480	960	240
Logicom	Le Hop	480	996	240
Logicom	Le Link	480	854	220
Logicom	Le Must	720	1440	320
Logicom	Le Must 2	720	1440	320
Logicom	Le Omega	720	1440	320
Logicom	Le Prime	720	1440	320
Logicom	Le Swipe	480	960	240
Logicom	Le UP	720	1440	320
Logicom	Le Wave	480	800	240
Logicom	Le_Pulse	600	1280	240
Logicom	Le_Spark	600	1280	280
Logicom	Logicom La Tab 127 HD	800	1280	213
Logicom	LOGIKIDS11	800	1280	160
Logicom	LOGIKIDS5	600	1024	160
Logicom	LOGIKIDS7	600	1024	160
Logicom	LOGIKIDS_11P	800	1280	245
Logicom	Logikids_Buddy	800	1280	213
Logicom	LOGIKIDS_STAR	800	1280	200
Logicom	Luma	720	1640	240
Logicom	LUNAR	720	1440	320
Logicom	Lunar Pro	720	1600	320
Logicom	LYRA	540	1092	213
Logicom	LYRA PLUS	540	1092	240
Logicom	M bot Tab 103	600	1024	160
Logicom	ONIX	720	1612	320
Logicom	ORION E1	720	1600	320
Logicom	ORION E1 PLUS	720	1600	320
Logicom	RIOPAD_7	600	1024	160
Logicom	SENSE	720	1600	320
Logicom	SMART PRO	720	1600	220
Logicom	SOLAR	720	1600	320
Logicom	Solar Pro	720	1600	320
Logicom	TAB134	800	1280	160
Logicom	TAB210	800	1280	200
Logicom	TAB76	600	1024	160
Logicom	Tab_80	800	1280	213
Logicom	TAB_FOLD_10	800	1280	160
Logicom	TAB_FOLD_12	1200	2000	320
Logicom	Tab_Stand_Pro	800	1280	213
Logicom	TAB_STAND_PRO_2	800	1280	160
Logicom	TAB_XXL_14	1200	1920	213
Logicom	TABLINK104	800	1280	180
Logicom	TABXL_14	1200	1920	320
Logicom	VISION_X3_MAX	720	1640	320
Logicom	Wave 2	480	800	180
Logicom	WAVE 2s	480	800	180
Logicom	Xtrem650	720	1600	320
Logicom	Yuno	720	1600	280
Logitec	LZ-AA10	1200	1920	240
Logitech	GR0006	1080	1920	320
LONG-LIFE	TabLL08_13_24	800	1340	240
loopDL	Loop	1080	1920	400
LP (TN)	Lisa Pro	480	800	213
LP (TN)	LP Legend	720	1600	320
LP (TN)	LP_N60	480	960	200
LP (TN)	LP_Pro1	600	1280	240
LP (TN)	LP_T70	600	1024	213
LP (TN)	N-50	480	960	240
LP (TN)	N-57	480	960	240
LP (TN)	N-57+	480	960	240
LP (TN)	N-60	480	960	240
LP (TN)	VYPER PRO	480	960	240
LT Electronics	K100	720	1500	320
LT Electronics	K200	1080	2280	480
LT Electronics	K700	720	1600	320
LT Electronics	LT-NOTE-10S	1080	2340	480
LT Electronics	LT_C1500	480	960	240
LT Electronics	LT_C2100	720	1280	320
LT Electronics	LT_C2200	720	1280	320
LT Electronics	LT_C3300	720	1440	320
LT Electronics	LT_C3500	720	1500	320
LT Electronics	LT_S10_Lite	720	1520	320
LT Electronics	LT_S9_NOTE	1080	1920	480
LT Electronics	SPURT_K300	720	1560	320
LT Electronics	SPURT_K400	720	1520	320
LT Electronics	SPURT_K500	1080	1920	480
LT Electronics	SPURT_K600	720	1520	320
LT_Mobile	LT 2003	720	1600	320
LT_Mobile	LT-E6707	1080	2400	480
LT_Mobile	LT_6217	720	1600	320
LT_Mobile	LT_6323	480	854	160
LT_Mobile	LT_6509	720	1600	320
LT_Mobile	LT_8102	720	1640	320
LT_Mobile	LT_8103	720	1604	320
LT_Mobile	LT_8106	720	1640	320
LT_Mobile	LT_8110	720	1604	320
LT_Mobile	LT_8501	720	1600	320
LT_Mobile	LT_9701	1080	2400	480
LT_Mobile	LT_9902	1080	2400	480
LT_Mobile	LT_9904	1080	2400	480
LT_Mobile	LT_9906	1080	2560	480
LT_Mobile	LT_K80	1080	2400	480
LT_Mobile	LT_mobile_C26	720	1612	320
LT_Mobile	LT_mobile_C27	720	1600	320
LT_Mobile	LT_mobile_C28	720	1600	320
LT_Mobile	LT_mobile_C60	720	1600	320
LT_Mobile	LT_mobile_E16	720	1600	320
LT_Mobile	LT_mobile_E18	720	1600	320
LT_Mobile	LT_mobile_S22	720	1600	320
LT_Mobile	LT_mobile_S33	1080	2460	480
LT_Mobile	LT_mobile_S40	1080	2460	480
LUCOMS-T	IWB	2160	3840	480
Lumigon	T3	720	1280	320
Lumitel	L9502	480	960	240
Lumitel	L9503	480	960	240
LUMOS	LUMOS_KIDS_TABLET	600	1024	160
LUMOS	LUMOS_TABLET	800	1280	160
LUMOS	LUMOS_TABLET_PRO	1200	1920	320
LUMOS	LUMOS_TABLET_ULTRA	1200	2000	280
LUMUS	NEOSR620	720	1500	320
LUNA	LUNA G9	720	1560	320
LUNA	LUNA T10	720	1612	320
LUNA	LUNA V6	720	1600	320
LUNA	LUNA V6 3GB	720	1600	320
LUNA	LUNA_G6	1080	2400	480
LUNA	LUNA_G6E	720	1520	320
LUNAR	Lunar Eclipse L1	1080	2460	480
Lunnen	TL42810L01	1200	2000	320
Lunnen	TL4648S01	1200	1920	280
Lunnen	TL62810G01	1200	2000	320
Lunnen	TL85611B01	1200	2000	320
LUO(A)	P70 Pro	720	1612	320
LUO(A)	S15 Pro	720	1612	320
LUO(A)	S16 Pro	720	1640	320
LUO(A)	S17 Pro	720	1640	320
LUO(A)	S18 Max	720	1640	320
LUSH_MINT	LM5514G	480	960	213
LVILLE	TP1005	800	1280	160
LVILLE	TPC1013	800	1280	160
LVILLE	TPC1013_EEA	800	1280	160
LW	LW788	600	1024	160
Lyf	LS-4503	480	854	240
Lyf	LS-4505	480	854	240
Lyf	LS-4508	480	854	240
Lyf	LS-5009	480	854	240
Lyf	LS-5016	720	1280	320
Lyf	LS-5018	720	1280	320
Lyf	LS-5020	720	1280	320
Lyf	LS-5021	1080	1920	480
Lyf	LS-5201	1080	1920	480
Lyf	LS-5504	1080	1920	480
Lyf	LS-6001	720	1280	320
Lyf	LT-8001	800	1280	240
Lyf	LT-8001 IRIS	800	1280	240
Lyf	WATER F1	1080	1920	480
LYKONDA	LY523	800	1280	160
LYOTECH_LABS	LFi_ONE_EEA	1080	2460	480
LZF(shenzhen)	Z1A	1600	2560	320
LZF(shenzhen)	Z2	1200	1920	320
LZF(shenzhen)	Z3	1200	1920	240
LZU_lzu	D113	800	1280	213
LZU_lzu	D113_EEA	800	1280	213
M-Horse	A9	800	1280	220
M-Horse	C67	720	1640	320
M-Horse	C68	720	1640	220
M-Horse	MHORSE M	720	1612	320
M-Horse	Note 50 Pro Max	720	1600	320
M-Horse	Pad_17_US	800	1280	180
M-Horse	Pad_17Pro	800	1280	180
M-Horse	Pad_17ProMax	800	1280	180
M-KOPA	S34	720	1612	320
M-KOPA	S50	720	1640	480
M3 Mobile	M3 SL20	720	1440	320
M3 Mobile	M3 SM20	720	1280	320
M3 Mobile	M3 US20W	480	800	240
M3 Mobile	M3 US20X	480	800	240
M3 Mobile	M3-SL10	720	1280	320
M3 Mobile	M3SL20K	480	800	202
M3 Mobile	M3SL20PLUS	720	1440	202
M3 Mobile	M3SM15N_EEA	720	1280	320
M3 Mobile	M3SM15X_EEA	1080	1920	480
M3 Mobile	M3UL20W_EEA	1080	1920	480
M3 Mobile	M3UL20X_EEA	1080	1920	480
M4tel	M4 SS4450	480	854	240
M4tel	M4 SS4457	720	1280	320
M4tel	R2 Plus	480	960	240
Mafe	V9	720	1600	320
Mafe	Z2	720	1520	320
MAGCH	M210	1200	1920	240
MAGCH	M321-EEA	800	1280	213
MAGCH	M610-EEA	600	1024	160
MAGCH	M820	800	1280	240
MAGCH	M820-EEA	800	1280	160
MAGCH	M821	800	1280	213
MAGCH	M821-EEA	800	1280	213
MAGCH	T7	600	1024	160
Magnavox	MMP848	800	1280	213
MagneticNorth	Multiple_Applications_Display_Terminal	600	1024	182
MAGNUMTECH	MG715	600	1024	160
MAIBENBEN	PAD54G	1200	2000	240
MAIBENBEN	PAD5WIFI	1200	2000	240
Majestic	JACK	480	960	240
Majestic	JOE	480	960	240
Majestic	TAB 611 3G	600	1024	160
Majestic	TAB-714	800	1280	160
Majestic	TAB_711_4G	800	1280	213
Majestic	TAB_720_PLUS	800	1280	160
Majestic	TAB_811_4G	800	1280	160
Majestic	TAB_812_4G	800	1280	160
Majestic	TAB_814	800	1280	213
Majestic	TAB_847_3G	600	1024	160
Majestic	TAB_911_3G	600	1024	160
Majestic	TAB_912_4G	800	1280	213
Majestic	TAB_912_PRO_4G	800	1280	180
Majestic	TAB_914	800	1280	160
Majestic	TAB_915_4G	1200	1920	320
Majestic	TAB_916_4G	800	1280	180
Majestic	TAB_918_PRO_4G	1200	2000	280
Majestic	TAB_920_PLUS_4G	800	1280	213
Majestic	TAB_922_MAX	1200	2000	320
Making Life Simple	iQ1012N	800	1280	213
Making Life Simple	iQ1019N	1200	1920	240
Making Life Simple	iQ5011_E	720	1500	320
Making Life Simple	iQ9013_4N	800	1280	213
Making Life Simple	iQA27X_E	720	1440	320
Making Life Simple	iQD700	720	1280	320
Making Life Simple	iQGW516	480	854	240
Making Life Simple	iQM960	800	1280	160
Making Life Simple	MLS_iQT800	1200	1920	320
Malata	UR5	480	640	240
Malata	UV350	720	1280	320
Mantra	MFSTAB	600	1024	160
Mantra	MFSTABII	600	1024	160
Mantra	MFSTABIV	600	1024	160
Mantra	MOXA7	600	1024	160
Mantra	MOXA71	600	1024	160
Mantra	MOXA7X	600	1024	180
Mara Phones	Mara Phones R	720	1280	320
Mara Phones	Mara S	480	960	240
Mara Phones	Mara X	720	1440	320
Mara Phones	Mara X dual	720	1440	320
Mara Phones	Mara X1	720	1560	320
Mara Phones	Mara X1 d	720	1560	320
Mara Phones	MARA Z	720	1440	320
Mara Phones	Mara Z d	720	1440	320
Mara Phones	Mara Z1 d	720	1600	320
MarkaTab	Markatab-1	800	1280	160
MarkaTab	Speadtrum	800	1280	213
MarQ	MarQ_M3	720	1560	320
Marshall	London	720	1280	320
MARVUE	M11	800	1280	160
MARVUE	M12	800	1280	160
MARVUE	M15	800	1280	160
MARVUE	M81	600	1024	160
MARVUE	M8_Pro	800	1280	160
MARVUE	Pad_M10	800	1280	160
Mascom	MASCOM SS289	480	800	240
Mascom	MASCOM WS517	480	856	240
Masstel	Hapi 15	720	1440	320
Masstel	Hapi_30	720	1520	320
Masstel	Masstel	800	1280	213
Masstel	Masstel Tab 10S	800	1280	213
Masstel	Masstel Tab 82	800	1280	240
Masstel	Masstel_Hapi_20	720	1520	300
Masstel	Masstel_S7	720	1600	320
Masstel	Masstel_S9	720	1600	480
Masstel	Masstel_Tab10	800	1280	213
Masstel	Masstel_Tab10_4G	800	1280	240
Masstel	Masstel_Tab10_WiFi	800	1280	213
Masstel	Masstel_Tab11_Pro_4G	1200	1920	280
Masstel	Masstel_Tab8_4G	800	1280	214
Masstel	Masstel_Tab8_Edu	800	1280	240
Masstel	Masstel_Tab_10.1Pro	800	1280	213
Masstel	Masstel_Tab_101	800	1280	213
Masstel	Masstel_Tab_104	1200	2000	280
Masstel	Masstel_Tab_10E	800	1280	213
Masstel	Masstel_Tab_10M	800	1280	213
Masstel	Masstel_Tab_83	800	1280	240
Masstel	Masstel_X5	720	1440	320
Masstel	Tab10_Edu	800	1280	200
Masstel	Tab11_Ultra_4G	1200	1920	280
Masstel	Tab7Plus	600	1024	160
Masstel	Tab8Pro	800	1280	240
Masstel	Tab_10A	800	1280	213
Masstel	Tab_81	800	1280	213
Masstel	Tab_8A	800	1280	213
Master-G	MGTBA10OC	800	1280	213
Master-G	MGTBA8OC	800	1280	213
MASTERTECH	77-EV	600	1024	160
Maxcom	MS457	720	1280	320
Maxcom	MS457PLUS	720	1280	320
Maxcom	MS459	480	854	240
Maxcom	MS507_STRONG	480	960	240
Maxcom	MS515	480	960	240
Maxcom	MS554_eea	480	960	240
Maxcom	MS571	720	1440	320
Maxcom	MS572	720	1520	320
Maxcom	MS601	720	1440	320
Maxcom	MS651	720	1600	320
Maxcom	MS652	576	1280	240
MAXHUB	E3	2160	3840	480
MAXHUB	S2	2160	3840	480
MAXHUB	U30	2160	3840	480
MAXHUB	U4	2160	3840	480
Maximus	D1	720	1280	320
Maximus	D7	480	800	240
Maximus	G10 max	600	1280	240
Maximus	P7_Plus	720	1440	320
Maximus	R1_Pro	720	1600	320
Maxis	NeXT X1	1080	1920	480
MAXLEGEN	M621	1400	2240	240
MAXLEGEN	M621-EEA	1400	2240	240
MAXLEGEN	M708-EEA	1200	1920	240
MAXLEGEN	Tablet_a	1840	2944	320
Maxon	MAXON_MX4	480	800	220
Maxon	MAXON_MX70PRO	720	1600	320
Maxon	MX50	480	960	240
MAXRON	MXPAD	1200	1920	280
MAXRON	MXULTRA	1200	2000	280
Maxtron	MAXTRON Genio	800	1280	213
Maxtron	smart	600	1024	213
Maxvi	MS502_Orion	480	960	240
Maxwest	ASTRO 10R	800	1280	200
Maxwest	Astro 5 PRO	480	960	240
Maxwest	Astro 55T	480	960	240
Maxwest	Astro 5P	480	960	240
Maxwest	Astro 5T	480	854	213
Maxwest	Astro 63R	720	1520	320
Maxwest	ASTRO 6T	480	960	213
Maxwest	Astro 8Q	800	1280	213
Maxwest	Astro 8R	800	1280	213
Maxwest	ASTRO A64	480	1014	213
Maxwest	ASTRO A65	720	1600	320
Maxwest	ASTRO A66	720	1600	320
Maxwest	ASTRO A67	720	1600	320
Maxwest	ASTRO_10_A	800	1280	213
Maxwest	Astro_55R	480	960	240
Maxwest	Astro_5X	480	854	213
Maxwest	ASTRO_8	800	1280	240
Maxwest	ASTRO_A63	480	1014	220
Maxwest	GRAVITY G6	720	1600	320
Maxwest	GRAVITY G67	720	1600	320
Maxwest	GRAVITY G68	720	1640	320
Maxwest	Gravity_6P	720	1560	240
Maxwest	GRAVITY_G64	720	1600	320
Maxwest	GRAVITY_G65	720	1600	320
Maxwest	MX-A4R	480	800	220
Maxwest	MX-N62	720	1520	280
Maxwest	Nitro 55A	480	960	240
Maxwest	Nitro 55E	480	960	240
Maxwest	NITRO A65	720	1600	320
Maxwest	NITRO G55	480	960	240
Maxwest	NITRO G56	480	960	200
Maxwest	NITRO N65	720	1600	320
Maxwest	NITRO N67	720	1600	320
Maxwest	Nitro_55C	480	960	240
Maxwest	Nitro_5C	480	854	213
Maxwest	Nitro_5P	480	854	240
Maxwest	Nitro_7Q	600	1024	160
Maxwest	Nitro_8	800	1280	213
Maxwest	Panda_7	600	1024	160
Maxwest	PANDA_KIDS_7	600	1024	160
Maxwest	TAB-9G	600	1024	160
Maxwest	TAB_MAX_7	600	1024	160
MAZE	Alpha	1080	1920	480
MAZE	SSB5518R	720	1600	320
Maze_speed	M1582C	480	960	213
Maze_speed	M1582C MAX	480	960	200
Maze_speed	M1586K	480	960	200
Maze_speed	M65	540	1200	240
Maze_speed	M6561	540	1200	240
Maze_speed	MS5314G	480	960	240
Maze_speed	MS5424G	480	960	220
Maze_speed	MS5514G	480	960	213
Maze_speed	MS5539G	480	960	240
Maze_speed	MS5614G	480	960	200
Maze_speed	SM4T	800	1280	213
Maze_speed	SSB10T323	800	1280	220
Maze_speed	SSB8C223	800	1280	220
Maze_speed	SSB8T323	800	1280	240
MBO(Aolixin)	16A Pro	720	1612	240
MBO(Aolixin)	24S_Ultra	720	1612	240
Me_Mobile	Grace 9	720	1600	320
MeanIT	K17	600	1024	160
MeanIT	meanIT X4	480	1014	240
MeanIT	meanIT-X10	800	1280	213
MeanIT	meanIT_K20	600	1024	160
MeanIT	meanit_K28_EEA	800	1280	213
MeanIT	meanIT_X20	800	1280	213
MeanIT	meanIT_X40	800	1280	160
MeanIT	meanit_X50_EEA	800	1280	160
MeanIT	PK81	800	1280	213
MeanIT	PP101	800	1280	213
MeanIT	START_S5	480	960	240
MeanIT	X3	480	960	213
MeanIT	X5	720	1600	320
Meberry	M6_V_EEA	800	1280	213
Meberry	M7_EEA	1200	2000	240
Meberry	M7_US	1200	2000	240
Meberry	M7_V_EEA	800	1280	160
Meberry	M7Pro	800	1280	160
Meberry	M8_EEA	1200	2000	240
Meberry	M8_US	1080	1920	164
Mecer	DX10-66	800	1280	180
Mecer	DX10-66-LTE	800	1280	160
Mecer	M17QF6-3Gplus	800	1280	213
Mecer	M17QF6_3G	800	1280	213
Mecer	M17QF6_4G	800	1280	213
Mecer	M17QF7_4G	800	1280	213
Mecer	M17QF8_4G	800	1280	213
Mecer	M77QF6	600	1024	213
Mecer	M78QF6-4G	600	1024	160
Mecer	MW16Q9-3G	800	1280	160
Mecer	TF10EA2	800	1280	160
Mecer	TF10MK1	800	1280	160
Mecool	KM7	720	1280	320
Mediacom	10edge	1200	1920	240
Mediacom	1AEC	800	1280	160
Mediacom	1AY	800	1280	160
Mediacom	1AZ2T	1200	1920	300
Mediacom	1AZ_EEA	800	1280	160
Mediacom	1BEC_eea	800	1280	160
Mediacom	1BY	800	1280	160
Mediacom	1CY_EEA	800	1280	160
Mediacom	1DY	800	1280	160
Mediacom	1DY4G_eea	800	1280	160
Mediacom	1HY4G	800	1280	160
Mediacom	1IY4G	1200	1920	240
Mediacom	7BY	600	1024	160
Mediacom	7DY_EEA	600	1024	160
Mediacom	8AY	800	1280	160
Mediacom	8BY_EEA	800	1280	160
Mediacom	8CY	800	1280	160
Mediacom	8DY	800	1280	213
Mediacom	AZIMUT_4	1200	1920	280
Mediacom	M-SP10HXxH	800	1280	160
Mediacom	M-SP10KID	800	1280	213
Mediacom	M-SP10MXHA	800	1280	160
Mediacom	M-SP10MXHL	800	1280	160
Mediacom	M-SP1AGO3G	800	1280	160
Mediacom	M-SP1AZ2TW_EEA	1200	1920	320
Mediacom	M-SP1AZ3_EEA	1200	2000	280
Mediacom	M-SP1AZ3L	800	1280	213
Mediacom	M-SP1AZ3L2	800	1280	213
Mediacom	M-SP1AZ3P	1200	2000	280
Mediacom	M-SP1EY	800	1280	213
Mediacom	M-SP1X10	800	1280	213
Mediacom	M-SP8EY	800	1280	213
Mediacom	M-SP8GY	800	1280	240
Mediacom	M-SP8KID	800	1280	213
Mediacom	M-SP8KID2	800	1280	213
Mediacom	SP1AZ4_L	800	1280	213
Mediacom	SP1AZ4_P	1200	2000	280
Mediacom	SP1AZ4_PL	1200	1920	280
Medion	E1050X	800	1280	160
Medion	E1051X	1200	1920	240
Medion	E1090X	1200	1920	240
Medion	E5005	480	854	240
Medion	E5006/P5006	720	1280	320
Medion	E5008	720	1280	320
Medion	E5504	720	1280	320
Medion	E691X	720	1280	213
Medion	LIFETAB E1041X	800	1280	160
Medion	LIFETAB E1042X	800	1280	160
Medion	LIFETAB E1043X	800	1280	160
Medion	LIFETAB E1053X	1200	1920	240
Medion	LIFETAB E1060X	1200	1920	240
Medion	LIFETAB E1070X	1200	1920	240
Medion	LIFETAB E1071X	1200	1920	240
Medion	LIFETAB E1081X	1200	1920	240
Medion	LIFETAB P1075X	1200	2000	240
Medion	LIFETAB P831X	800	1280	213
Medion	LIFETAB P891X	1200	1920	240
Medion	LIFETAB P970X	1536	2048	320
Medion	LIFETAB S1032X	800	1280	160
Medion	LIFETAB S1033X	1200	1920	240
Medion	LIFETAB S1034X	1200	1920	240
Medion	LIFETAB S785X	768	1024	160
Medion	LIFETAB S831X	1200	1920	320
Medion	LIFETAB_S1036X	1200	1920	240
Medion	P1035X	1200	1920	240
Medion	P1050X	1200	1920	240
Medion	P1060X	1200	1920	240
Medion	P1061X	1200	1920	240
Medion	P1071X	1200	1920	240
Medion	P1091X	1200	1920	240
Medion	P850X	800	1280	213
Medion	P851X	1200	1920	320
Medion	P852X	1200	1920	320
Medion	S1035X	800	1280	160
Medion	S5004	720	1280	320
Medion	X1030x	1200	1920	240
Medion	X1031X	1200	1920	240
Medion	X5520	1080	1920	480
MEFERI	MC45	800	1280	240
MEFERI	ME10	480	800	200
MEFERI	ME40K	480	800	200
MEFERI	ME40M	480	800	220
MEFERI	ME61	1080	2160	480
MEFERI	ME63	1080	2160	480
MEFERI	ME65	1080	2160	480
MEFERI	ME74	480	800	210
MegaFon	MFLogin3T	600	1024	160
Meitu	M6	1080	1920	480
Meitu	M8s	1080	1920	480
Meitu	Maya	1080	1920	480
Meitu	Meitu T8s	1080	1920	480
Meitu	Meitu V6	1080	1920	480
Meitu	MI CC 9 Meitu Edition	1080	2340	440
Meitu	T9	1080	1920	480
Meitu	T9	1080	2244	480
Meitu	Victoria	1080	1920	480
MEIZE	D105	800	1280	160
MEIZE	D106	800	1280	200
MEIZE	D108	800	1280	213
MEIZE	D115	800	1280	160
MEIZE	D125	800	1280	160
MEIZE	D125_EEA	800	1280	160
MEIZE	D126	800	1280	160
MEIZE	D126_EEA	800	1280	160
MEIZE	D138	800	1280	200
Meizu	15	1080	1920	480
Meizu	15 Lite	1080	1920	480
Meizu	15 Plus	1440	2560	640
Meizu	16	1080	2160	480
Meizu	16 X	1080	2160	480
Meizu	16s	1080	2232	480
Meizu	16s pro	1080	1920	480
Meizu	16T	1080	2232	380
Meizu	16th	1080	2160	480
Meizu	E3	1080	2160	480
Meizu	M1813	720	1440	320
Meizu	M1822	1080	1920	480
Meizu	M1852	1080	1920	480
Meizu	M6s	720	1440	320
Meizu	M6T	720	1440	320
Meizu	M8c	720	1440	320
Meizu	Mblu 21	720	1640	320
Meizu	Mblu 22	720	1640	320
Meizu	Mblu 22 Pro	720	1640	320
Meizu	meizu 16Xs	1080	2232	480
Meizu	meizu 17	1080	2340	440
Meizu	meizu 17 Pro	1080	2340	440
Meizu	MEIZU 18	1080	2400	480
Meizu	meizu 18 Pro	1080	2400	440
Meizu	MEIZU 18s	1080	2400	480
Meizu	MEIZU 18s Pro	1080	2400	440
Meizu	MEIZU 18X	1080	2400	480
Meizu	meizu 20	1080	2400	450
Meizu	MEIZU 20 Inf	1368	3192	560
Meizu	meizu 20 Pro	1080	2400	440
Meizu	meizu 21	1080	2340	480
Meizu	MEIZU 21 Note	1264	2780	520
Meizu	meizu 21 PRO	1368	3192	480
Meizu	MEIZU 22	1200	2670	480
Meizu	meizu C9	720	1440	320
Meizu	meizu C9 pro	720	1440	320
Meizu	MEIZU Lucky 08	1264	2780	520
Meizu	meizu M10	720	1600	320
Meizu	meizu M6	720	1280	320
Meizu	meizu M6 Note	1080	1920	480
Meizu	meizu M8	720	1440	320
Meizu	meizu M8 lite	720	1440	320
Meizu	MEIZU Note 21	720	1600	320
Meizu	MEIZU Note 21 Pro	1080	2460	480
Meizu	meizu note8	1080	2160	480
Meizu	meizu note9	1080	2244	480
Meizu	meizu X8	1080	2220	480
Meizu	Note 22	1080	2436	440
Meizu	Note9	1080	2244	480
Meizu	Polestar Phone	1368	3192	480
Meizu	PRO 7	1080	1920	480
Meizu	PRO 7 Plus	1440	2560	640
Meizu	PRO7S	1080	1920	480
Melefon	Good	480	960	240
memetech	P30	1200	1920	280
Memorex	MTAB_PRO_2600	800	1280	160
menfop	HaierP8B	800	1280	160
Mengdash	M_Q58	800	1280	160
Mengdash	M_Q59	600	1024	160
Meswao	B3-EEA	1080	1920	240
Meswao	MES-B	1200	1920	240
Meswao	MES-B3	1080	1920	240
Metro_Eye	M50_L10	1200	2000	320
METZ	86SG1	2160	3840	480
MG Series	Any 302	800	1280	160
Mgears	Mstick4	800	1280	230
MHL Mobile Company	TRECFONE_A21S	720	1520	320
Mi	Mi 11 X	1080	2400	440
MiBoard	MiBoard_RK3576	2160	3840	480
Micromax	B5 Pro	720	1280	320
Micromax	B5_RU	720	1280	320
Micromax	Bharat 5 Infinity Edition	720	1440	320
Micromax	Bharat 5 Plus	720	1280	320
Micromax	Bhart 5 PRO	720	1280	320
Micromax	Bolt	480	854	240
Micromax	Bolt Pace	480	800	240
Micromax	Canvas 2	720	1280	320
Micromax	Canvas 5	1080	1920	480
Micromax	Canvas 6	1080	1920	480
Micromax	Canvas 6 Pro	1080	1920	480
Micromax	Canvas Fire 4G	720	1280	320
Micromax	Canvas Infinity	720	1440	320
Micromax	Canvas Infinity Life	720	1440	320
Micromax	Canvas Infinity Pro	720	1440	320
Micromax	Canvas Juice2	720	1280	320
Micromax	Canvas Spark	540	960	240
Micromax	Canvas tab	600	1024	160
Micromax	Canvas Tab	600	1024	160
Micromax	Canvas Tab	800	1280	213
Micromax	Canvas tab	800	1280	213
Micromax	Canvas Unite 4	720	1280	320
Micromax	Canvas Unite 4 Pro	720	1280	320
Micromax	Canvas Xpress 4g	720	1280	320
Micromax	Dual 4	1080	1920	480
Micromax	In1	1080	2400	480
Micromax	IN1b	720	1600	280
Micromax	IN_2b	720	1600	280
Micromax	IN_2c	720	1600	280
Micromax	IN_Note1	1080	2400	480
Micromax	IN_Note2	1080	2400	480
Micromax	Infinity N Series N12	720	1500	320
Micromax	Ione Note	720	1560	320
Micromax	MIcromax Bharat 4	720	1280	320
Micromax	Micromax C2A	720	1440	320
Micromax	Micromax C2APLS	720	1440	320
Micromax	Micromax Canvas 1	720	1280	320
Micromax	Micromax Canvax 1(2018)	720	1440	320
Micromax	Micromax Q402+	480	800	240
Micromax	Micromax Selfie 2	720	1280	320
Micromax	Nitro 3	720	1280	320
Micromax	Q354	480	854	240
Micromax	Selfie 3	1080	1920	480
Micromax	Spark 4g	480	854	240
Micromax	Spark 4G(2017)	480	854	240
Micromax	Spark Go	480	854	240
Micromax	Xpress 2	720	1280	320
Micromax	YU ACE	720	1440	320
Micromax	Yunique 2 Plus	720	1280	320
Micromax	Yuphoria	720	1280	320
Micromax	YUREKA S	1080	1920	480
Micromax	Yutopia	1440	2560	640
Microtech	etab_LTE	1200	1920	320
Microtech	ETL101A_EEA	1200	1920	320
Microtech	ETW101GT_C_EEA	1200	1920	213
Microtech	ETW101GT_EEA	800	1280	160
MicroTouch	IDC_Series	1080	1920	160
MicroTouch	M1_IC0_N702	800	1280	160
MicroTouch	M1_IC1_N700_4G	1080	1920	160
Mightier	MT003-20	600	1024	160
Mightier	MT003-21	800	1280	213
Mightier	MT004_20	600	1024	160
MIKITECH	MK-ES300	1200	1920	248
MIKU	TAB63A	1200	1920	240
Mimio	MimioPro-G XX5	2160	3840	480
MINDEO	D70	480	800	200
MINDEO	M50_EEA	480	800	200
MINDEO	MS8389	1200	2000	320
Mindphone	Mindphone2	720	1280	320
Minimal_Phone	MP01	600	800	180
Mint	Mint Leo	480	800	240
Mint	Mint VirGo	480	854	240
Mint	ULTRAMINTT_X5	720	1600	320
Mintt	Blaze 3	480	960	200
Mintt	CoolMintt	480	960	220
Mintt	COOLMINTT NIU	720	1612	320
Mintt	CoolMintt Rival	480	1014	220
Mintt	CoolMintt_Blaze_2	480	854	200
Mintt	COOLMINTT_RIVAL_3	720	1612	320
Mintt	COOLMINTT_X7	720	1600	320
Mintt	COOLMINTT_X9	720	1600	480
Mintt	MINTT_ASPIRE_X9	720	1600	480
Mintt	MINTT_DIGI_2	480	800	240
Mintt	MINTT_PRIME_S11	720	1640	320
Mintt	MINTT_T11	800	1280	213
Mintt	Mintt_T11_SE	800	1280	213
Mintt	Mintt_T3_SE	800	1280	213
Mintt	MinttM3	720	1560	300
Mintt	MinttPoro	480	800	240
Mintt	Niu 2	576	1280	240
Mintt	P25	720	1600	320
Mintt	P25+	720	1612	320
Mintt	P26	720	1600	320
Mintt	Rival_2	720	1612	320
Mintt	T3	800	1340	213
Mintt	ULTRAMINTT A5	720	1560	320
Mintt	ULTRAMINTT Y3	1080	2340	480
Mintt	ULTRAMINTT Y5	1080	2340	480
Mintt	ULTRAMINTT_A6	720	1600	320
Mintt	ULTRAMINTT_X6	720	1600	320
Mintt	UltraMinttT10	800	1280	213
Mintt	UltraMinttT2	600	1024	213
Mio Tab	Mio_Tab_2019	600	1024	160
Mio Tab	MioTab MP0101635	800	1280	160
Mio Tab	MioTab2017	800	1280	160
Mio Tab	MP0101632	600	1024	160
Mio Tab	MP0101788	800	1280	160
Mio Tab	MP0101789	600	1024	160
Mione	M-701Plus	600	1024	160
Mione	Mione_Pro	720	1560	240
Mione	Mione_Pro_Plus	720	1600	320
Mione	mione_S20	720	1560	320
mipo	mipo_M17	720	1600	320
mipo	mipo_M25	720	1600	320
mipo	mipo_m26	720	1600	320
mipo	mipo_m28	720	1600	320
mipo	mipo_M46_Plus	720	1640	320
mipo	mipo_M59	1080	2460	480
Mira	X2	600	1024	160
miracle_tap	miracle_tap_10	1200	1920	213
MIRAI_TOUCH	IFP MIRAI TOUCH	2160	3840	480
MIRAI_TOUCH	MXXCE3XE	2160	3840	480
MIRAY	MIDM_F10	1200	1920	240
MIRAY	TM4G_1006	800	1280	213
MIRAY	TM4G_806	800	1280	213
MIRAY	TPM4G_105	800	1280	160
MIRAY	TPM4G_E108	800	1280	200
MIRAY	TPM4G_E108_A	800	1280	213
MIRAY	TPM4G_E9863	800	1280	213
MIRO	A1	576	1152	220
MIRO	MIRO C1	720	1612	280
MIRO	Miro C67	720	1600	320
MIRO	Miro C69M Pro	720	1640	320
MIRO	Miro S67	720	1600	480
MIRO	Miro S69 Pro	720	1640	480
MiTAC	hera_pro_eea	720	1280	320
MiTAC	N630	800	1280	160
MiTAC	N635	600	1024	160
MiTAC	phaeton	800	1280	180
Mito	A67	720	1612	320
Mito	Mito_A35	480	960	240
Mito	Mito_A36_W1	720	1520	320
Mito	Mito_A37_Z1	720	1440	320
Mito	Mito_A37_Z1	720	1600	320
Mito	MITO_T7	800	1280	213
Mito	T8	600	1024	213
MLAB	8990	800	1280	213
MLAB	9095	600	1024	160
MLAB	9096	600	1024	213
MLAB	9098	800	1280	213
MLAB	9342	1200	1920	280
MLAB	9343	800	1280	213
MLAB	9344	600	1024	160
MLAB	9593	800	1280	160
MLAB	MB4	600	1024	160
MLAB	MB4 WIFI	600	1024	160
MLAB	MB4_3G_PLUS_SE	600	1024	160
MLAB	MB8715	600	1024	160
MLAB	MB8717	800	1280	160
MLAB	MB8866	800	1280	160
MLAB	MLAB9785	800	1280	160
MLAB	MLAB9786	1200	2000	320
MLAB	MLAB_GLOWY8	800	1280	213
MLAB	Studio_Phone_10	800	1280	213
MLINK	M6501B	540	1200	240
MLINK	M707	720	1600	320
MLINK	M761	720	1520	260
MLOGIX	10ML_012G	800	1280	160
MLOGIX	8ML_08G	800	1280	160
MLS Innovation	iQ1060M	800	1280	160
MLS Innovation	iQ8011	1080	2160	480
MLS Innovation	iQD10S	720	1520	320
MLS Innovation	iQL626	720	1520	320
MLS Innovation	iQM960L	800	1280	160
MLS Innovation	iQS1001	800	1280	213
MLS Innovation	IQS805	480	960	240
MLS Innovation	iQT1161	1080	1920	280
MLS Innovation	iQW511T	720	1440	320
MLS Innovation	iQW608	480	960	240
MLS Innovation	iQW626	720	1520	320
MLS Innovation	PTB7QSG_3G	720	1280	320
mMax	mMax M55	480	800	240
Mobell	MBLTab81	800	1280	213
Mobell	P41	480	960	240
Mobell	S41	480	854	240
Mobell	S51	480	1014	220
Mobicel	F40	480	854	200
Mobicel	F41	480	854	213
Mobicel	F50	480	854	213
Mobicel	F51	480	854	180
Mobicel	IX PLUS	720	1600	280
Mobicel	Mercury	800	1280	320
Mobicel	Mobicel F42	480	854	160
Mobicel	Mobicel P9	480	1014	200
Mobicel	Mobicel_Z6	576	1152	220
Mobicel	MX3 PLUS	480	854	213
Mobicel	P11	480	960	200
Mobicel	P12	720	1600	320
Mobicel	P12 Plus	720	1612	300
Mobicel	P5	480	854	213
Mobicel	RX	720	1600	320
Mobicel	Smart Tab 10 4G	800	1280	280
Mobicel	Spectra J2	576	1280	240
Mobicel	Vodacom Smart Tab 8	800	1280	320
Mobicel	VX21	720	1600	320
Mobicel	X6	480	960	200
Mobicel	X7	720	1600	320
Mobicel	Z4	480	960	200
Mobicell	4U	480	854	240
Mobicell	ASTRO	480	800	240
Mobicell	BEAM	480	854	240
Mobicell	BERRY	480	854	240
Mobicell	Berry 2	480	854	240
Mobicell	BERRY PLUS	480	960	240
Mobicell	BERRY_PRO	480	854	200
Mobicell	BLINK	480	854	240
Mobicell	Candy	480	800	240
Mobicell	Chrome_LTE	480	854	240
Mobicell	CLIK	480	854	240
Mobicell	Clik plus	480	854	240
Mobicell	COSMO	600	1024	213
Mobicell	Cosmo LTE	480	960	200
Mobicell	D3	720	1600	320
Mobicell	DANDY_ZAM	480	960	240
Mobicell	ECHO	600	1024	160
Mobicell	EGO	480	800	240
Mobicell	EPIC MAX	720	1640	320
Mobicell	EPIC PRO 1	720	1600	320
Mobicell	EPIC PRO_2	720	1600	320
Mobicell	EPIC_1	480	960	240
Mobicell	EPIC_2	480	960	200
Mobicell	FAME	480	960	240
Mobicell	FAME_DS	480	960	240
Mobicell	Fendy plus	480	854	240
Mobicell	FENDY_DS	480	854	240
Mobicell	FEVER	600	1024	213
Mobicell	FEVER_PLUS_H	600	1024	160
Mobicell	FORCE	480	854	213
Mobicell	GEO	480	960	240
Mobicell	GLO	480	800	240
Mobicell	HYPE	720	1440	320
Mobicell	Icon	480	854	240
Mobicell	IX	720	1560	280
Mobicell	IX PRO	720	1600	260
Mobicell	IX-1	720	1560	280
Mobicell	Legend	540	1200	240
Mobicell	Legend Pro LTE	720	1600	320
Mobicell	LEGEND PRO_1	720	1600	320
Mobicell	Legend_Max_2	720	1640	320
Mobicell	LEGEND_MAX_LTE	720	1640	320
Mobicell	Mobicel_R1	720	1280	320
Mobicell	Mobicel_R6	540	960	213
Mobicell	MX2	480	854	200
Mobicell	MX2 PLUS	480	854	213
Mobicell	NEO LTE	480	854	240
Mobicell	NEO_1	480	854	240
Mobicell	Neo_Plus	480	854	213
Mobicell	OREO	480	800	240
Mobicell	PULSE_1	480	960	240
Mobicell	PURE MINI	480	800	240
Mobicell	PURE_PLUS	720	1280	320
Mobicell	Q10	720	1560	280
Mobicell	R1 Plus	480	960	240
Mobicell	R1Plus	480	960	240
Mobicell	R4	720	1280	320
Mobicell	R4 LTE	480	960	240
Mobicell	R6_PLUS	720	1440	320
Mobicell	R7	480	960	240
Mobicell	R7_2	480	960	240
Mobicell	R9 Pro	720	1600	320
Mobicell	R9_LITE	720	1440	320
Mobicell	REBEL	320	480	160
Mobicell	RIO_BN	480	800	240
Mobicell	RIO_RW	480	800	240
Mobicell	RIO_SS	480	800	240
Mobicell	RIO_ZAM	480	800	240
Mobicell	RUBY	480	960	240
Mobicell	RX Plus	720	1600	280
Mobicell	RX PRO	720	1612	320
Mobicell	SHIFT	480	854	240
Mobicell	SWITCH	480	854	240
Mobicell	Switch GO	480	854	240
Mobicell	switch plus	480	854	240
Mobicell	SWITCH1	480	854	240
Mobicell	TANGO_LITE	480	854	240
Mobicell	Titan	480	960	240
Mobicell	Titan_1	480	960	240
Mobicell	TRENDY 2	480	960	240
Mobicell	Trendy Plus	480	854	240
Mobicell	TRENDY_LITE	480	854	240
Mobicell	ULTRA	480	800	240
Mobicell	V1	480	960	240
Mobicell	V4	480	960	240
Mobicell	VEGA	480	960	240
Mobicell	VENUS_G	480	854	240
Mobicell	VIBE	480	800	240
Mobicell	VX20	720	1600	320
Mobicell	VX_18	720	1600	260
Mobicell	X1	720	1440	320
Mobicell	X4	480	960	240
Mobicell	X9	720	1600	320
Mobicell	XV19	720	1600	320
Mobicell	Z3	480	960	200
Mobicell	Zoom	600	1024	160
Mobicell	ZOOM_1	600	1024	160
Mobicell	ZOOM_H	600	1024	160
MobiIoT	MobiGo	480	800	200
MobiIoT	MobiGo 2+	480	960	213
MobiIoT	MobiGo 2+ Pro	480	960	213
MobiIoT	Mobigo2	480	960	240
MobiIoT	Mobigo2L	480	960	240
MobiIoT	MobiIoT	576	1152	200
MobiIoT	MobiPrint 5	720	1440	300
MobiIoT	MobiPrint4_Plus	720	1440	320
MobiiStar	C1 Lite	480	960	240
MobiiStar	mobiistar C1	480	960	240
MobiiStar	mobiistar C1 Shine	480	960	240
MobiiStar	mobiistar C2	480	960	240
MobiiStar	mobiistar E Selfie	720	1440	320
MobiiStar	mobiistar E1 Selfie	720	1440	320
MobiiStar	X1 Dual	720	1440	320
MobiiStar	X1 Notch	720	1498	320
MobileDemand	Flex10AND	1200	1920	240
MobileTeleSystem	Smart Surf2 4G	720	1280	320
MobiOcean	MO-T3	600	1024	180
Mobistel	Cynus F10	720	1280	320
MobiVista	MVT_1001	800	1280	213
Mobiwire	Airtel Imagine	480	854	200
Mobiwire	Altice E55	720	1612	280
Mobiwire	ALTICE S35	720	1560	280
Mobiwire	Benin	720	1612	280
Mobiwire	Celtiis Smart 1	480	854	200
Mobiwire	CHAT	576	1152	220
Mobiwire	eNOVA	576	1152	220
Mobiwire	GH6733	576	1280	220
Mobiwire	H5111	480	854	200
Mobiwire	H5111L	480	854	200
Mobiwire	H5111L_common	480	854	200
Mobiwire	H6032 Plus	720	1480	280
Mobiwire	H6682	720	1612	280
Mobiwire	H67A1	720	1600	280
Mobiwire	Hawk from EE	720	1280	320
Mobiwire	Hotah	720	1280	320
Mobiwire	IKOSORA+	480	854	200
Mobiwire	Kicka 4 Plus	480	800	240
Mobiwire	Kicka 5	480	960	240
Mobiwire	Kicka 5 Plus	480	960	240
Mobiwire	Kicka 5 Plus 4G	480	854	240
Mobiwire	Kicka Zoom	480	960	240
Mobiwire	Kicka6	720	1480	280
Mobiwire	MobiTab	1200	1920	240
Mobiwire	MobiWire Halona	320	480	160
Mobiwire	Mobiwire Verda	480	854	200
Mobiwire	S26	480	854	200
Mobiwire	Smart C11	720	1600	300
Mobiwire	Smart E11	480	960	240
Mobiwire	Smart E25	480	854	200
Mobiwire	Smart N11	540	1132	240
Mobiwire	Smart N12	444	960	200
Mobiwire	Smart P24	720	1560	280
Mobiwire	Smart V25	720	1612	280
Mobiwire	SmartT23	720	1600	320
Mobiwire	STARSHINE 5	480	800	240
Mobiwire	V Lite 2	480	854	200
Mobiwire	V Pro 2 4G	720	1612	280
Mobiwire	V Smart 2	720	1560	280
Mobiwire	Vodafone Lite 4G	480	960	200
Mobiwire	Vodafone Pro 4G	720	1600	320
Mobiwire	Vodafone Smart 4G	444	960	200
Mobiwire	Éɖjròmi	480	854	200
MOBODO	MOBODO MOBO K2	720	1612	320
MOBULAA	K6	720	1600	320
MOBULAA	MOBULAA Note4	720	1600	300
MOBULAA	NOTE1	720	1560	320
MOBULAA	NOTE2	720	1560	320
MOBULAA	S11	720	1600	320
MOBULAA	Tab-1	800	1280	213
MobyData	M72	480	800	240
MobyData	M93	720	1480	280
Mode1	MD-04P	1080	2340	420
Mode1	MD-05P	576	1440	320
Mode1	MD06P	720	1440	320
Mode1	Mode1Pocket	720	1560	320
Mode1	MP1	720	1600	300
ModeEarnPhone	MEP2	720	1600	320
Molvu	M10PRO	800	1280	160
Molvu	V7S	600	1024	160
Mondial	TB_MONDIAL_KID	600	1024	160
Mookia	FF-P30	800	1280	213
Mookia	M10A	800	1280	160
Mookia	MM10A	800	1280	213
Mookia	YY-P30	800	1280	213
Moolah Mobile	T10	800	1280	186
Moolah Mobile	T100	800	1280	213
Moolah Mobile	T10_Pro	800	1280	200
Moov_Africa	S100	720	1612	320
Morep	Mavic 10	720	1600	280
Morep	Mavic 40	720	1600	320
Morep	Morep Mavic 10	720	1600	320
Morep	Morep Mavic 20	720	1612	320
Morep	Morep Mavic Plus	720	1560	280
Morep	Smart V1	480	854	200
Morep	v5	720	1612	320
MoshiMore	RG1	800	1280	240
Motorola	Droid MAXX	720	1280	320
Motorola	Droid Mini	720	1280	320
Motorola	DROID RAZR M	540	960	240
Motorola	Droid Turbo	1440	2560	640
Motorola	Droid Ultra	720	1280	320
Motorola	Lenovo K10	720	1560	280
Motorola	Lenovo K12 Pro	720	1640	280
Motorola	Lenovo K13 Note	720	1600	280
Motorola	Lenovo K14	720	1600	280
Motorola	Lenovo K14 Note	1080	2400	420
Motorola	Lenovo K14 Plus	720	1600	280
Motorola	Lenovo K15	720	1600	280
Motorola	Lenovo XT2081-4	720	1600	280
Motorola	Moto C	480	854	240
Motorola	Moto C Plus	720	1280	320
Motorola	Moto E (1st Gen)	540	960	240
Motorola	Moto E (2nd Gen)	540	960	240
Motorola	Moto E (4)	720	1280	320
Motorola	Moto E (4) Plus	720	1280	320
Motorola	Moto E (5)	720	1440	320
Motorola	Moto E (5) Play	720	1280	320
Motorola	moto e (XT2052DL)	720	1520	280
Motorola	Moto E with 4G LTE (2nd Gen)	540	960	240
Motorola	moto e(5) cruise	720	1280	320
Motorola	moto e(5) plus	720	1440	320
Motorola	moto e(6i)	720	1560	280
Motorola	moto e(7) plus	720	1600	280
Motorola	moto e(7) power	720	1600	280
Motorola	moto e(7i) power	720	1600	280
Motorola	moto e13	720	1600	280
Motorola	moto e20	720	1600	280
Motorola	moto e22	720	1600	280
Motorola	moto e22i	720	1600	280
Motorola	moto e30	720	1600	280
Motorola	moto e32	720	1600	280
Motorola	Moto E4	720	1280	320
Motorola	moto e40	720	1600	280
Motorola	moto e5	720	1440	320
Motorola	moto e5 go	720	1280	320
Motorola	moto e5 play	480	960	240
Motorola	moto e5 plus	720	1440	320
Motorola	moto e6	720	1440	320
Motorola	moto e6 play	720	1440	320
Motorola	moto e6s	720	1560	280
Motorola	moto edge X30	1080	2400	400
Motorola	Moto G (1st Gen)	720	1280	320
Motorola	Moto G (2nd Gen)	720	1280	320
Motorola	Moto G (3rd Gen)	720	1280	320
Motorola	Moto G (4) Play	720	1280	320
Motorola	Moto G (5) Plus	1080	1920	480
Motorola	Moto G (5S)	1080	1920	480
Motorola	Moto G (5S) Plus	1080	1920	480
Motorola	Moto G (5th Gen)	1080	1920	480
Motorola	moto g - 2025	720	1604	280
Motorola	moto g - 2026	720	1604	260
Motorola	moto g 5G	1080	2400	400
Motorola	moto g 5G (2022)	720	1600	280
Motorola	moto g 5G - 2023	720	1600	280
Motorola	moto g 5G - 2024	720	1612	280
Motorola	moto g 5G plus	1080	2520	420
Motorola	moto g fast	720	1560	280
Motorola	moto g max	1080	2400	390
Motorola	moto g play (2021)	720	1600	280
Motorola	moto g play - 2024	720	1600	280
Motorola	moto g play - 2026	720	1604	260
Motorola	Moto G Plus (5th Gen)	1080	1920	480
Motorola	moto g power	1080	2300	420
Motorola	moto g power (2021)	720	1600	280
Motorola	moto g power (2022)	720	1600	280
Motorola	moto g power - 2025	1080	2388	390
Motorola	moto g power - 2026	1080	2388	390
Motorola	moto g power 5G - 2023	1080	2400	400
Motorola	moto g power 5G - 2024	1080	2400	400
Motorola	moto g pro	1080	2300	420
Motorola	moto g pure	720	1600	280
Motorola	moto g stylus	1080	2300	420
Motorola	moto g stylus (2021)	1080	2400	400
Motorola	moto g stylus (2022)	1080	2460	400
Motorola	moto g stylus (2023)	720	1600	280
Motorola	moto g stylus - 2026	1220	2712	450
Motorola	moto g stylus 5G	1080	2400	400
Motorola	moto g stylus 5G (2022)	1080	2460	400
Motorola	moto g stylus 5G - 2023	1080	2400	400
Motorola	moto g stylus 5G - 2024	1080	2400	400
Motorola	moto g stylus 5G - 2025	1220	2712	450
Motorola	Moto G Turbo Edition	720	1280	320
Motorola	Moto G with 4G LTE (1st Gen)	720	1280	320
Motorola	Moto G with 4G LTE (2nd Gen)	720	1280	320
Motorola	moto g(10)	720	1600	280
Motorola	moto g(20)	720	1600	280
Motorola	moto g(30)	720	1600	280
Motorola	Moto G(4)	1080	1920	480
Motorola	Moto G(4) Plus	1080	1920	480
Motorola	moto g(50)	720	1600	280
Motorola	moto g(50) 5G	720	1600	280
Motorola	moto g(6)	1080	2160	480
Motorola	moto g(6) play	720	1440	320
Motorola	moto g(6) plus	1080	2160	480
Motorola	moto g(60)	1080	2460	400
Motorola	moto g(60)s	1080	2460	400
Motorola	moto g(7)	1080	2270	480
Motorola	moto g(7) play	720	1512	320
Motorola	moto g(7) plus	1080	2270	480
Motorola	moto g(7) power	720	1520	320
Motorola	moto g(8) play	720	1520	280
Motorola	moto g(8) plus	1080	2280	420
Motorola	moto g(8) power	1080	2300	420
Motorola	moto g(8) power lite	720	1600	260
Motorola	moto g(9) play	720	1600	280
Motorola	moto g(9) plus	1080	2400	400
Motorola	moto g(9) power	720	1640	280
Motorola	moto g04s	720	1612	280
Motorola	moto g05	720	1604	280
Motorola	moto g06	720	1640	280
Motorola	moto g14	1080	2400	400
Motorola	moto g15	1080	2400	400
Motorola	moto g22	720	1600	280
Motorola	moto g23	720	1600	280
Motorola	moto g24 power	720	1612	280
Motorola	moto g31	1080	2400	420
Motorola	moto g32	1080	2400	400
Motorola	moto g34 5G	720	1600	280
Motorola	moto g35 5G	1080	2400	400
Motorola	moto g37	720	1604	260
Motorola	moto g37 M-51G	1080	2400	390
Motorola	Moto G4 Play	720	1280	320
Motorola	moto g41	1080	2400	420
Motorola	moto g42	1080	2400	420
Motorola	moto g51	1080	2460	400
Motorola	moto g52	1080	2400	400
Motorola	moto g52j 5G	1080	2460	400
Motorola	moto g53 5G	720	1600	280
Motorola	moto g55 5G	1080	2400	400
Motorola	moto g56 5G	1080	2400	390
Motorola	moto g57 power	1080	2400	390
Motorola	moto g62 5G	1080	2400	400
Motorola	moto g64 5G	1080	2400	400
Motorola	moto g67 power 5G	1080	2400	390
Motorola	moto g71 5G	1080	2400	420
Motorola	moto g72	1080	2400	400
Motorola	moto g73 5G	1080	2400	400
Motorola	moto g75 5G	1080	2388	400
Motorola	moto g77 power	1080	2400	390
Motorola	moto g82 5G	1080	2400	400
Motorola	moto g84 5G	1080	2400	400
Motorola	moto g85 5G	1080	2400	400
Motorola	moto g86 5G	1220	2712	450
Motorola	moto g87	1080	2352	390
Motorola	moto g96 5G	1080	2400	400
Motorola	Moto MAXX	1440	2560	640
Motorola	moto p30	1080	2246	480
Motorola	moto p30 play	720	1520	320
Motorola	moto pad 60 neo	1600	2560	320
Motorola	moto pad 70 groove	1600	2560	320
Motorola	moto pad – 2026	1600	2560	320
Motorola	moto razr 70 ultra	1080	2400	480
Motorola	moto S30	1080	2400	400
Motorola	moto tab g20	800	1280	240
Motorola	Moto Tab g70	1200	2000	240
Motorola	Moto X (1st Gen)	720	1280	320
Motorola	Moto X (2nd Gen)	1080	1920	480
Motorola	Moto X (4)	1080	1920	480
Motorola	Moto X Force	1440	2560	640
Motorola	Moto X Play	1080	1920	480
Motorola	Moto X Pure Edition	1440	2560	560
Motorola	Moto X Style	1440	2560	560
Motorola	moto X30 屏下摄像版	1080	2400	400
Motorola	Moto Z (2) Force	1440	2560	640
Motorola	Moto Z (2) Play	1080	1920	480
Motorola	Moto Z Droid	1440	2560	640
Motorola	Moto Z Play Droid	1080	1920	480
Motorola	Moto Z(3)	1080	2160	480
Motorola	moto z3 play	1080	2160	480
Motorola	moto z4	1080	2340	480
Motorola	Motorola Defy	720	1600	280
Motorola	motorola edge	1080	2340	440
Motorola	motorola edge (2021)	1080	2460	400
Motorola	motorola edge (2022)	1080	2400	400
Motorola	motorola edge - 2026	1216	2640	450
Motorola	motorola edge 20 lite	1080	2400	400
Motorola	motorola edge 2023	1080	2400	400
Motorola	motorola edge 2024	1080	2400	400
Motorola	motorola edge 2025	1220	2712	450
Motorola	motorola edge 30	1080	2400	400
Motorola	motorola edge 30 neo	1080	2400	420
Motorola	motorola edge 30 ultra	1080	2400	400
Motorola	motorola edge 40	1080	2400	400
Motorola	motorola edge 40 neo	1080	2400	400
Motorola	motorola edge 50	1220	2712	450
Motorola	motorola edge 50 fusion	1080	2400	400
Motorola	motorola edge 50 pro	1080	2400	450
Motorola	motorola edge 50 ultra	1080	2400	450
Motorola	motorola edge 60	1220	2712	450
Motorola	motorola edge 60 pro	1220	2712	450
Motorola	motorola edge 60 stylus	1220	2712	450
Motorola	motorola edge 70	1080	2400	480
Motorola	motorola edge 70 fusion +	1080	2400	450
Motorola	motorola edge 70 max	1440	3168	520
Motorola	motorola edge 70 pro+	1272	2772	450
Motorola	motorola edge plus	1080	2340	440
Motorola	motorola edge plus (2022)	1080	2400	400
Motorola	motorola edge plus 2023	1080	2400	400
Motorola	motorola edge s	1080	2520	420
Motorola	motorola edge s pro	1080	2400	400
Motorola	motorola edge S30	1080	2460	400
Motorola	motorola edge 轻奢版	1080	2400	400
Motorola	Motorola one	720	1520	320
Motorola	motorola one 5G UW ace	1080	2400	400
Motorola	motorola one action	1080	2520	480
Motorola	motorola one fusion	720	1600	280
Motorola	motorola one fusion+	1080	2340	420
Motorola	motorola one hyper	1080	2340	420
Motorola	motorola one power	1080	2246	480
Motorola	motorola one vision	1080	2520	480
Motorola	motorola one zoom	1080	2340	420
Motorola	motorola razr	876	2142	360
Motorola	motorola razr 2022	1080	2400	400
Motorola	motorola razr 40	1080	2640	420
Motorola	motorola razr 50d M-51E	1080	2640	420
Motorola	motorola razr 5G	876	2142	360
Motorola	motorola razr 60	1080	2640	420
Motorola	motorola razr 60 ultra	1080	2400	480
Motorola	motorola razr 60d M-51F	1080	2640	420
Motorola	motorola razr 70	1080	2640	420
Motorola	motorola razr fold 2026	2232	2484	420
Motorola	motorola razr plus 2023	1080	2640	420
Motorola	motorola razr plus 2024	1080	2400	420
Motorola	motorola razr plus 2026	1080	2400	420
Motorola	motorola signature	1264	2780	480
Motorola	Nexus 6	1440	2560	560
Motorola	RAZR D1	320	480	160
Motorola	ThinkPhone 25 by motorola	1200	2670	450
Motorola	ThinkPhone by Motorola	1080	2400	400
Motorola	XOOM	752	1280	160
Motorola Solutions	EVOLVE	720	1280	320
Motorola Solutions	LEX F10	480	800	240
Motorola Solutions	LEX L11	720	1280	320
Motorola Solutions	MOTOTRBO ION	480	800	220
Movfast	Ranger2	720	1440	280
Movfast	Ranger2 Lite	480	800	220
Movfast	Ranger2K_N	480	800	213
Moviltelco Trade	L506	368	448	180
MOVISUN	Astro_Pad10	800	1280	240
MOVISUN	ASTROA1	720	1560	280
MOVISUN	TAB-S1	600	1024	213
Movitel	M8416	480	854	240
Movitel	M8422	480	854	240
Movitel	M8423	720	1600	300
Movitel	M8424	480	800	240
Movitel	M8425	480	800	240
Movitel	M8426	480	800	240
Movitel	M9107	480	854	213
Movitel	M9109	720	1440	320
Movitel	M9110	480	960	200
Movitel	M9111	480	854	240
Movitel	M9112	720	1440	320
Movitel	M9113	540	960	240
Movitel	M9114	480	854	213
Movitel	M9116	480	960	200
Movitel	M9117	480	854	200
Moxalc	AD116_ROW	1280	1752	213
Moxee Technologies	m2307	480	960	200
Moxee Technologies	MH-T6000	720	1560	320
Moxee Technologies	Moxee_T2310	800	1280	200
Moxee Technologies	MT-T800	800	1280	240
Moxee Technologies	MT-T8B22	800	1280	320
MOXNICE	P50-EEA	800	1280	160
MOXNICE	P50-ROW	800	1280	160
MozaTab	MTN_E1	800	1280	160
Mpgio	ATHENA_A10	800	1280	160
Mpgio	ATHENA_X	800	1280	160
Mpgio	IKP104	1200	2000	240
Mpgio	Legend_A	800	1280	160
Mpgio	LEGEND_EZ	800	1280	160
Mpgio	LEGEND_NEW7	600	1024	160
Mpgio	MAT10221	800	1280	160
Mpgio	MAT10421	1200	1920	240
Mpgio	MLT156001	1200	1920	240
Mpgio	MLT703824	600	1024	160
Mpgio	MPGIO_10	800	1280	160
Mpgio	MPGIO_8	800	1280	213
Mpgio	MTabAir9	800	1340	160
Mpgio	W100	1200	1920	240
MPORT	MPORT-IFPD	2160	3840	480
MSI	Summit13AI	1200	2000	240
Mswipe	WiseposGo	720	1280	320
MTC	Osmartphona	480	854	213
MTC	Osmartphona Tablet	800	1280	220
MTN	5.99	576	1152	220
MTN	Alola_Max	576	1152	220
MTN	G56	720	1560	320
MTN	MTNsmart Plus	720	1600	280
MTR (MY)	MT9	1080	2160	480
MUISOO	KB10	800	1280	160
Multilaser	DI01_M7_WIFI	600	1024	160
Multilaser	F Max 2	720	1560	320
Multilaser	G 3	720	1560	320
Multilaser	G Max 2 SE	720	1600	320
Multilaser	G Pro 3S	720	1600	320
Multilaser	KIDPAD LITE	600	1024	160
Multilaser	M10 3G	800	1280	160
Multilaser	M10 4G	800	1280	160
Multilaser	M10 4G MON CLA	800	1280	213
Multilaser	M10 4G PRO	800	1280	160
Multilaser	M10 4G T1	800	1280	160
Multilaser	M10 4G T3	800	1280	213
Multilaser	M10 WIFI	800	1280	213
Multilaser	M10-3G	800	1280	160
Multilaser	M10-4G	800	1280	160
Multilaser	M10_3G	800	1280	160
Multilaser	M10_4G _AC	800	1280	160
Multilaser	M10_4G_PRO	800	1280	160
Multilaser	M10A	800	1280	160
Multilaser	M10A-Lite	800	1280	213
Multilaser	M10A_3G	800	1280	160
Multilaser	M10A_Lite	800	1280	160
Multilaser	M7 3G	600	1024	160
Multilaser	M7 3G A10	600	1024	160
Multilaser	M7 3G PLUS	600	1024	160
Multilaser	M7 3G Plus	600	1024	160
Multilaser	M7 WIF	600	1024	160
Multilaser	M7 WIFI	600	1024	160
Multilaser	M7-3G PLUS	600	1024	160
Multilaser	M7-4G	600	1024	160
Multilaser	M7_3G_A10	600	1024	160
Multilaser	M7_WIFI	600	1024	160
Multilaser	M7I-3G	480	800	120
Multilaser	M7S LITE	600	1024	160
Multilaser	M7S PLUS	600	1024	160
Multilaser	M7S_PLUS	600	1024	160
Multilaser	M7sLite	600	1024	160
Multilaser	M7SQC Plus	600	1024	160
Multilaser	M8 4G	800	1280	240
Multilaser	M8 Wifi	800	1280	213
Multilaser	M8_4G	800	1280	160
Multilaser	M9 3G	600	1024	160
Multilaser	M9 Wifi	600	1024	160
Multilaser	M9 WIFI	600	1024	160
Multilaser	M9-3G	600	1024	160
Multilaser	M9-3G-2	600	1024	160
Multilaser	M9_WIFI	600	1024	160
Multilaser	M9S-Go	600	1024	160
Multilaser	ML-JI-M7_3G_PLUS	600	1024	160
Multilaser	ML_GW0C_M10_4G	1200	2000	280
Multilaser	MLX8	800	1280	160
Multilaser	MLX8 4G	800	1280	160
Multilaser	MLX8_4G	800	1280	160
Multilaser	MS40G	480	800	240
Multilaser	MS40S	480	800	240
Multilaser	MS50G	1080	1920	480
Multilaser	MS50L	480	854	240
Multilaser	MS50X	480	960	240
Multilaser	MS60F	720	1280	320
Multilaser	MS60X	720	1440	320
Multilaser	MS60Z	720	1440	320
Multilaser	MS80	720	1440	320
Multilaser	MS80X	1080	2246	480
Multilaser	Multilaser E	480	854	240
Multilaser	Multilaser E 2	480	854	240
Multilaser	Multilaser E Lite	480	800	240
Multilaser	Multilaser E Pro	480	854	200
Multilaser	Multilaser Elite 2	720	1600	300
Multilaser	Multilaser F	720	1600	300
Multilaser	Multilaser F Pro	480	960	240
Multilaser	Multilaser F Pro 2	480	960	200
Multilaser	Multilaser F2	480	960	200
Multilaser	Multilaser G	720	1440	320
Multilaser	Multilaser G 2	720	1560	280
Multilaser	Multilaser G Max	720	1440	320
Multilaser	Multilaser G Max 2	720	1600	320
Multilaser	Multilaser G Pro	720	1560	320
Multilaser	Multilaser G Pro 2	720	1600	280
Multilaser	Multilaser H	1080	2340	480
Multilaser	Multilaser H 5G	1080	2400	445
Multilaser	Multilaser_F	480	960	240
Multilaser	Oba Conecta 4G	480	960	200
Multilaser	OBASMART	720	1600	320
Multilaser	OBASMART 3	480	960	240
Multilaser	U10	800	1280	160
Multilaser	ULTRA 10	800	1280	160
MUNBYN	AS01_EEA	1080	2160	480
MUNGYO	MUNGYO MGEB	2160	3840	480
MwalimuPlus	MP01A3G	800	1280	213
MYCOM	COMEK C10	720	1600	320
MYCOM	COMEK smart 10	720	1600	320
MYCOM	COMEK_Pad_10	800	1280	230
MYCOM	COMEK_Tab_10	800	1280	160
MYCOM	COMEK_Tab_20	800	1280	213
MyoTab	MyoTab10	800	1280	213
Myphone	brown 1	720	1280	320
Myphone	Hammer Active 2 LTE	720	1280	320
Myphone	Hammer Blade	1080	1920	480
Myphone	Hammer Energy	720	1280	320
Myphone	Hammer Energy 18x9	720	1440	320
Myphone	Hammer Energy 2	720	1440	320
Myphone	Hammer IRON 3	720	1440	320
Myphone	Hammer IRON 4	720	1440	320
Myphone	HAMMER IRON V	720	1600	320
Myphone	Hammer_Active2	720	1280	320
Myphone	myA17	720	1280	320
Myphone	myA18	480	800	240
Myphone	myA1_Plus	720	1280	320
Myphone	myG1	720	1280	320
Myphone	myP1	720	1440	320
Myphone	myPhone FUN7 LTE	480	960	240
Myphone	myPhone Now eSIM	720	1560	320
Myphone	myPhone_Fun_8	720	1280	320
Myphone	myphone_N23_5G_EEA	720	1612	320
Myphone	myPhone_N23_Plus_5G_EEA	1080	2460	480
Myphone	myPhone_N23_Plus_EEA	1080	2412	480
Myphone	myPhone_Prime_5	600	1280	240
Myphone	myT10	800	1280	160
Myphone	myT6 DTV	600	1024	213
Myphone	myT6S	600	1024	213
Myphone	myT8	800	1280	240
Myphone	myT8S	800	1280	240
Myphone	myWX1 Plus	720	1520	320
Myphone	myWX2 Pro	720	1560	320
Myphone	myX12	720	1520	320
Myphone	myXI1 Plus	720	1440	320
Myphone	myXI1 Pro	720	1440	320
Myphone	NB106M	800	1280	160
Myphone	NB754	720	1280	160
Myphone	NB961	800	1280	213
Myphone	neocore_E1R1	800	1280	160
Myphone	Prime 18x9	640	1280	320
Myphone	Prime 18x9 LTE	640	1280	280
Myphone	SmartView_9.6	800	1280	213
MyPhone (PL)	Hammer Blade 2 Pro	720	1440	320
MyPhone (PL)	Hammer IRON 3 LTE	720	1440	320
MyPhone (PL)	Hammer_Active	720	1280	320
MyPhone (PL)	Hammer_Energy_3G	720	1280	320
MyPhone (PL)	Hammer_Explorer	720	1440	320
MyPhone (PL)	Hammer_IRON_3_LTE	720	1440	320
MyPhone (PL)	Hykker MyTab10	800	1280	160
MyPhone (PL)	myPhone Fun 9	480	960	213
MyPhone (PL)	myPhone HAMMER ENERGY	720	1280	320
MyPhone (PL)	myPhone_City_2	720	1440	320
MyPhone (PL)	Pocket_Pro	720	1520	320
MyPhone (PL)	Prime 4 Lite	480	960	240
Myros	E70 Ultra	1080	2340	480
MyTab_pro	My-10-13-1	800	1280	200
N-one	Npad_mini	800	1280	160
N-one	Npad_ultra	1200	2000	280
N-one	NpadAir	800	1280	210
N-one	Npadplus	1200	2000	240
N-one	NpadQ	800	1280	160
N-one	NpadS	800	1280	160
N-one	NpadX1	1200	2000	213
N-one	NpadY	800	1280	160
N-one	NpadY1	800	1280	160
Nabi	American Girl Tablet	600	1024	160
Nabi	Big Tab HD™ 20"	900	1600	213
Nanho	F101	720	1280	320
Naomi Phone	Ambar	480	960	240
naomicase	N4	720	1600	320
naomicase	N4MAX	720	1600	320
NASCO	Hero	480	960	240
NASCO	Magic-s	480	960	240
NAUIX	N803S	1200	1920	320
Nautilus	NFTM-LAR	1080	1920	160
Nautilus	NFTM-MED	1080	1920	160
Nautilus	NFTM-SMA	800	1280	160
NAV Global	NAV X1	720	1612	320
Navcity	NP752	480	854	240
Navitel	Navitel T700 3G Navi	600	1024	160
Navitel	NAVITEL_T757LTE_EEA	800	1280	160
Navitel	NAVITEL_T797_4G	600	1024	160
Navitel	T500 3G	800	1280	240
Navitel	T505PRO	600	1024	160
Navitel	T737PRO	600	1024	160
Navitel	T787-4G	600	1024	160
Navon	Navon_IQ8_2021	480	800	240
Navon	Pure Micro	480	800	240
Naxa	Naxa	600	1024	160
Naxa	NID-1050	800	1280	160
Naxa	NID_1056	800	1280	160
Naxa	NID_1070	800	1280	213
Naxa	NID_7022	600	1024	160
Naxa	NID_7056	600	1024	160
Nebullar	Gemini1_SE	1080	1920	240
NEC	Disney Mobile on docomoN-03E	720	1184	320
NEC	LAVIE T11 112K1	1200	2000	240
NEC	LAVIE T11 11QHD1	1600	2560	320
NEC	LAVIE T8 8HD1	800	1280	240
NEC	LAVIE Tab 102K1	1200	2000	240
NEC	LAVIE Tab 11QHD3	1600	2560	320
NEC	LAVIE Tab E	800	1280	213
NEC	LAVIE Tab E	1200	1920	240
NEC	LAVIE Tab E 10FHD1	1200	1920	240
NEC	LAVIE Tab E 10FHD2	1200	1920	240
NEC	LAVIE Tab E 7SD1	600	1024	160
NEC	LAVIE Tab E 8FHD1	1200	1920	320
NEC	LAVIE Tab E 8HD1	800	1280	240
NEC	LAVIE Tab T10	1200	1920	240
NEC	LAVIE Tab T11	1200	1920	240
NEC	LAVIE Tab T11	1200	2000	240
NEC	LAVIE Tab T11	1536	2560	320
NEC	LAVIE Tab T14	1876	3000	320
NEC	LAVIE Tab T9	1600	2560	400
NEC	LaVieTab PC-TE508BAW	800	1280	213
NEC	LaVieTab PC-TE508S1W/LaVieTab PC-TE508S1L	800	1280	213
NEC	LaVieTab PC-TE510S1L	800	1280	160
NEC	LAVIETab T12 12QHD1	1600	2560	240
NEC	NEC PC-TE510BAL	1200	1920	240
NEC	PC- TS507N1S	800	1280	213
NEC	PC-508T1W	1200	1920	320
NEC	PC-708T1W	1200	1920	320
NEC	PC-TE307N1W	600	976	160
NEC	PC-TE510JAW	1200	1920	240
NEC	PC-TE510N1B	800	1280	160
NEC	Tab M7 3rd Gen	600	1024	160
Necnon	3L-2	800	1280	213
Necnon	M002K-2	600	1024	160
Necnon	M002Q-2	600	1024	160
Necnon	M002U_2T	600	1024	160
Neffos	C5	720	1280	320
Neffos	C5 Max	1080	1920	480
Neffos	C5L	480	854	240
Neffos	Neffos A5	720	1440	320
Neffos	Neffos C5 Plus	480	960	240
Neffos	Neffos C7	720	1280	320
Neffos	Neffos C7 Lite	480	960	240
Neffos	Neffos C7s	720	1440	320
Neffos	Neffos C9	720	1440	320
Neffos	Neffos C9 Max	720	1560	320
Neffos	Neffos C9A	720	1440	320
Neffos	Neffos C9s	720	1520	320
Neffos	Neffos N1	1080	1920	480
Neffos	Neffos X1	720	1280	320
Neffos	Neffos X1 Max	1080	1920	480
Neffos	Neffos X20	720	1520	320
Neffos	Neffos X20 Pro	720	1520	320
Neffos	Neffos X9	720	1440	320
Neffos	Neffos Y5i	720	1280	320
Neffos	Neffos Y5s	720	1280	320
Neffos	Neffos Y7	720	1280	320
Neffos	TP703A	480	854	240
Neffos	TP704A	480	854	240
Neffos	TP705	720	1280	320
Neffos	X1 Lite	720	1280	320
Neffos	Y5	720	1280	320
Neffos	Y5L	480	854	240
NELATECH	TAB8V1	800	1280	240
NEMO	N16	720	1600	320
NEMO	N36s	720	1600	320
NEO	GF215-REY	800	1280	160
NEO	Neo-Tab-T606-Plus	1200	1920	240
neocore	NEOCORE-E2S	800	1280	160
neocore	neocore_E1_2	800	1280	160
neocore	NEOCORE_E2	1200	1920	240
neocore	neocore_N1G1	800	1280	160
NEON	Neon Tab 11	1200	1920	320
NEONIQ	NQT-1013GIQ	800	1280	220
NEONIQ	NQT-1014GIQ	800	1280	213
NEONIQ	NQT-1014GIQA	800	1280	220
NEONIQ	NQT-73GIQ	600	1024	160
NEONIQ	NQT-73GIQ11	600	1024	160
NEOPAD	AD115	1840	2800	320
Neoregent	KT1007_EEA	800	1280	160
Neotouch	MT-xxMU	2160	3840	480
NETGREEN	M11QF8	800	1280	213
NETGREEN	M15QF6	800	1280	213
NETGREEN	M15QF6AR	800	1280	213
NETGREEN	M16QF11	800	1280	160
NETGREEN	M16QF11AR	800	1280	160
NETGREEN	M16QF9AR	1200	1920	240
NETGREEN	M16QF9ES	1200	1920	240
Netmak	NM-VELOCITY	600	1024	160
Netmak	NM_VISION	800	1280	213
NewBridge	NBTB101	1200	1920	240
NewBridge	NBTB101b	1200	1920	213
NewBridge	NBTB102	1200	1920	240
Newland	MT93	720	1440	300
Newland	Newland NLS-MT90	720	1280	320
Newland	Newland NLS-N7	480	800	213
Newland	Newland NLS-NQuire	800	1280	160
Newland	NLS-MT6550-AM	480	800	240
Newland	NLS-MT6552-EEA	480	800	240
Newland	NLS-MT6552-GL	480	800	240
Newland	NLS-MT6555-GL	480	800	240
Newland	NLS-MT6755-GL	480	800	240
Newland	NLS-MT6757	480	800	213
Newland	NLS-MT9052-EEA	720	1280	294
Newland	NLS-MT9055-GL	720	1280	294
Newland	NLS-MT93	720	1440	320
Newland	NLS-MT95	720	1560	280
Newland	NLS-N7	480	800	240
Newland	NLS-NFT10	720	1440	320
Newline	23QA	2160	3840	480
Newline	Newline 26Q	2160	3840	480
Newline	Newline_Q_Pro_Elite	2160	3840	420
Newline	Q23	2160	3840	420
Newline	Z Pro Series	2160	3840	480
NEWORK	Interactive Smart Display	2160	3840	320
NEWORK	NewBoard	2160	3840	320
newsan	N405	480	800	240
NEWTON	H1	800	1280	213
Nexall	N90_US	1200	2000	240
Nexel	Infinity	720	1640	320
NEXG	NEXG N28 Pro	720	1600	280
Next Technologies	N7526	480	800	120
Nexta	Smart_Study_1	1200	2000	280
Nexta	Smart_Study_2	1200	1920	280
Nextbit	Robin	1080	1920	480
Nextbook	BRT81	1200	1920	280
Nextbook	NX16A10132S	800	1280	160
Nextbook	NX16A10132SPS	800	1280	160
Nextbook	NX16A11264	768	1366	160
Nextbook	NX16A8116K	800	1280	160
Nextbook	NX16A8116KP	800	1280	160
Nextbook	NXA116QC164	768	1366	160
Nextbook	NXA8QC116	800	1280	160
Nextgear	Nextgear n1	1080	2340	480
Nextlife	T8metal	1200	1920	280
NEXWIN	interactive flat panel display	2160	3840	320
NIO	N2301	1440	3200	600
NIO	N2401	1440	3168	600
NIS(NWTF)	Hi10_XPro_ROW	800	1280	213
Njoy	nJoy Theia 10	800	1280	160
NOA Mobile	Fresh 4G	720	1440	320
NOA Mobile	Hummer_2019_R	720	1440	320
NOA Mobile	N1	720	1440	320
NOA Mobile	N10	1080	2246	480
NOA Mobile	N7	720	1440	320
NOA Mobile	N8	720	1440	320
NOA Mobile	NOA_N20	1080	2280	480
NOA Mobile	Vivo 4G_r	640	1280	320
Noblex	A50	480	854	240
Noblex	A60	480	960	240
Noblex	B30	720	1600	320
Noblex	Go Action	720	1280	320
Noblex	Go Move	720	1280	320
Noblex	Go Street	480	854	240
Noblex	Go Urban	720	1280	320
Noblex	LILYPAD	800	1280	160
Noblex	N52	720	1600	320
Noblex	N54	720	1612	320
Noblex	N601	720	1528	280
Noblex	N62	720	1612	320
Noblex	T7A6N	600	1024	160
Noblex	TN11A6128	1200	1920	320
Nodizz	Npad99	800	1280	213
NOGA	NOGA101GHD	800	1280	160
NOGA	NOGA7	600	1024	160
NOGA	NOGA7G	600	1024	160
NOGA	NOGAPAD101GHD	800	1280	160
NOGA	NOGAPAD101XTREME	1200	1920	280
Nokia	DVN2KA01	1080	2340	420
Nokia	N1	1536	2048	320
Nokia	Nokia 1	480	854	240
Nokia	Nokia 1 Plus	480	960	213
Nokia	Nokia 1.3	720	1520	300
Nokia	Nokia 1.4	720	1600	280
Nokia	Nokia 2	720	1280	320
Nokia	Nokia 2 V	720	1280	280
Nokia	Nokia 2 V Tella	720	1440	320
Nokia	Nokia 2.1	720	1280	280
Nokia	Nokia 2.2	720	1520	320
Nokia	Nokia 2.3	720	1520	280
Nokia	Nokia 2.4	720	1600	280
Nokia	Nokia 3	720	1280	320
Nokia	Nokia 3 V	720	1520	320
Nokia	Nokia 3.1	720	1440	320
Nokia	Nokia 3.1 C	720	1440	320
Nokia	Nokia 3.1 Plus	720	1440	280
Nokia	Nokia 3.2	720	1520	320
Nokia	Nokia 3.4	720	1560	280
Nokia	Nokia 4.2	720	1520	300
Nokia	Nokia 5	720	1280	320
Nokia	Nokia 5.1	1080	2160	420
Nokia	Nokia 5.1 Plus	720	1520	320
Nokia	Nokia 5.3	720	1600	280
Nokia	Nokia 5.4	720	1560	280
Nokia	Nokia 6	1080	1920	480
Nokia	Nokia 6.1	1080	1920	420
Nokia	Nokia 6.1 Plus	1080	2280	420
Nokia	Nokia 6.2	1080	2340	420
Nokia	Nokia 7	1080	1920	420
Nokia	Nokia 7 plus	1080	2160	420
Nokia	Nokia 7.1	1080	2280	420
Nokia	Nokia 7.2	1080	2340	420
Nokia	Nokia 8	1440	2560	560
Nokia	Nokia 8 Sirocco	1440	2560	560
Nokia	Nokia 8 V 5G UW	1080	2400	400
Nokia	Nokia 8.1	1080	2246	420
Nokia	Nokia 8.3 5G	1080	2400	400
Nokia	Nokia 9	1440	2880	560
Nokia	Nokia C01 Plus	720	1440	300
Nokia	Nokia C02	480	960	200
Nokia	Nokia C1	480	960	240
Nokia	Nokia C1 2nd Edition	720	1440	300
Nokia	Nokia C1 Plus	720	1440	300
Nokia	Nokia C10	720	1600	280
Nokia	Nokia C100	720	1440	300
Nokia	Nokia C110	720	1560	280
Nokia	Nokia C12 Pro	720	1560	280
Nokia	Nokia C2	720	1440	320
Nokia	Nokia C2 2nd Edition	480	960	200
Nokia	Nokia C2 Tennen	720	1440	300
Nokia	Nokia C20	720	1600	280
Nokia	Nokia C20 Plus	720	1600	280
Nokia	Nokia C200	720	1560	280
Nokia	Nokia C21	720	1600	280
Nokia	Nokia C21 Plus	720	1600	280
Nokia	Nokia C210	720	1560	280
Nokia	Nokia C22	720	1600	280
Nokia	Nokia C3	720	1440	280
Nokia	Nokia C30	720	1640	280
Nokia	Nokia C300	720	1600	280
Nokia	Nokia C31	720	1600	280
Nokia	Nokia C32	720	1600	280
Nokia	Nokia C5 Endi	720	1600	280
Nokia	Nokia G10	720	1600	280
Nokia	Nokia G100	720	1600	280
Nokia	Nokia G11	720	1600	280
Nokia	Nokia G11 Plus	720	1600	280
Nokia	Nokia G20	720	1600	280
Nokia	Nokia G21	720	1600	280
Nokia	Nokia G22	720	1600	280
Nokia	Nokia G300	720	1600	280
Nokia	Nokia G310 5G	720	1612	280
Nokia	Nokia G400 5G	1080	2408	400
Nokia	Nokia G42 5G	720	1612	280
Nokia	Nokia G50	720	1640	280
Nokia	Nokia G60 5G	1080	2408	400
Nokia	Nokia T10	800	1280	200
Nokia	Nokia T20	1200	2000	280
Nokia	Nokia T21	1200	2000	280
Nokia	Nokia X10	1080	2400	400
Nokia	Nokia X100	1080	2400	400
Nokia	Nokia X20	1080	2400	400
Nokia	Nokia X30 5G	1080	2400	400
Nokia	Nokia X5	720	1520	320
Nokia	Nokia X6	1080	2280	420
Nokia	Nokia X7	1080	2246	420
Nokia	Nokia X71	1080	2310	420
Nokia	Nokia XR20	1080	2400	400
Nokia	Nokia XR21	1080	2400	400
Nomi	Corsa 3 3G	800	1280	213
Nomi	Nomi C101010	800	1280	213
Nomi	Nomi i5532	720	1280	320
Nomi	Nomi i6030	720	1280	320
Nomi	Nomi Ultra4 3G	800	1280	240
Nomi	Nomi_C101034	800	1280	240
Nomi	Nomi_C101044	800	1280	240
Nomi	Nomi_Corsa 4 light 3G	800	1280	240
Nomi	Nomi_Corsa4 3G	800	1280	240
Nomi	Nomi_Corsa4 LTE Pro	800	1280	240
Nomi	Nomi_Libra4 3G	800	1280	240
Nomi	Nomi_Libra4 LTE	800	1280	240
Nomi	ULTRA3 3G	800	1280	213
Nomu	G200	720	1600	240
Nomu	M8	720	1280	320
Nomu	S10	720	1280	320
Nomu	S50 Pro	720	1440	320
Nomu	T20E	720	1280	320
Nomu	V31	720	1440	320
Nomu	V31D	720	1440	320
Nomu	V31E	720	1440	320
Nomu	V58	720	1520	320
Nordalp	Nordalp-X21-Pro	1080	2340	480
Nordalp	X6 Pro	1080	1920	400
Noryox	Handheld-POS-EEA	720	1440	320
Noryox	Handheld_POS	720	1440	240
Nothing	Nothing Phone (1)	1080	2400	420
Nothing	Nothing Phone (2)	1080	2412	420
Nothing	Nothing Phone (2a)	1084	2412	420
Nothing	Nothing Phone (2a) Plus	1084	2412	420
Nothing	Nothing Phone (3)	1260	2800	480
Nothing	Nothing Phone (3a)	1080	2392	420
Nothing	Nothing Phone (4a)	1224	2720	480
Nothing	Nothing Phone (4a) Pro	1260	2800	480
Nothing	Nothing Phone (4b)	1080	2344	420
Nothing	Phone (3a) Lite	1080	2392	420
Novey	Alpha A16	720	1600	280
Novey	Pro_K10	1080	2412	480
Novinsun	TN618	1200	1920	320
novo	Bonvi Pro	640	1280	280
NOVOJOY	NV10	800	1280	213
NuAns	NEO [Reloaded]	1080	1920	420
Nubia	nubia Fold	2200	2480	520
Nubia	nubia_NB1001	1200	2000	240
Nubia	NX503A	1080	1920	480
Nubia	红魔10 Air	1116	2480	480
NURIBOM	NRB-IFPD	2160	3840	480
Nuu	A1	480	800	240
Nuu	A10L	480	960	200
Nuu	A11L	720	1440	320
Nuu	A15	720	1600	320
Nuu	A23 Plus	720	1560	280
Nuu	A25	1080	2412	480
Nuu	A3	480	854	240
Nuu	A4L	480	854	240
Nuu	A5L+	480	960	240
Nuu	A6L-C	480	960	240
Nuu	A6L-G	480	960	240
Nuu	A7L	480	960	240
Nuu	A9L	480	1014	213
Nuu	B10	720	1600	320
Nuu	B15	1080	2460	480
Nuu	B20	1080	2400	480
Nuu	B30	1080	2400	480
Nuu	B40	1080	2400	480
Nuu	G2	1080	2160	480
Nuu	M19	720	1440	320
Nuu	M2	720	1280	320
Nuu	M3	720	1280	320
Nuu	M6	720	1600	320
Nuu	N12	480	960	213
Nuu	N13	720	1600	320
Nuu	N20	720	1612	480
Nuu	N21	720	1600	280
Nuu	N30	720	1600	320
Nuu	N6001L	480	960	180
Nuu	NUU A3 (TC)	480	854	240
Nuu	NUU G3	720	1440	320
Nuu	NUU G5	720	1600	320
Nuu	Tab 10	1200	1920	320
Nuu	Tab 10 Plus	800	1280	213
Nuu	Tab 8	800	1280	213
Nuu	Tab 8 Plus	800	1280	240
Nuu	X10 5G	720	1600	300
Nuu	X6	720	1520	320
Nuu	X6 Plus	720	1560	320
Nuu	X6mini	720	1520	320
Nuu	X7 Plus	720	1612	280
NVIDIA	Shield	720	1280	320
NVIDIA	SHIELD Tablet	1200	1920	320
NYX Mobile	GLAM	720	1280	320
NYX Mobile	L604	600	1280	240
NYX Mobile	SHADE	480	854	240
Oale	Apex3	720	1500	320
Oale	dbx	720	1600	320
Oale	P3	720	1440	320
Oale	XS2_LTE	720	1520	320
Oangcc	A13_EEA	800	1280	160
Oangcc	A13_US	800	1280	200
Oangcc	A6_EEA	800	1280	160
Oangcc	A6_US	800	1280	160
Oangcc	A9-EEA	800	1280	160
Oangcc	A9_EEA	800	1280	210
Oangcc	A9_US	800	1280	210
Oangcc	Tab-A8_EEA	600	1024	160
Oangcc	Tab_A6_EEA	800	1280	213
Oangcc	TAB_A8_EEA_T	600	1024	160
OASE	EL-P1	800	1280	213
OASYS	TEG9300	600	1024	160
OASYS	TEG9300-4	600	1024	160
OASYS	TEG9300-M	720	1440	320
Octopus	Octopus_One	800	1280	213
Odea	A10_EEA	800	1280	180
Odea	A10_ROW	800	1280	180
Odea	A11_ROW	800	1280	180
Odea	A12_B_ROW	1200	2000	213
Odea	A12_ROW	1200	2000	280
Odea	A13_EEA	1200	1920	280
Odea	S11_EEA	1200	1920	280
Odea	S11_ROW	1200	1920	280
ODS Corporation	TA2C-DR9	800	1280	160
ODS Corporation	TA2C-DR94G	800	1280	160
ODS Corporation	TA2C-NF8	1200	1920	240
ODYS	JUNIOR_8_PRO_EEA	800	1280	160
ODYS	Maven_T10_pro	800	1280	160
ODYS	NoteTab_Pro	800	1280	160
ODYS	ODYS SPACE ONE 10SE	1200	1920	320
ODYS	ODYS_SPACE_ONE_10	1200	1920	320
ODYS	THANOS_10	800	1280	160
ODYS	Titan_10_LTE	800	1280	160
OFD(Display)	D01	1080	1920	240
OFD(Display)	HSD-215	1080	1920	240
OFD(Display)	HSD01	1080	1920	240
OKAPI	Okapi10_Pro	720	1520	320
OKAPI	Okapi10_Pro_Max	720	1600	320
OKAPI	Okapi10_S	720	1520	320
OKAPI	Okapi16 Rombo Ultra	1080	2460	480
OKAPI	Okapi_Tab8	1200	1920	320
okayseamedia	TK706	600	1024	160
okayseamedia	TK708	600	1024	160
okayseamedia	TK708_EEA	600	1024	160
Okin	FP2901	600	1024	160
Okin	Tablet_FP	600	1024	160
OKSI	GT1001	1200	1920	240
okulaku	K10	800	1280	160
okulaku	ZIDS701	600	1024	160
OKView	IFP	2160	3840	480
OKView	IFP86A1	2160	3840	480
OLAX	Magic_Q1	600	1024	160
OLAX	Magic_Q8	800	1280	180
OLAX	Magic_Q8_Pro_Plus	800	1280	213
OLAX	Ocean K8	800	1280	280
OLAX	Ocean_F8	800	1280	213
OLAX	Ocean_K11_Pro_Plus	800	1280	213
OLAX	Ocean_K8_Pro	800	1280	213
Olike	E1	800	1280	213
Olike	E3	1080	2248	480
Olla	M6	480	960	240
Olla	M8	720	1520	320
Olvy	CH10PLUS	800	1280	160
Olympia	NEO	480	960	240
Olympia	NEO_Mini	480	854	240
Olympia	Smartphone2	480	854	180
Olympia	TREK	720	1440	320
OMAX	7PAN	2160	3840	420
OMIX	MixTab Pro	1200	1920	320
OMIX	MixTab Pro 2	1200	2000	360
OMIX	X2032	1080	2460	480
OMIX	X2033	1080	2460	480
OMIX	X2034	720	1600	320
OMIX	X3	720	1600	320
OMIX	X300	1080	2400	480
OMIX	X4	720	1612	320
OMIX	X400	720	1600	280
OMIX	X5	720	1612	320
OMIX	X500	1080	2400	480
OMIX	X6	1080	2460	480
OMIX	X600	1080	2460	480
OMIX	X600 NFC	1080	2460	480
OMIX	X7	1080	2460	480
OMIX	X700	1080	2400	480
Omniphone	New10	720	1612	320
ONDA TLC	T7 Pro	720	1440	320
ONDA TLC	T9 S	1080	2340	480
OneLern	OneLernDB009	800	1280	160
OneLern	OneLernDB010	800	1280	160
ONENZ	Smart V26	720	1612	280
OnePlus	2	1080	1920	480
OnePlus	Nord CE5	1080	2392	480
OnePlus	One	1080	1920	480
OnePlus	OnePlus 10 Pro	1440	3216	480
OnePlus	OnePlus 10 Pro 5G	900	1920	480
OnePlus	OnePlus 10 Pro 5G	1440	3216	240
OnePlus	OnePlus 10R 5G	1080	2412	480
OnePlus	OnePlus 10T 5G	720	1280	480
OnePlus	OnePlus 10T 5G	1080	2412	240
OnePlus	OnePlus 11 5G	1440	3216	480
OnePlus	OnePlus 11 5G 中国版	1440	3216	480
OnePlus	OnePlus 11R 5G	1240	2772	560
OnePlus	OnePlus 12	1440	3216	640
OnePlus	OnePlus 12R	1264	2780	560
OnePlus	OnePlus 13	1440	3216	640
OnePlus	OnePlus 13R	1264	2780	560
OnePlus	OnePlus 13s	1216	2640	560
OnePlus	OnePlus 13T	1216	2640	560
OnePlus	OnePlus 15	1272	2772	560
OnePlus	OnePlus 15R	1272	2800	560
OnePlus	OnePlus 15T	1216	2640	560
OnePlus	OnePlus 6	1080	2280	450
OnePlus	OnePlus 7	1080	2340	450
OnePlus	OnePlus 7 Pro	1440	3120	600
OnePlus	OnePlus 7 Pro 5G	1440	3120	560
OnePlus	OnePlus 7T	1080	2400	450
OnePlus	OnePlus 7T Pro	1440	3120	600
OnePlus	OnePlus 7T Pro 5G	1440	3120	600
OnePlus	OnePlus 8	1080	2400	450
OnePlus	OnePlus 8 5G	1080	2400	480
OnePlus	OnePlus 8 5G UW	1080	2400	450
OnePlus	OnePlus 8 Pro	1080	2376	106
OnePlus	OnePlus 8 Pro	1440	3168	480
OnePlus	OnePlus 8T	1080	2400	480
OnePlus	OnePlus 8T+ 5G	1080	2400	480
OnePlus	OnePlus 9 5G	1080	2400	480
OnePlus	OnePlus 9 Pro 5G	1080	2412	480
OnePlus	OnePlus 9 Pro 5G	1440	3216	480
OnePlus	OnePlus 9R	1080	2400	480
OnePlus	OnePlus 9RT 5G	1080	2400	480
OnePlus	OnePlus Ace	1080	2412	480
OnePlus	Oneplus Ace 2 Pro	1240	2772	560
OnePlus	OnePlus Ace 3	1264	2780	560
OnePlus	Oneplus Ace 3 Pro	1264	2780	560
OnePlus	OnePlus Ace 3V	1240	2772	560
OnePlus	OnePlus Ace 5	1264	2780	560
OnePlus	OnePlus Ace 5 Pro	1264	2780	560
OnePlus	OnePlus Ace 5 竞速版	1080	2392	480
OnePlus	OnePlus Ace 5 至尊版	1272	2800	560
OnePlus	OnePlus Ace 6	1272	2800	560
OnePlus	OnePlus Ace 6 至尊版	1272	2772	560
OnePlus	OnePlus Ace 竞速版	1080	2412	480
OnePlus	OnePlus N6x	720	1570	320
OnePlus	OnePlus Nord	1080	2400	450
OnePlus	OnePlus Nord 2T 5G	1080	2400	480
OnePlus	OnePlus Nord 3 5G	1240	2772	560
OnePlus	OnePlus Nord 4	1240	2772	560
OnePlus	OnePlus Nord 5	1272	2800	560
OnePlus	OnePlus Nord 6	1272	2772	560
OnePlus	OnePlus Nord CE 2	1080	2400	480
OnePlus	OnePlus Nord CE 2 Lite 5G	1080	2412	480
OnePlus	OnePlus Nord CE 3 Lite 5G	1080	2400	480
OnePlus	OnePlus Nord CE 5G	1080	2400	480
OnePlus	OnePlus Nord CE4	1080	2412	480
OnePlus	OnePlus Nord CE4 Lite 5G	1080	2400	480
OnePlus	OnePlus Nord CE6	1272	2772	560
OnePlus	OnePlus Nord CE6 Lite	1080	2400	480
OnePlus	OnePlus Nord N10 5G	1080	2400	450
OnePlus	OnePlus Nord N100	720	1600	300
OnePlus	OnePlus Nord N20 5G	1080	2400	480
OnePlus	OnePlus Nord N200 5G	1080	2400	480
OnePlus	OnePlus Nord N30 SE 5G	1080	2400	480
OnePlus	OnePlus Nord2 5G	1080	2400	480
OnePlus	OnePlus Pad	2000	2800	400
OnePlus	OnePlus Pad 4	2400	3392	420
OnePlus	OnePlus Pad Go	1720	2408	360
OnePlus	OnePlus Pad Lite	1200	1920	280
OnePlus	Oneplus Pad2	2120	3000	420
OnePlus	OnePlus Turbo 6	1272	2772	560
OnePlus	OnePlus Turbo 6V	1272	2772	560
OnePlus	OnePlus3	1080	1920	420
OnePlus	OnePlus3T	900	1600	420
OnePlus	OnePlus3T	1080	1920	240
OnePlus	OnePlus5	900	1600	420
OnePlus	OnePlus5	1080	1920	240
OnePlus	OnePlus5T	1080	2160	420
OnePlus	OnePlus6T	1080	2340	450
OnePlus	Open	2268	2440	520
OnePlus	Pad 3	2400	3392	420
OnePlus	Pad Go 2	1980	2800	360
OnePlus	PHP110	1240	2772	560
OnePlus	X	1080	1920	480
OnePlus	一加 Ace 6T	1272	2800	560
OnePlus	一加 Turbo 6X	1080	2400	480
OnePlus	一加 Turbo 6X Pro	1272	2772	560
OnePlus	一加平板 2	2120	3000	400
OnePlus	一加平板 2 Pro	2400	3392	420
OnePlus	一加平板 3 Pro	2400	3392	420
OnePlus	一加平板Pro	2120	3000	420
ONERugged	M10X	1200	1920	321
ONERugged	M10XE	1200	1920	321
ONERugged	M185QE	1200	1920	320
ONERugged	M86X	1200	1920	321
ONERugged	M86XE	1200	1920	321
ONERugged	MP1T	720	1612	360
ONERugged	MP1TE	720	1612	360
ONERugged	MP2ProT	1080	2460	480
ONERugged	MPC80T	800	1280	213
ONERugged	MT1MAX	1200	1920	321
ONERugged	MT1MAXE	1200	1920	321
ONERugged	MT1N	800	1340	240
OneScreen	OneScreen T7	2160	3840	480
OneScreen	OneScreen_Core	2160	3840	480
OneScreen	Wandr_W1	2160	3840	320
Onkyo	DP-CMX1	1080	1920	480
Onkyo	DP-X1	720	1280	320
Onkyo	DP-X1A	720	1280	320
Onn (Walmart)	100005207	800	1280	160
Onn (Walmart)	100005208	800	1280	160
Onn (Walmart)	100005209	800	1280	160
Onn (Walmart)	100011886A	800	1280	213
Onn (Walmart)	100011886CA	800	1280	213
Onn (Walmart)	100015685-E	600	1024	160
Onn (Walmart)	100026191	600	1024	160
Onn (Walmart)	100043279	1080	1920	320
Onn (Walmart)	ONA19TB002	800	1280	160
Onn (Walmart)	ONA19TB003	800	1280	160
Onn (Walmart)	ONA19TB007	800	1280	160
Onn (Walmart)	PM106A	800	1280	160
Onn (Walmart)	PM82T	800	1340	240
Onn (Walmart)	PP86A_W	800	1280	213
Onn (Walmart)	PP86AW	800	1280	213
Onn (Walmart)	TBBVNC100005207	800	1280	160
Onn (Walmart)	TBBVNC100005208	800	1280	160
Onn (Walmart)	W723	600	1024	160
onn.	10.4“ Tablet Pro	1200	2000	240
onn.	100003562	1200	1920	320
onn.	100011885	800	1280	213
onn.	100011886	800	1280	213
onn.	100015685-A	600	1024	160
onn.	100044018	800	1280	160
onn.	100044018G	800	1280	200
onn.	100044018P	800	1280	200
onn.	100071481A	600	1024	160
onn.	100071483	800	1280	213
onn.	100071483A	800	1280	160
onn.	100071485	800	1280	213
onn.	100071485A	800	1280	160
onn.	100071486	800	1280	213
onn.	100092980	800	1280	213
onn.	100092980A	800	1280	160
onn.	100110027	1200	2000	240
onn.	100135794	800	1280	180
onn.	100135920	800	1280	160
onn.	100135924	600	1024	160
onn.	36020962	600	1024	160
onn.	M17QF21W	800	1280	213
onn.	MID8016	800	1280	213
onn.	onn. 11 Tablet Pro	1280	1840	280
onn.	onn. 12 Tablet Pro	1600	2560	280
onn.	onn11Kids	1280	1840	240
onn.	onn8Kids	1000	1524	240
onn.	onn_100003561	800	1280	213
onn.	PK76A	600	1024	160
onn.	PM1042T-W	1200	2000	280
onn.	PM1042TW	1200	2000	320
onn.	PM116T	1200	1920	280
onn.	PM116T_LTE	1200	1920	280
onn.	PM82TW	800	1340	213
onn.	Tablet Gen 4	800	1280	180
ONPAD	Vexon	1200	2000	240
ONYX	AKA Model A	480	854	240
ONYX	BOOX	1404	1872	240
Opay	M1 Lite	720	1520	320
OpelMobile	65SX	720	1612	320
OpelMobile	67E 5G	720	1600	480
OpelMobile	EasySmart 2	720	1280	320
OpelMobile	OMSJ523B	540	960	240
OpelMobile	Opel Mobile_Smart_J2	720	1280	320
OpelMobile	Opel Smart60R	480	960	200
OpelMobile	Rugged60Q	480	960	240
OpelMobile	S55	480	960	200
OpelMobile	S65	720	1612	320
OpelMobile	Smart X6	720	1440	320
OpelMobile	Smart55Q	480	960	200
OpelMobile	Smart55R	480	960	220
OpelMobile	Smart65E	720	1612	320
OpelMobile	Smart65Q	720	1600	320
OpelMobile	Smart65R	720	1600	320
OpelMobile	SMARTJ5-M	540	960	240
OpelMobile	SMARTKIDS	720	1440	320
OpelMobile	SmartX1	720	1440	320
OpelMobile	SmartX65	720	1600	280
OpelMobile	SmartZ6	720	1560	300
OpelMobile	Tab_R8	800	1280	175
OPEN	OPEN_PRO	720	1612	320
Oppo	1201	480	854	240
Oppo	A1 Pro 5G	1080	2412	480
Oppo	A11 中国版	720	1600	160
Oppo	A11w	480	854	240
Oppo	A11x 中国版	720	1600	320
Oppo	A1601	720	1280	320
Oppo	A1603	540	960	240
Oppo	A16K	720	1600	320
Oppo	A17	720	1612	320
Oppo	A18	720	1612	320
Oppo	A1k	720	1560	320
Oppo	A2 5G	1080	2400	480
Oppo	A3	720	1604	320
Oppo	A3	1080	2280	480
Oppo	A3 5G/A3i Plus 5G	1080	2412	480
Oppo	A31u	480	854	240
Oppo	A32 中国版	720	1600	320
Oppo	A33f	540	960	240
Oppo	A33w	540	960	240
Oppo	A37f	720	1280	320
Oppo	A37t	720	1280	320
Oppo	A3i 5G	720	1604	320
Oppo	A3s	720	1520	320
Oppo	A3x 5G	720	1604	320
Oppo	A3中国版	1080	2280	480
Oppo	A5	720	1520	320
Oppo	A5 2020	720	1600	320
Oppo	A5 5G	720	1604	320
Oppo	A5 Pro	720	1604	320
Oppo	A5 Pro 5G	720	1604	320
Oppo	A5 Pro 5G	1080	2412	480
Oppo	A5 活力版 5G/K13x 5G	720	1604	320
Oppo	A51w	540	960	240
Oppo	A52	1080	2400	480
Oppo	A52 中国版	1080	2400	480
Oppo	A53	720	1600	320
Oppo	A53 5G	1080	2400	480
Oppo	A53fw	720	1280	320
Oppo	A55 5G	720	1600	320
Oppo	A55s 5G	1080	2400	480
Oppo	A57	720	1612	320
Oppo	A57t	720	1280	320
Oppo	A58	1080	2400	480
Oppo	A59	720	1280	320
Oppo	A59 5G	720	1612	320
Oppo	A5x	720	1604	320
Oppo	A6 5G	1080	2372	480
Oppo	A6 Pro	1080	2372	480
Oppo	A6 Pro 5G	1080	2372	480
Oppo	A60	720	1604	320
Oppo	A6c	720	1570	320
Oppo	A6s Pro 5G	1080	2372	480
Oppo	A6x	720	1570	320
Oppo	A7	720	1520	320
Oppo	A7	1080	1920	480
Oppo	A7 Pro Max 5G	1272	2772	560
Oppo	A72	1080	2400	480
Oppo	A73	1080	2160	480
Oppo	A73t	1080	2160	480
Oppo	A77	1080	1920	480
Oppo	A77 5G	720	1612	320
Oppo	A78	1080	2400	480
Oppo	A79	1080	2160	480
Oppo	A79 5G	1080	2400	480
Oppo	A79k	1080	2160	480
Oppo	A79kt	1080	2160	480
Oppo	A79t	1080	2160	480
Oppo	A7n	720	1520	320
Oppo	A7x 中国版	1080	2340	480
Oppo	A83	720	1440	320
Oppo	A83t	720	1440	320
Oppo	A9 2020	720	1600	320
Oppo	A9 中国版	1080	2340	480
Oppo	A91	1080	2400	480
Oppo	A96 5G	1080	2400	480
Oppo	A98 5G	1080	2400	480
Oppo	A9x	1080	2340	480
Oppo	AX5s	720	1520	320
Oppo	AX7	720	1520	320
Oppo	A系列	720	1612	320
Oppo	CPH1605	720	1280	320
Oppo	CPH1609fw	1080	1920	480
Oppo	CPH1613	1080	1920	480
Oppo	CPH1701	720	1280	320
Oppo	CPH1707	1080	1920	480
Oppo	CPH1715	1080	1920	480
Oppo	CPH1717	720	1280	320
Oppo	CPH1719	1080	2160	480
Oppo	CPH1721	1080	2160	480
Oppo	CPH1723	1080	2160	480
Oppo	CPH1725	1080	2160	480
Oppo	CPH1727	1080	2160	480
Oppo	CPH1729	720	1440	320
Oppo	CPH1801	720	1280	320
Oppo	CPH1803RU	720	1520	320
Oppo	CPH1805	720	1520	320
Oppo	CPH1827	720	1440	320
Oppo	CPH1851	720	1520	320
Oppo	CPH1893RU	1080	2340	480
Oppo	CPH1907	1080	2400	480
Oppo	CPH1909	720	1520	320
Oppo	CPH1989	1080	2340	480
Oppo	CPH2021	1080	2400	480
Oppo	CPH2081	720	1600	320
Oppo	CPH2083	720	1520	320
Oppo	CPH2095	1080	2400	480
Oppo	CPH2113	1080	2400	480
Oppo	CPH2145	1080	2400	480
Oppo	CPH2161	1080	2400	480
Oppo	CPH2207	1080	2400	480
Oppo	CPH2213	1080	2400	480
Oppo	CPH2239	720	1600	320
Oppo	CPH2247	1080	2400	480
Oppo	CPH2249	1080	2400	480
Oppo	CPH2251	1080	2400	480
Oppo	CPH2269	720	1600	320
Oppo	CPH2293	1080	2400	480
Oppo	CPH2325	720	1600	320
Oppo	CPH2365	1080	2400	480
Oppo	CPH2385	720	1612	320
Oppo	CPH2407	720	1612	320
Oppo	CPH2421	720	1600	320
Oppo	CPH2457	1080	2400	480
Oppo	CPH2473	720	1612	320
Oppo	CPH2527	1080	2400	480
Oppo	F11	1080	2340	480
Oppo	F11 Pro	1080	2340	480
Oppo	F1w	720	1280	320
Oppo	F29 Pro 5G	1080	2412	480
Oppo	F31 Pro 5G	1080	2372	480
Oppo	F31 Pro+ 5G	1280	2800	560
Oppo	F33 Pro 5G	1080	2372	480
Oppo	F7	1080	2280	480
Oppo	F9	1080	2340	480
Oppo	Find N	1792	1920	440
Oppo	Find N2 Flip	1080	2520	480
Oppo	Find N2 Flip 中国版	1080	2520	480
Oppo	Find N3	2268	2440	520
Oppo	Find N3 Flip	1080	2520	480
Oppo	Find N5	2248	2480	520
Oppo	Find N5 卫星通信版	2248	2480	520
Oppo	Find N6	2248	2480	520
Oppo	Find N6 卫星通信版	2248	2480	520
Oppo	Find X	1080	2340	480
Oppo	Find X 兰博基尼	1080	2340	480
Oppo	Find X2	1440	3168	640
Oppo	Find X2 Lite	1080	2400	480
Oppo	Find X2 Neo/Reno3 Pro	1080	2400	480
Oppo	Find X2 Pro	1440	3168	640
Oppo	Find X2 Pro 中国版	1440	3168	640
Oppo	Find X2 中国版	1440	3168	640
Oppo	Find X3 Pro	1440	3216	480
Oppo	Find X3 Pro 中国版	1440	3216	480
Oppo	Find X3 中国版	1440	3216	480
Oppo	Find X5	1080	2400	480
Oppo	Find X5 Pro	1440	3216	480
Oppo	Find X6	1240	2772	560
Oppo	Find X6 Pro	1440	3216	480
Oppo	Find X7	1264	2780	560
Oppo	Find X7 Ultra	1440	3216	640
Oppo	Find X7 Ultra 卫星通信版	1440	3216	640
Oppo	Find X8	1256	2760	560
Oppo	Find X8 Pro	1264	2780	560
Oppo	Find X8 Ultra	1440	3216	640
Oppo	Find X8 Ultra 卫星通信版	1440	3216	640
Oppo	Find X8s	1216	2640	560
Oppo	Find X8s+	1256	2760	560
Oppo	Find X9	1256	2760	560
Oppo	Find X9 Pro	1272	2772	560
Oppo	Find X9 Ultra	1440	3168	640
Oppo	Find X9s	1256	2760	560
Oppo	Find X9s Pro	1216	2640	560
Oppo	K1	1080	2340	480
Oppo	K12 5G	1080	2412	480
Oppo	K12 Plus	1080	2412	480
Oppo	K12s 5G	1080	2400	480
Oppo	K12x 5G	720	1604	320
Oppo	K12x 5G	1080	2400	480
Oppo	K13 5G	1080	2400	480
Oppo	K13 Turbo 5G	1280	2800	560
Oppo	K13 Turbo Pro 5G	1280	2800	560
Oppo	K14 5G	720	1570	320
Oppo	K15 Pro	1256	2760	560
Oppo	K15 Pro+	1272	2772	560
Oppo	K3	1080	2340	480
Oppo	K5	1080	2340	480
Oppo	K7x 中国版	1080	2400	480
Oppo	N1 mimi	720	1280	320
Oppo	N1T	1080	1920	480
Oppo	N1W	1080	1920	480
Oppo	N3	1080	1920	480
Oppo	OPD2102A	1200	2000	280
Oppo	OPPO A1 5G	1080	2400	480
Oppo	OPPO A3 Pro 5G/OPPO A5 Plus 5G	1080	2412	480
Oppo	OPPO A33	720	1600	320
Oppo	OPPO A35	720	1600	320
Oppo	OPPO A38	720	1612	320
Oppo	OPPO A5 5G	1080	2412	480
Oppo	OPPO A53s 5G	720	1600	320
Oppo	OPPO A57s	720	1612	320
Oppo	OPPO A5x 5G	720	1604	320
Oppo	OPPO A6 Pro 5G	1080	2372	480
Oppo	OPPO A74 5G	1080	2400	480
Oppo	OPPO A95 5G	1080	2400	480
Oppo	OPPO F27 Pro+ 5G	1080	2412	480
Oppo	OPPO F29 5G	1080	2412	480
Oppo	OPPO K11 5G	1080	2412	480
Oppo	OPPO K11x 5G	1080	2400	480
Oppo	OPPO K15	1256	2760	560
Oppo	OPPO Pad	1600	2560	360
Oppo	OPPO Pad 2	2000	2800	400
Oppo	OPPO Pad 3	2000	2800	400
Oppo	OPPO Pad 3 Pro	2120	3000	420
Oppo	OPPO Pad 5	2120	3000	400
Oppo	OPPO Pad 6	2120	3000	400
Oppo	OPPO Pad Air	1200	2000	280
Oppo	OPPO Pad Neo	1720	2408	360
Oppo	OPPO Reno10 5G	1080	2412	480
Oppo	OPPO Reno10 Pro 5G	1240	2772	560
Oppo	OPPO Reno10 Pro+ 5G	1240	2772	560
Oppo	OPPO Reno5 pro	1080	2400	480
Oppo	OPPO Reno5 Pro+ 5G	1080	2388	480
Oppo	OPPO Reno6 Z 5G	1080	2400	480
Oppo	OPPO Reno7	1080	2400	480
Oppo	OPPO Reno7 5G/Find X5 Lite	1080	2400	480
Oppo	OPPO Reno7 A	1080	2400	480
Oppo	OPPO Reno8 5G	1080	2400	480
Oppo	OPPO Reno8 Pro 5G	1080	2412	480
Oppo	OPPO Reno8 T	1080	2400	480
Oppo	OPPO Reno9 Pro 5G	1080	2412	480
Oppo	Pad 4 Pro	2400	3392	420
Oppo	Pad 5	1980	2800	360
Oppo	Pad 5 Pro	2400	3392	420
Oppo	Pad Air5	1980	2800	360
Oppo	Pad Mini	1680	2520	420
Oppo	Pad SE	1200	1920	280
Oppo	PCRT01	1080	2400	480
Oppo	PDKT00	1080	2400	480
Oppo	PDST00	1080	2400	480
Oppo	PDYT20	1080	2400	480
Oppo	PEAT00	1080	2400	480
Oppo	PEGT00	1080	2400	480
Oppo	PEGT10	1080	2400	480
Oppo	PEHM00	1200	2000	360
Oppo	PEHM00	1440	2200	360
Oppo	PEHM00	1600	2456	360
Oppo	PEHM00	1600	2560	360
Oppo	PEHM00	1840	2800	360
Oppo	PEPM00	1080	2388	480
Oppo	PEQM00	1080	2400	480
Oppo	PEXM00	1080	2400	480
Oppo	PEYM00	1080	2400	480
Oppo	PFCM00	1080	2400	480
Oppo	PFDM00	1080	2400	480
Oppo	PFFM10	1080	2400	480
Oppo	PFFM20	1440	3216	480
Oppo	PFGM00	1080	2400	480
Oppo	PFTM20	720	1612	320
Oppo	PFZM10	1080	2412	480
Oppo	PGAM10	1080	2400	480
Oppo	PGBM10	1080	2400	480
Oppo	PGCM10	1080	2400	480
Oppo	PGGM10	1080	2412	480
Oppo	PGJM10	1080	2412	480
Oppo	PGW110	1080	2412	480
Oppo	PHM110	1080	2412	480
Oppo	PLL110	1280	2800	560
Oppo	PLT140	720	1570	320
Oppo	PMM110	1216	2640	560
Oppo	R1011w	480	800	240
Oppo	R11	1080	1920	480
Oppo	R11 Plus	1080	1920	480
Oppo	R11 Plusk	1080	1920	480
Oppo	R11sPlust	1080	2160	480
Oppo	R11st	1080	2160	480
Oppo	R15	1080	2280	480
Oppo	R15 Pro	1080	2280	480
Oppo	R15 中国版	1080	2280	480
Oppo	R15 梦境版	1080	2280	480
Oppo	R15x	1080	2340	480
Oppo	R17	1080	2340	480
Oppo	R17 Pro	1080	2340	480
Oppo	R5	1080	1920	480
Oppo	R7	1080	1920	480
Oppo	R7c	1080	1920	480
Oppo	R7g	720	1280	320
Oppo	R7Plusf	1080	1920	480
Oppo	R7Plust	1080	1920	480
Oppo	R7s	1080	1920	480
Oppo	R7s Plus	1080	1920	480
Oppo	R7sf	1080	1920	480
Oppo	R7sfg	1080	1920	480
Oppo	R821	480	800	240
Oppo	R831L	480	854	240
Oppo	R9	1080	1920	480
Oppo	R9 Plus	1080	1920	480
Oppo	R9Plus	1080	1920	480
Oppo	R9s	1080	1920	480
Oppo	R9s Plus	1080	1920	480
Oppo	R9sk	1080	1920	480
Oppo	R9st	1080	1920	480
Oppo	realme 1	1080	2160	480
Oppo	realme 2	720	1520	320
Oppo	realme 2 Pro	1080	2340	480
Oppo	realme 3	720	1520	320
Oppo	realme 3i	720	1520	320
Oppo	realme 3Pro	1080	2340	480
Oppo	realme 5	720	1600	320
Oppo	realme C1	720	1520	320
Oppo	realme C2	720	1560	320
Oppo	realme U1	1080	2340	480
Oppo	realme X	1080	2340	480
Oppo	realme X Lite	1080	2340	480
Oppo	realme X50 5G	1080	2400	480
Oppo	Reno	1080	2340	480
Oppo	Reno 10x Room	1080	2340	480
Oppo	Reno 10x room	1080	2340	480
Oppo	Reno 10x Zoom	1080	2340	480
Oppo	Reno 10倍变焦版	1080	2340	480
Oppo	Reno 11	1080	2412	480
Oppo	Reno 11 Pro	1080	2412	480
Oppo	Reno 2 中国版	1080	2400	480
Oppo	Reno 4Z 5G	1080	2400	480
Oppo	Reno A	1080	2340	480
Oppo	Reno Ace	1080	2400	480
Oppo	Reno Ace2	1080	2400	480
Oppo	Reno Z	1080	2340	480
Oppo	Reno Z 中国版	1080	2340	480
Oppo	Reno 标准版	1080	2340	480
Oppo	Reno10 5G	1080	2412	480
Oppo	Reno10 Pro 5G	1080	2412	480
Oppo	Reno10 Pro+ 5G	1240	2772	560
Oppo	Reno11	1080	2412	480
Oppo	Reno11 F 5G/Reno11 A	1080	2412	480
Oppo	Reno11 Pro	1240	2772	560
Oppo	Reno12	1080	2412	480
Oppo	Reno12 5G	1080	2412	480
Oppo	Reno12 F	1080	2400	480
Oppo	Reno12 F/FS 5G	1080	2400	480
Oppo	Reno12 Pro	1080	2412	480
Oppo	Reno12 Pro 5G	1080	2412	480
Oppo	Reno13	1256	2760	560
Oppo	Reno13 5G	1256	2760	560
Oppo	Reno13 A	1080	2400	480
Oppo	Reno13 F	1080	2400	480
Oppo	Reno13 Pro	1272	2800	560
Oppo	Reno13 Pro 5G	1272	2800	560
Oppo	Reno14	1256	2760	560
Oppo	Reno14 5G	1256	2760	560
Oppo	Reno14 F 5G	1080	2372	480
Oppo	Reno14 Pro	1272	2800	560
Oppo	Reno14 Pro 5G	1272	2800	560
Oppo	Reno15	1216	2640	560
Oppo	Reno15 5G	1256	2760	560
Oppo	Reno15 F 5G/Reno15 A	1080	2372	480
Oppo	Reno15 Pro	1272	2772	560
Oppo	Reno15 Pro 5G	1216	2640	560
Oppo	Reno15 Pro 5G	1272	2772	560
Oppo	Reno15c	1256	2760	560
Oppo	Reno16 5G	1216	2640	560
Oppo	Reno16 F 5G	1080	2372	480
Oppo	Reno16 Pro	1272	2772	560
Oppo	Reno16 Pro 5G	1216	2640	560
Oppo	Reno2 Z	1080	2340	480
Oppo	Reno2 Z 中国版	1080	2340	480
Oppo	Reno3	1080	2400	480
Oppo	Reno3 5G 中国版	1080	2400	480
Oppo	Reno3 A	1080	2400	480
Oppo	Reno3 Pro	1080	2400	480
Oppo	Reno3 Pro 5G中国版	1080	2400	480
Oppo	Reno4 5G	1080	2400	480
Oppo	Reno4 F	1080	2400	480
Oppo	Reno4 Pro 5G	1080	2400	480
Oppo	Reno4 Pro 中国版	1080	2400	480
Oppo	Reno4 中国版	1080	2400	480
Oppo	Reno5	1080	2400	480
Oppo	Reno5 A (eSIM)	1080	2400	480
Oppo	Reno5 Lite	1080	2400	480
Oppo	Reno6 Pro+ 5G	1080	2400	480
Oppo	Reno7 Z 5G/Reno7 Lite 5G/Reno8 Lite 5G	1080	2400	480
Oppo	Reno7 中国版	1080	2400	480
Oppo	Reno8 T 5G	1080	2412	480
Oppo	Reno9 A	1080	2400	480
Oppo	X9006	1080	1920	480
Oppo	X9007	1080	1920	480
Oppo	X9009	1080	1920	480
Oppo	X9076	1440	2560	640
Oppo	X909	1080	1920	480
Opticon	H-31	1080	1920	440
Opticon	H-33	1080	1920	440
Opticon	H-35	720	1440	320
Optoma	5XX3RK	2160	3840	480
Optoma	IFP3Gen3	2160	3840	480
Orange	Dive 50	480	854	240
Orange	Dive 71	720	1280	320
Orange	Dive72	720	1280	320
Orange	Dive_70	720	1280	320
Orange	Mahpee	480	800	240
Orange	Neva 80	1080	1920	480
Orange	Neva leaf	480	960	240
Orange	Neva Rise S1	480	960	240
Orange	Neva start	480	960	240
Orange	Nola fun	480	854	200
Orange	Nura	720	1280	320
Orange	Nura2	1080	1920	480
Orange	Orange	480	960	240
Orange	Orange Neva play	720	1520	320
Orange	Orange Neva sparkle	480	960	200
Orange	Orange Neva zen	720	1440	320
Orange	Orange Nola play	480	854	240
Orange	Orange Nola play plus	480	854	200
Orange	Orange Nola XL	720	1612	320
Orange	Orange Nola XL 2	720	1612	320
Orange	Orange Rise 33	480	800	240
Orange	Orange V652L	576	1280	240
Orange	Race_1	720	1640	320
Orange	Rise31	480	800	240
Orange	Rise51	480	854	240
Orange	Rise52	480	854	240
Orange	Rise_54	480	960	240
Orange	Sanza plus	480	960	200
Orange	Sanza_touch	480	800	213
Orbic	Magic	720	1600	320
Orbic	R10L5TR	800	1280	240
Orbic	R4S14V_Visible	720	1612	320
Orbic	R667L5U_VZW	1080	2400	480
Orbic	R678L5V	720	1600	320
Orbic	R8L5T	800	1280	240
Orbic	RC10RLT-RW1	800	1280	240
Orbic	RC545LF	480	960	240
Orbic	RC608L2	720	1560	320
Orbic	RC609L	720	1560	320
Orbic	RC609LP-RWANZ	720	1560	320
Orbic	RC609LSM	720	1560	320
Orbic	RC8L1T-RW1	800	1280	240
ORBYS	F21	1200	1920	240
ORCA	O-0202	1200	1920	240
ORCATAB	ORCATAB_WT1_WT1Pro	1200	1920	320
Ordissimo	Celia	1200	1920	272
Ordissimo	LeNumero2Mini EEA	720	1440	320
Ordissimo	Ordissimo LeNumero2	1080	2340	480
Ordissimo	PixStarTouch	800	1280	160
OSCAL	C20	720	1560	320
OSCAL	C20 Pro	720	1560	320
OSCAL	C30	720	1600	320
OSCAL	C30 Pro	720	1600	320
OSCAL	C60	720	1600	320
OSCAL	C70	720	1612	320
OSCAL	C80	720	1600	320
OSCAL	ELITE 1	1600	2560	320
OSCAL	FLAT 1C	720	1600	320
OSCAL	FLAT 2	720	1612	320
OSCAL	FLAT 2C	720	1612	320
OSCAL	FLAT 3C	720	1612	320
OSCAL	FLAT 3C Mini	480	854	160
OSCAL	KIDO 2	800	1280	213
OSCAL	MARINE 1	720	1612	320
OSCAL	MARINE 2	720	1612	320
OSCAL	MARINE 3	720	1612	320
OSCAL	MODERN 8	720	1600	320
OSCAL	Pad 100	1200	2000	280
OSCAL	Pad 15	1200	2000	280
OSCAL	Pad 16	1200	1920	280
OSCAL	Pad 18	1200	1920	280
OSCAL	Pad 200	1200	1920	280
OSCAL	Pad 30 WiFi	800	1280	213
OSCAL	Pad 5	800	1340	213
OSCAL	Pad 5 Kids	800	1340	213
OSCAL	Pad 60 Kids	800	1280	213
OSCAL	Pad 7	800	1280	213
OSCAL	Pad 70	800	1280	213
OSCAL	Pad 70 WiFi	800	1280	220
OSCAL	Pad 80 WiFi	1200	1920	280
OSCAL	Pad 9	800	1280	213
OSCAL	Pad 90	800	1280	213
OSCAL	Pad 90 Pro	1200	1920	280
OSCAL	Pad13_EEA	1200	1920	280
OSCAL	Pad13_NEU	1200	1920	280
OSCAL	Pad60_EEA	800	1280	213
OSCAL	Pad60_NEU	800	1280	213
OSCAL	Pad_10_EEA	1200	1920	280
OSCAL	Pad_10_NEU	1200	1920	280
OSCAL	Pad_10_RU	1200	1920	280
OSCAL	Pad_50_Kids_EEA	800	1280	160
OSCAL	Pad_50_WiFi_EEA	800	1280	160
OSCAL	PILOT 1	720	1604	320
OSCAL	PILOT 3	1080	2460	480
OSCAL	PILOT 5	720	1604	320
OSCAL	PILOT 6	1080	2460	480
OSCAL	S60	720	1440	320
OSCAL	S60Pro	720	1440	320
OSCAL	S70	720	1560	320
OSCAL	S70 Pro	720	1560	320
OSCAL	S80_RU	1080	2408	480
OSCAL	SPIDER 10	1200	1920	260
OSCAL	Spider8_EEA	1200	1920	280
OSCAL	TANK 1	1080	2460	480
OSCAL	Tiger 10	720	1612	320
OSCAL	Tiger 12	1080	2460	480
OSCAL	TIGER 13	720	1604	320
OSCAL	TIGER 8	720	1640	320
Oteeto	OE1	800	1280	240
OTOT	H10	720	1512	320
Oukitel	C10	480	960	240
Oukitel	C11	480	960	240
Oukitel	C11 Pro	720	1440	320
Oukitel	C12	480	996	240
Oukitel	C12 Pro	480	996	240
Oukitel	C13 Pro	480	996	240
Oukitel	C15 Pro	600	1280	240
Oukitel	C16 Pro	720	1520	320
Oukitel	C17 Pro	720	1560	320
Oukitel	C17_go_ROW	540	1200	240
Oukitel	C17_Plus_EEA	720	1560	320
Oukitel	C18 Pro	720	1600	320
Oukitel	C19	720	1560	320
Oukitel	C19 Pro	720	1560	320
Oukitel	C1_Pro_EEA	576	1280	213
Oukitel	C21	1080	2310	480
Oukitel	C21_Plus_EEA	720	1560	320
Oukitel	C21_Pro_EEA	720	1560	320
Oukitel	C22	720	1520	320
Oukitel	C23_Pro	720	1600	320
Oukitel	C25_RU	720	1600	320
Oukitel	C26_EEA	576	1280	260
Oukitel	C31_EEA	720	1600	320
Oukitel	C31_Pro_EEA	720	1600	320
Oukitel	C32_EEA	1080	2248	480
Oukitel	C33_EEA	720	1600	320
Oukitel	C35_EEA	720	1612	320
Oukitel	C36_T_EEA	576	1280	213
Oukitel	C37_EEA	1080	2408	480
Oukitel	C38_EEA	1080	2408	480
Oukitel	C50_EEA	720	1600	320
Oukitel	C51_EEA	720	1600	320
Oukitel	C53	720	1612	280
Oukitel	C57_Pro_EEA	576	1280	240
Oukitel	C57_S_EEA	576	1280	240
Oukitel	C58_EEA	720	1600	320
Oukitel	C58_Pro_EEA	720	1600	320
Oukitel	C59 Pro_A15_EEA	720	1640	320
Oukitel	C59_Pro_EEA	720	1640	320
Oukitel	C60_Pro_EEA	720	1640	320
Oukitel	C61_A15_EEA	720	1640	320
Oukitel	C61_Plus_ROW	720	1640	320
Oukitel	C61_Pro_A15_ROW	720	1640	320
Oukitel	C62_A15_ROW	720	1640	320
Oukitel	C62_Pro_A15_ROW	720	1640	320
Oukitel	C65_EEA	720	1600	320
Oukitel	C65_Pro_EEA	720	1600	320
Oukitel	C66_NFC_ROW	720	1560	318
Oukitel	C67_ROW	720	1560	318
Oukitel	C68_NFC_EEA	720	1560	320
Oukitel	C68_Plus_EEA	720	1560	320
Oukitel	C69_EEA	720	1560	320
Oukitel	C6_EEA	720	1600	320
Oukitel	C72_ROW	720	1640	320
Oukitel	C8 4G	640	1280	320
Oukitel	C8_ROW	640	1280	320
Oukitel	G1_EEA	576	1280	240
Oukitel	G1_S_EEA	576	1280	240
Oukitel	G2-EEA	576	1152	260
Oukitel	G6_NFC_EEA	576	1280	320
Oukitel	G7_EEA	576	1280	320
Oukitel	K10	1080	2160	480
Oukitel	K10000 Mix	720	1280	320
Oukitel	K10000 Pro	1080	1920	480
Oukitel	K10000_Max	1080	1920	480
Oukitel	K12	1080	2340	480
Oukitel	K13 Pro	720	1560	320
Oukitel	K15_Plus_RU	720	1600	320
Oukitel	K15_Pro_EEA	720	1600	320
Oukitel	K16_EEA	720	1280	320
Oukitel	K3	1080	1920	480
Oukitel	K3 Pro	1080	1920	480
Oukitel	K5	720	1440	320
Oukitel	K5000	720	1440	320
Oukitel	K6	1080	2160	480
Oukitel	K6000 Plus	1080	1920	480
Oukitel	K7	1080	2160	480
Oukitel	K7_Power	720	1440	320
Oukitel	K7_Pro	720	1440	320
Oukitel	K8	1080	2160	480
Oukitel	K9	1080	2244	480
Oukitel	K9 Pro	720	1640	320
Oukitel	MIX 2	1080	2160	480
Oukitel	OKT1	1200	1920	320
Oukitel	OKT3	1200	1920	320
Oukitel	OT11	800	1280	180
Oukitel	OT12_EEA	800	1280	180
Oukitel	OT5_EEA	1200	2000	320
Oukitel	OT5_S_V_EEA	1200	2000	300
Oukitel	OT6_EEA	800	1280	180
Oukitel	OT6_Kids_EEA	800	1280	180
Oukitel	OT6_Pro_EEA	800	1280	180
Oukitel	OT8_EEA	1200	1920	320
Oukitel	OT9	800	1280	180
Oukitel	OUKITEL_C1_EEA	576	1280	213
Oukitel	OUKITEL_C2_EEA	540	1200	230
Oukitel	OUKITEL_C3_EEA	540	1200	230
Oukitel	OUKITEL_C59_EEA	720	1640	320
Oukitel	OUKITEL_C60_EEA	720	1640	320
Oukitel	OUKITEL_C61_EEA	720	1640	320
Oukitel	OUKITEL_G3_EEA	576	1152	213
Oukitel	OUKITEL_G5_EEA	576	1152	213
Oukitel	OUKITEL_P1_EEA	1080	2412	480
Oukitel	OUKITEL_WP32_EEA	720	1440	320
Oukitel	P07_NFC_EEA	1200	1920	320
Oukitel	P1_Pro_EEA	1080	2412	480
Oukitel	RT10_EEA	1200	1920	260
Oukitel	RT1_EEA	1200	1920	320
Oukitel	RT2_EEA	1200	1920	320
Oukitel	RT3_Plus_EEA	800	1280	240
Oukitel	RT3_Pro_EEA	800	1280	240
Oukitel	RT3_S_EEA	800	1280	240
Oukitel	RT3_T_EEA	800	1280	240
Oukitel	RT5_EEA	1200	1920	320
Oukitel	RT6_NFC_EEA	1200	1920	320
Oukitel	RT7_TITAN_5G_EEA	1200	1920	320
Oukitel	RT7_TITAN_EEA	1200	1920	320
Oukitel	RT8_EEA	1200	1920	320
Oukitel	RT9_EEA	800	1280	200
Oukitel	S105B_RU	1080	2460	480
Oukitel	S109_RU	1080	2408	480
Oukitel	S115_EEA	1080	2408	480
Oukitel	S118_EEA	720	1600	320
Oukitel	U18	720	1512	320
Oukitel	U20_Plus	1080	1920	480
Oukitel	U22	720	1280	320
Oukitel	U23	1080	2246	480
Oukitel	U25 Pro	1080	1920	480
Oukitel	WP1	720	1440	320
Oukitel	WP10	1080	2400	480
Oukitel	WP100_EEA	1080	2460	480
Oukitel	WP100_TITAN_EEA	1080	2460	480
Oukitel	WP12	720	1440	320
Oukitel	WP12_Pro_EEA	720	1440	320
Oukitel	WP13_RU	720	1600	320
Oukitel	WP15	720	1600	320
Oukitel	WP15 S	720	1600	320
Oukitel	WP16_RU	720	1560	320
Oukitel	WP17_EEA	1080	2460	480
Oukitel	WP18	720	1440	320
Oukitel	WP18_P_R_EEA	720	1440	320
Oukitel	WP19_EEA	1080	2460	480
Oukitel	WP19_Pro	1080	2460	480
Oukitel	WP19_Pro_EEA	1080	2460	480
Oukitel	WP2	1080	2160	480
Oukitel	WP200_Pro_EEA	1080	2412	480
Oukitel	WP20_EEA	720	1440	320
Oukitel	WP20_Pro_EEA	720	1440	320
Oukitel	WP210_Pro_EEA	1080	2412	480
Oukitel	WP21_RU	1080	2460	480
Oukitel	WP21_U_EEA	1080	2460	480
Oukitel	WP23	720	1600	320
Oukitel	WP23_Plus_A15_ROW	576	1280	240
Oukitel	WP27_EEA	1080	2460	480
Oukitel	WP28_E_EEA	576	1280	240
Oukitel	WP28_S_EEA	576	1280	240
Oukitel	WP300_EEA	1080	2460	480
Oukitel	WP30_Pro_EEA	1080	2460	480
Oukitel	WP32_Pro_U_EEA	576	1152	260
Oukitel	WP33_Pro_U_EEA	1080	2408	480
Oukitel	WP35_EEA	1080	2408	480
Oukitel	WP35_Pro_EEA	1080	2408	480
Oukitel	WP35_S_EEA	720	1612	320
Oukitel	WP36_A16_EEA	720	1600	320
Oukitel	WP36_Pro_EEA	576	1280	240
Oukitel	WP36_U_EEA	576	1280	240
Oukitel	WP38_EEA	720	1600	320
Oukitel	WP38_U_EEA	576	1280	240
Oukitel	WP39_EEA	1080	2408	480
Oukitel	WP39_Pro_EEA	1080	2408	480
Oukitel	WP5	720	1440	320
Oukitel	WP5 Pro	720	1440	320
Oukitel	WP500 Ultra	1080	2460	480
Oukitel	WP5000	720	1440	320
Oukitel	WP500_EEA	1080	2460	480
Oukitel	WP50_EEA	720	1612	320
Oukitel	WP52_EEA	720	1612	320
Oukitel	WP53_EEA	576	1280	320
Oukitel	WP53_Pro_EEA	576	1280	240
Oukitel	WP53_S_EEA	576	1280	320
Oukitel	WP55_EEA	1080	2408	480
Oukitel	WP55_S_EEA	1080	2408	480
Oukitel	WP55_Ultra_EEA	1080	2408	480
Oukitel	WP56	1080	2460	480
Oukitel	WP58_Pro_EEA	720	1600	320
Oukitel	WP60_EEA	720	1560	320
Oukitel	WP61_EEA	1080	2460	480
Oukitel	WP61_Plus_EEA	1080	2460	480
Oukitel	WP61_Ultra_EEA	1080	2460	480
Oukitel	WP62_A15_EEA	1080	2408	480
Oukitel	WP66_EEA	1080	2408	480
Oukitel	WP68_Pro_EEA	720	1640	320
Oukitel	WP6_EEA	1080	2340	480
Oukitel	WP7	1080	2340	480
Oukitel	WP8_Pro	720	1560	320
Oukitel	WP9	720	1520	320
Oukitel	Y1000	720	1560	320
Oukitel	Y4800_EEA	1080	2340	480
OUZRS	OUZRSM4	768	1366	160
Overmax	OV-Qualcore-1023-3G	800	1280	160
Overmax	OV10273G	800	1280	160
Overmax	OV10274G	800	1280	213
OVERTECH	OX7S	600	1024	160
Ovion	V11_Lite_TR	720	1612	480
Ovion	V15_LITE	720	1612	280
Ovion	V20_PRO_TR	1080	2412	400
Ovion	V21_Pro	720	1600	280
Ovion	V30 Ultra	1080	2400	480
Ovion	V8_LITE	720	1612	280
OwnMobile	FUN 6	480	960	240
OwnMobile	FUN 7	720	1440	320
OwnMobile	SMART 8	720	1280	320
OwnMobile	SMART 9	720	1528	280
OwnMobile	Smart 9 Pro	1080	2246	480
OWXMobile	W50s	480	960	200
OX_TAB	Ox-p010-2	800	1280	180
OyeFit	T10_EEA	800	1280	213
Oysters	T72HMs 3G	600	1024	160
Oysters	Universal Phone 1	720	1600	320
Packard Bell	DAYTONA-G12	720	1600	320
Packard Bell	DAYTONA-G16	720	1560	480
Packard Bell	DAYTONA-G16-PRO	720	1560	480
Packard Bell	DAYTONA-G6	480	960	220
Packard Bell	DAYTONA_G8	720	1560	320
Packard Bell	INTERLAGOS-T32	800	1280	160
Packard Bell	M10400	800	1280	160
Packard Bell	M10500	800	1280	160
Packard Bell	M10600	800	1280	160
Packard Bell	M10905-32	800	1280	160
Packard Bell	M10950	1200	1920	240
Packard Bell	M11550	1080	1920	240
Packard Bell	MONZA-T5	600	1024	160
Packard Bell	PB9000-32	800	1280	160
Packard Bell	SILVERSTONE-T10	1200	1920	200
Packard Bell	Silverstone-T10X	1200	1920	240
Packard Bell	SILVERSTONE-T11	1200	1920	240
Packard Bell	SILVERSTONE-T18	1200	1920	240
Packard Bell	TARGA-F10PRO	800	1280	213
Packard Bell	TARGA-F11PRO	1200	1920	213
Packard Bell	TARGA-F14PRO	1200	1920	260
Packard Bell	TARGA-F7	600	1024	213
Packard Bell	TARGA-F8	800	1280	213
PAITANRY	C40	800	1280	160
PAITANRY	CH10PRO	800	1280	160
PAITANRY	CH10PROMAX	800	1280	160
PAITANRY	R16	800	1280	160
PAITANRY	R16-PRO	800	1280	160
PAITANRY	R16Pro_PAD_EEA	800	1280	200
PAITANRY	R16PROMAX	800	1280	160
PAITANRY	R95	800	1280	213
PAITANRY	SSK10	800	1280	160
PAITANRY	Y85	800	1340	160
PAITANRY	Y86_EEA	800	1340	213
Palm	PVG100	720	1280	320
Panasonic	Eluga A2	720	1280	320
Panasonic	ELUGA A4	720	1280	320
Panasonic	Eluga Arc 2	720	1280	320
Panasonic	Eluga I2	720	1280	320
Panasonic	Eluga I3	720	1280	320
Panasonic	ELUGA I6	480	960	240
Panasonic	ELUGA I7 EE	720	1440	320
Panasonic	ELUGA I8	720	1520	320
Panasonic	ELUGA Ray 600	720	1440	320
Panasonic	ELUGA Ray 610	720	1520	320
Panasonic	ELUGA Ray 700	1080	1920	480
Panasonic	Eluga Ray 800	1080	1920	420
Panasonic	ELUGA Ray 810	720	1500	320
Panasonic	Eluga Ray Max	1080	1920	480
Panasonic	Eluga Ray X	720	1280	320
Panasonic	ELUGA U3	720	1520	320
Panasonic	ELUGA X1	1080	2246	480
Panasonic	ELUGA Y	720	1512	320
Panasonic	ELUGA Y Pro	720	1512	320
Panasonic	ELUGA Z1	720	1500	320
Panasonic	ELUGA_F	720	1440	320
Panasonic	Eluga_Note	1080	1920	480
Panasonic	FZ-A2A	1200	1920	213
Panasonic	FZ-A3	1200	1920	240
Panasonic	FZ-B2	800	1280	213
Panasonic	FZ-B2D	800	1280	213
Panasonic	FZ-L1	720	1280	240
Panasonic	FZ-N1	720	1280	320
Panasonic	FZ-N1EVF	720	1280	320
Panasonic	FZ-S1	800	1280	240
Panasonic	FZ-T1	720	1280	320
Panasonic	FZ-X1	720	1280	320
Panasonic	P-01K	720	1280	320
Panasonic	P85	720	1280	320
Panasonic	P91	480	854	240
Panasonic	Panasonic P101	480	960	240
Panasonic	Panasonic P85 NXT	720	1280	320
Panasonic	SPU-A05-SWG	1200	1920	240
Panasonic	SPU-A06L-LWG	1200	1920	240
Panasonic	Tab 8	800	1280	320
Panasonic	TAB-A02	800	1280	160
Panasonic	TAB-A05-BA1	1080	2160	440
Panasonic	TAB-A05-SA	800	1280	160
Pantech	IM-100GN	1080	1920	480
Pantech	IM-100K	1080	1920	480
Pantech	IM-100S	1080	1920	480
Pantech	IM-A860K	1080	1920	480
Pantech	IM-A880S	1080	1920	480
Pantech	IM-A910S	1080	1920	480
Pantech	K-50	800	1280	310
Pantech	VEGA Secret Note	1080	1920	480
Pantech	VEGA Secret UP	1080	1920	480
PARTNER MOBILE	E22	720	1600	320
PARTNER MOBILE	EV1_PRO	720	1600	320
Pastigio	P15	800	1280	200
PATTERS	P7	480	854	240
PATTERS	P9	480	960	240
PAWBO	Tab-T13	1080	1920	210
PAWBO	Tab-T8	800	1280	213
PAX (CN)	A50	720	1440	320
PAX (CN)	A77	720	1440	320
PAX (CN)	M30	720	1440	320
PBS Kids	PBS700DVD	600	1024	160
PC Smart	PCSGOB10LTE-V2	800	1280	213
PC Smart	PCSGOB10MVA-A	800	1280	160
PCBOX	Curi_Lite_PCB-T103	600	1024	160
PCBOX	PCB-T104	800	1280	160
PCBOX	PCB-T105	800	1280	160
PCBOX	PCB-T106	800	1280	160
PCBOX	PCB-T107	800	1280	200
PCBOX	PCB-T732	600	1024	160
PCBOX	PCB_S1063	800	1280	160
PCBOX	PCB_T801	800	1280	180
PCD Argentina	C58_ARG	720	1600	320
PCD Argentina	P40	480	800	240
PCD Argentina	P41	480	800	240
PCD Argentina	P50	480	854	240
PCD Argentina	P55	480	960	240
PCD Argentina	P60 CENAM	600	1280	240
PCD Argentina	P60_CA	720	1560	320
PCD Argentina	P63L	720	1520	320
PCD Argentina	P65	720	1600	320
PCD Argentina	PD60	600	1280	240
PCD Argentina	PH4003	480	800	240
PCD Argentina	PL550	480	960	240
PCD Argentina	PL571US	720	1440	320
PCD LLC	Bengal Max	720	1600	320
PCD LLC	P55 US	480	960	240
PCD LLC	P65	720	1600	320
PCD LLC	P65L	576	1280	260
PEAQ	PET-1008-F464E	1200	1920	240
PEAQ	PET-1008-H332E	800	1280	160
PEAQ	PET-101-F464S	1200	1920	240
PEAQ	PET-101-H232E	800	1280	160
PEAQ	PET-101-H332S-W	800	1280	160
PEAQ	PET-10182-H332E	800	1280	200
PEAQ	PET-102-H232S	800	1332	160
PEAQ	PET-10380-H628S	800	1332	160
PEAQ	PET-1081-H232S	800	1280	160
PEAQ	PET-1081-LH332S	800	1280	213
PEAQ	PET-10980-F628E	1200	2000	240
PEAQ	PET-11080-2K628E	1200	2000	240
PEAQ	PET-11080-F428E	1200	1920	240
PEAQ	PET-882-H232S	800	1280	213
PEAQ	PET_10180_H464S	800	1280	160
PEAQ	PET_10181_H464S_EEA	800	1280	160
PEAQ	PET_11080-F628S	1200	1920	280
PEAQ	PET_11080-F656S_EEA	1200	1920	280
PEAQ	PET_11080_H428S	800	1280	160
PEAQ	PET_11081_H428S_EEA	800	1280	160
PEAQ	PET_8040_H464S	800	1280	213
PEICHENG	AT11PROK	800	1280	180
PEICHENG	AT74K	600	1024	160
PEICHENG	CP20TGOLD	800	1280	205
PEICHENG	CP31-4T	800	1280	213
PEICHENG	CP31M	800	1280	213
PEICHENG	CP31T	800	1280	205
PEICHENG	CP31U	800	1280	213
PEICHENG	P13Max	800	1280	213
PEICHENG	P13PRO	800	1280	160
PEICHENG	P13TMax	800	1280	200
PEICHENG	P13Ultra	800	1280	213
PEICHENG	Q1	600	1024	160
PEICHENG	Q8	600	1024	160
PEICHENG	Q8PRO	600	1024	160
PEICHENG	YQ10SA_MAX	800	1280	160
PEICHENG	YQ10SC_MAX	800	1280	213
PEICHENG	YQ10SPRO	800	1280	180
PEICHENG	YQ10ST_MAX	800	1280	180
PEICHENG	YQ11M	800	1280	177
PEICHENG	YQ11MK	800	1280	200
PEICHENG	ZB31	800	1280	213
PEICHENG	ZB32	800	1280	160
PEICHENG	ZB32_PRO	800	1280	160
PEICHENG	ZB32A	800	1280	180
PEICHENG	ZB32UA	800	1280	180
PEICHENG	ZB32V	800	1280	160
PeopleLink	AILiveBoard-Core	2160	3840	480
Pepperl+Fuchs	Smart-Ex 03	1080	2160	480
Pepperl+Fuchs	Smart-Ex 203	1080	2280	480
Performance	T9	600	1024	160
Permaray	Permaray-IFPD	2160	3840	320
PERSONA	MyTab_A8	800	1280	213
Philco	Hit Max	720	1560	320
Philco	Hit P10	720	1520	320
Philco	HIT P10a	720	1520	320
Philco	Hit P12	720	1600	320
Philco	HIT_P8	720	1560	320
Philco	P13	720	1600	320
Philco	PCS01	720	1440	320
Philco	PCS02	720	1560	320
Philco	PHILCO_TP7A6	600	1024	160
Philco	PTB7PAP_ PTB7PAB _ PTB7PAR	600	1024	160
Philco	PTB7QSG_3G	600	1024	160
Philco	PTB7R	600	1024	160
Philco	PTB8R	800	1280	213
Philco	PTB8R4G	800	1280	213
Philco	TP10A332	800	1280	213
Philco	TP10A464	800	1280	213
Philco	TP10F	800	1280	160
Philco	TP7A464	600	1024	160
Philco	TP7A464D	600	1024	160
Philco	TP7A4N	600	1024	160
PHILCO (ar)	P510	480	854	240
PHILCO (ar)	P610	480	960	220
PHILCO (ar)	TP10A464D	800	1280	160
Philips	65BDL4152E	2160	3840	320
Philips	BDL4252E	2160	3840	480
Philips	E1027	800	1280	160
Philips	Essence 11	720	1600	320
Philips	Essence 21	720	1600	480
Philips	OmniTab 1	1200	1920	320
Philips	Philips S260	480	960	240
Philips	Philips S318	720	1280	320
Philips	Philips S337	480	854	240
Philips	Philips S397	720	1440	320
Philips	Philips S561	720	1440	320
Philips	Philips S6206	720	1640	260
Philips	PHILIPS S6210	720	1612	320
Philips	PHILIPS S6210T	720	1600	320
Philips	PHILIPS S6310	720	1612	320
Philips	Philips S6320T	720	1600	480
Philips	PHILIPS S7710	720	1612	320
Philips	Philips S8310 EEA	720	1600	260
Philips	Philips S8320 EEA	720	1600	260
Philips	Philips S8325	720	1600	260
Philips	Philips V787	1080	1920	480
Philips	Philips X818	1080	1920	480
Philips	S309	480	800	240
Philips	S326	720	1280	320
Philips	S327	720	1280	320
Philips	S6122	720	1600	340
Philips	S6133S	720	1600	320
Philips	S7210	720	1600	320
Philips	S7220	720	1600	320
Philips	S8306	720	1640	300
Philips	T7250	1600	2560	320
Philips	T7305_TU	800	1280	213
Philips	T7305L_TU	800	1280	213
Philips	T7310_RU	1200	1920	280
Philips	T7315	800	1280	213
Philips	T7335	800	1340	280
Philips	T8010A	800	1280	213
Philips	T8015	1200	1920	240
Philips	T8015S	1200	1920	240
Philips	X586	720	1280	320
Philips	X588	720	1280	320
Philips	X818	1080	1920	480
Philips	Xenium S266	720	1560	320
Philips	Xenium S386	720	1280	320
Philips	Xenium S566	720	1560	320
Philips	Xenium V377	720	1280	320
Phoenix	PHONETABPRO	1200	1920	240
Phoenix Note	PPS2022-P156	1080	1920	160
Phone Max	M10	1080	2280	480
Phone Max	M3PRO	720	1560	320
Phone Max	P1000	1080	2400	480
Phone Max	P20 Pro	1080	2400	480
Phone Max	R4 GT	540	1200	280
Phone Max	T1_N	800	1280	260
Phone Max	X1	720	1440	320
Phone Max	X1_Pro	720	1440	320
PicassoTab	PicassoTab_A10	800	1280	180
PicassoTab	PicassoTab_X11	1200	2000	240
PicassoTab	PicassoTab_X11_2025	1200	2000	240
PINOCCHIO	SGWIFIPAD320093	800	1280	213
Pioneer	SDA-80TAB	800	1280	213
Pioneer	SDA-835TAB	800	1280	213
Pioneer	SDA-8TAB	800	1280	213
Pioneer	XDP-100R	720	1280	320
Pioneer	XDP-300R	720	1280	320
Piranha	Piranha8032	800	1280	160
Pitney Bowes	SendPro C Series	600	1024	160
PIXART	Pixart_P20	800	1280	213
PIXART	SZ10M68	800	1280	160
PIXGOOD	M103-EEA	1200	1920	240
PIXGOOD	M323-EEA	800	1280	160
PIXGOOD	M328-EEA	1200	1920	213
PIXGOOD	M618-EEA	1200	2000	240
PIXGOOD	M902-EEA	800	1280	213
PIXPEAK	L60-EEA	800	1280	200
PIXPEAK	M186-EEA	1200	1920	280
PIXPEAK	M258-EEA	1200	1920	213
PIXPEAK	P107-EEA	1200	1920	240
PIXPEAK	Tablet	1200	2000	240
PIXPEAK	U921	1200	1920	240
PIXPEAK	U921-EEA	1200	1920	240
PIXPRO	PIXPRO L1 PRO	720	1440	320
PIXPRO	VisionTab_10	800	1280	180
Pixus	Pixus_Arena	1200	2000	240
Pixus	Pixus_Blast	1200	1920	240
Pixus	Pixus_Combo	1200	1920	280
Pixus	Pixus_Deon	800	1280	320
Pixus	Pixus_Drive	1200	2000	320
Pixus	Pixus_Falcon	1200	2000	320
Pixus	Pixus_Folio	1200	1920	360
Pixus	Pixus_Hammer	1200	1920	240
Pixus	Pixus_Joker	1200	1920	240
Pixus	Pixus_Line	800	1280	180
Pixus	Pixus_Sprint	800	1280	160
Pixus	Pixus_Sprint_2_16	800	1280	213
Pixus	Pixus_Titan	1200	2000	320
Pixus	Pixus_Touch_7_3G	600	1024	160
Pixus	Pixus_Wing	1200	2000	240
Plaisio	Aqua	800	1280	160
Plaisio	Aqua_II	800	1280	160
Plaisio	Calltab2GB10.1"	800	1280	160
Plaisio	Fire	800	1280	160
Planet Computers	Astro_Slide_5G_Transformer	1080	2340	480
Planet Computers	Cosmo_Communicator	1080	2160	480
Planet Computers	Gemini	1080	2160	480
Plimpton	Kids10_A15	800	1280	213
Plimpton	Kids10_A15_EEA	800	1280	213
Plimpton	Kids20	800	1280	213
Plimpton	Kids20_PA15	800	1280	213
Plimpton	Kids20A14	800	1280	213
Plimpton	Kids20A14_EEA	800	1280	213
Plimpton	Kids20A15	800	1280	160
Plimpton	Kids_10	800	1280	160
Plimpton	Kids_10_EEA	800	1280	213
Plimpton	Kids_10_ver13	800	1280	213
Plimpton	Kids_10_ver14	800	1280	213
Plimpton	Kids_10_ver14_EEA	800	1280	213
Plimpton	Kids_8	800	1280	213
Plimpton	P1A15	800	1280	213
Plimpton	P2	800	1280	160
Plimpton	P60Plus	1200	1920	240
Plimpton	P60Pro	800	1280	213
Plimpton	P70_14	800	1280	213
Plimpton	P8	800	1280	213
Plimpton	P8Pro	800	1280	213
Plimpton	P8ProA14	800	1280	213
Plimpton	P8ProA14_EEA	800	1280	213
Plimpton	Paper_8	800	1280	160
Plimpton	PlimPad_P3	800	1280	160
Plimpton	PlimPad_P3_Pro	800	1280	160
Plimpton	PlimPad_P60	1200	1920	320
Plimpton	X100	1200	1920	320
PLOYER	A1190	800	1280	213
PLOYER	CP-518	800	1280	213
PLOYER	CP-519	1200	1920	280
Plum	Z555	720	1440	320
Plum	Z570	720	1440	320
Plum	Z711	800	1280	213
Plum	Z712	600	1024	213
Plusone	FTJ152C	720	1280	320
Plusone	FTJ161A	480	800	240
Plusone	Priori 3	480	854	240
Plusone	Priori3S	720	1280	320
PlusStyle	PS_TAB_WB01	1200	1920	240
Pluzz	P13	1080	2340	480
PN_RAVEC	PN_RAVEC_TABLETTE	1200	1920	240
POCKAM	P10	800	1280	213
POCKAM	P10 Kid	800	1280	213
POCKAM	P10 Pro	800	1280	213
POCKAM	P11	800	1280	213
POCKAM	P11 Pro	1200	1920	280
POCKAM	P12	1200	2000	280
POCKAM	P12 Pro	1200	2000	280
POCKAM	P13	1200	1920	280
POCKAM	P13 Pro	1200	1920	280
POCKAM	P9T-P	1600	2400	320
POCO	POCO C31	720	1600	320
POCO	POCO C50	720	1600	320
POCO	POCO C51	720	1600	320
POCO	POCO C55	720	1650	320
POCO	POCO C61	720	1650	320
POCO	POCO C65	720	1600	320
POCO	POCO C71	720	1640	320
POCO	POCO C75	720	1640	320
POCO	POCO C75 5G	720	1640	320
POCO	POCO C81 Pro	720	1600	320
POCO	POCO C85	720	1600	320
POCO	POCO C85 5G	720	1600	320
POCO	POCO C85x 5G	720	1600	320
POCO	POCO F2 Pro	1080	2400	440
POCO	POCO F3	1080	2400	440
POCO	POCO F3 GT	1080	2400	440
POCO	POCO F4	1080	2400	440
POCO	POCO F4 GT	1080	2400	440
POCO	POCO F5	1080	2400	440
POCO	POCO F6	1220	2712	480
POCO	POCO F6 Pro	1440	3200	560
POCO	Poco F7	1280	2772	520
POCO	Poco F7 Pro	1440	3200	600
POCO	Poco F7 Ultra	1080	2400	600
POCO	POCO F8 Pro	1156	2510	480
POCO	POCO F8 Ultra	1200	2608	480
POCO	POCO M2	1080	2340	440
POCO	POCO M2 Pro	1080	2400	440
POCO	POCO M3	1080	2340	440
POCO	POCO M3 Pro 5G	1080	2400	440
POCO	POCO M4 5G	1080	2408	440
POCO	POCO M4 Pro	1080	2400	440
POCO	POCO M4 Pro 5G	1080	2400	440
POCO	POCO M5	1080	2408	440
POCO	POCO M6	1080	2460	440
POCO	POCO M6 Plus 5G	1080	2460	440
POCO	POCO M6 Pro	1080	2400	440
POCO	POCO M6 Pro 5G	1080	2460	440
POCO	POCO M7	1080	2340	450
POCO	POCO M7 5G	720	1640	320
POCO	POCO M7 Plus 5G	1080	2340	450
POCO	POCO M7 Pro 5G	1080	2400	450
POCO	Poco M7 Pro 5G	1080	2400	450
POCO	POCO M8 5G	1080	2392	450
POCO	POCO M8 Power 5G	1080	2396	450
POCO	POCO M8 Pro 5G	1280	2772	520
POCO	POCO Pad	1600	2560	320
POCO	POCO Pad C1	1280	2048	280
POCO	POCO Pad M1	1600	2560	320
POCO	POCO X2	1080	2400	440
POCO	POCO X3	1080	2400	440
POCO	POCO X3 NFC	1080	2400	440
POCO	POCO X3 Pro	1080	2400	480
POCO	POCO X4 GT	1080	2460	440
POCO	POCO X4 Pro 5G	1080	2400	440
POCO	POCO X5 Pro 5G	1080	2400	440
POCO	POCO X6 5G	1220	2712	480
POCO	POCO X6 Pro 5G	1220	2712	480
POCO	POCO X7	1220	2712	520
POCO	POCO X7 Pro	1220	2712	520
POCO	POCO X8 Pro	1268	2756	520
POCO	POCO X8 Pro Max	1280	2772	520
Point Mobile	PM30	720	1280	320
Point Mobile	PM351	480	800	240
Point Mobile	PM352	480	800	200
Point Mobile	PM45	1080	1920	480
Point Mobile	PM451	480	800	240
Point Mobile	PM452	480	800	200
Point Mobile	PM550	480	800	240
Point Mobile	PM66	480	800	240
Point Mobile	PM67	480	800	240
Point Mobile	PM68	480	800	200
Point Mobile	PM75	720	1440	320
Point Mobile	PM80	720	1280	320
Point Mobile	PM84	720	1440	280
Point Mobile	pm85	1080	1920	480
Point Mobile	PM86	1080	1920	440
Point Mobile	PM90	720	1280	320
Point Mobile	PM95	1080	2160	400
Point Mobile	PT11	1200	2000	240
Point Mobile	TR54	1200	1920	240
Point of view	TAB-P10232-3G	800	1280	213
Polaroid	BDL0232PR	800	1280	213
Polaroid	BDL1064PR001	800	1280	213
Polaroid	BDL424	800	1280	213
Polaroid	BDLE716	600	1024	160
Polaroid	Connect4G	800	1280	160
Polaroid	Cosmo L	480	854	213
Polaroid	Cosmo Z	720	1280	320
Polaroid	MID1064FHDP	1200	1920	213
Polaroid	MID1464PR001	1200	1920	240
Polaroid	MID4004JBL	800	1280	160
Polaroid	MID4G64PR002	600	1024	213
Polaroid	Mobility3G	800	1280	160
Polaroid	P4526A	480	854	240
Polaroid	P5006A	480	854	240
Polaroid	P5526A	480	854	240
Polaroid	PMID7102DC	600	1024	213
Polaroid	POMDTB005	800	1280	160
Polaroid	POMDTB006	800	1280	213
Polaroid	PRO5584PGE01	720	1440	320
Polaroid	PSPCL20A0	480	854	213
Polytron	P500	720	1280	320
Polytron	POLYTRON P552	1080	1920	480
Polytron	POLYTRON R2509	720	1280	320
Polytron	PRIME A8	720	1280	320
POPTEL	P60	1080	2160	480
POPTEL	P8	480	960	240
POPTEL	P9000 MAX	1080	1920	480
POPTEL	POPTEL P10	640	1280	320
POPTEL	V9	800	1280	320
Porodo	Ultra_Max_10_1	1200	1920	300
Porsche	SDIS1	1200	1920	240
PORTFOLIO	P9001	800	1280	160
Portworld	YC-M10	800	1280	160
POS Terminal	mPOS	1080	1920	160
Posiflex	MK_1000	768	1366	160
Positivo	BGH 7Di-A	600	1024	160
Positivo	M10 4G PRO X	800	1280	213
Positivo	Positivo Q20	720	1560	320
Positivo	Positivo T1075B	800	1280	213
Positivo	S620	480	1014	280
Positivo	Selfie	480	854	240
Positivo	Slim	480	854	240
Positivo	SP2	720	1440	320
Positivo	T1060	800	1280	160
Positivo	T1075	800	1280	160
Positivo	T1085	800	1280	160
Positivo	T2040	800	1280	240
Positivo	T2050C	800	1280	213
Positivo	T2070D	800	1280	180
Positivo	T3010D	1080	2248	480
Positivo	T800	800	1280	213
Positivo	T810	800	1280	213
Positivo	T810C	800	1280	213
Positivo	Tab Q10	800	1280	213
Positivo	TL10	1200	2000	240
Positivo	TUPI 1500	1080	1920	213
Positivo	Twist	480	854	240
Positivo	Twist 2	480	960	240
Positivo	Twist 2 Fit	480	854	240
Positivo	Twist 2 Go	480	960	240
Positivo	Twist 2 Pro	720	1440	320
Positivo	Twist 2018	480	854	240
Positivo	Twist 4	720	1440	320
Positivo	Twist 4 Fit	480	854	200
Positivo	Twist 4 Mini	480	800	240
Positivo	Twist 4 Pro	720	1440	320
Positivo	Twist 4G	480	854	200
Positivo	Twist 5 Max	720	1600	320
Positivo	Twist 5 Pro	480	1014	200
Positivo	Twist Metal	480	854	240
Positivo	Twist Metal 32G	480	854	213
Positivo	Twist Tab	600	1024	160
Positivo	Twist Tab Kids	600	1024	160
Positivo	Twist XL	720	1280	320
Positivo	Union US2070	768	1366	160
Positivo	Vaio TL12	1600	2560	360
Positivo	Vision Tab 11	1200	1920	240
Positivo	Vision Tab 7	600	1024	160
Positivo	Ypy AB10H	800	1280	160
Positivo BGH	BGH Series Q10	800	1280	213
Positivo BGH	BGH Y700	600	1024	160
Positivo BGH	G1036	800	1280	160
Positivo BGH	G1101T	800	1280	160
Positivo BGH	KC770	600	1024	160
Positivo BGH	Positivo BGH +Simple	800	1280	160
Positivo BGH	Y1000	800	1280	160
POSSAFE	OrderGo5_EEA	720	1440	320
POSSAFE	OrderGo7	720	1600	320
POSSAFE	OrderGo_6_TR	720	1440	320
Postef	RAISECOM_M6511	720	1600	320
POWERPAD	G11pro	1200	1920	320
POWMUS	L211-EEA	800	1280	213
POWMUS	L30	1200	1920	240
POWMUS	L60	800	1280	200
Pozzi	Pozzi Neo 1	720	1600	280
Pozzi	Turbo	720	1600	220
PRAZteck	PT7EduPad	600	1024	160
Precision Biometric	PBTAB-100	600	1024	213
Precision Biometric	PBTAB100-2G4	600	1024	160
Premier	MAXI 20	720	1520	320
Premier	Premier_P50	1080	2400	480
Premier	TAB-7304-16G3GS	800	1280	210
Premier	TAB-7769-32G4GS	800	1280	213
Premier	TAB-7887-32G3GB	600	1024	160
Premier	TAB-7888-32G3GB	800	1280	213
Premier	TAB-9440-128G4G	800	1280	213
Premio	186HS1080233	720	1612	320
Premio	AXE_II	720	1440	320
Premio	ECHO	800	1280	213
Premio	PREMIO_S58	480	854	213
Premio	PREMIO_S89	480	1014	213
Premio	S51	480	854	240
Premio	S54	480	854	213
Premio	S55	540	960	240
Premio	S56	480	960	200
Premio	S57	480	960	240
Premio	S59	480	854	180
Premio	S75	480	960	220
Premio	S80	720	1440	320
Premio	S81	480	960	213
Premio	S82	480	960	213
Premio	S83	480	960	198
Premio	S85	480	960	198
Premio	S86	480	960	240
Premio	S87	480	960	213
Premio	S88	480	1014	213
Premio	S93	720	1520	320
Premio	S94	480	960	200
Premio	TAB7	600	1024	213
Premio	TAB8	800	1280	213
Premio	TAB_7_1	600	1024	213
Premio	TAB_8.1	800	1280	240
Premio	X70-2021	720	1600	320
Premio	X750-2021	720	1560	320
Premio	X76	720	1520	320
Premio	X77	720	1600	320
Premio	X80	480	996	240
Premio	X81	600	1280	280
Premio	X84	720	1520	320
Premio	X85	720	1560	320
Premio	X85 PRO	720	1612	320
Premio	X86	720	1560	320
Premio	X87	720	1560	320
Premio	X88	720	1560	320
Premio	X91	720	1600	320
Premio	X95	720	1600	320
Premio	X96	720	1600	320
Premio	X97	720	1600	320
Premio	Z1	720	1600	320
preo	PTAB_P8	800	1280	160
preo	PTABP10	800	1280	160
Prestige	PMT5778_4G	1200	1920	240
Prestigio	CD80A5G	800	1280	213
Prestigio	Grace 3778 3G	800	1280	160
Prestigio	Grace 3878 4G	800	1280	160
Prestigio	GRACE P5	720	1280	320
Prestigio	HP10A4L	800	1280	213
Prestigio	HP10A5L	800	1280	213
Prestigio	HP80A16G	800	1280	213
Prestigio	HP80A21G	800	1280	213
Prestigio	MULTIPAD WIZE 3121	600	1024	160
Prestigio	MUZE E5 LTE	720	1440	320
Prestigio	PMT1107_4G_D_RU	600	1024	160
Prestigio	PMT1177_ 4G	600	1024	160
Prestigio	PMT1177_3G	720	1280	160
Prestigio	PMT1196_3G	800	1280	213
Prestigio	PMT3104_Wi_D_RU	800	1280	160
Prestigio	PMT3151_3G_D_CIS	800	1280	213
Prestigio	PMT3171_3G	800	1280	160
Prestigio	PMT3197_W_D_EU	600	1024	160
Prestigio	PMT3197_W_EU	600	1024	160
Prestigio	PMT3208_3G	800	1280	160
Prestigio	PMT3231_4G_D_EEA	800	1280	160
Prestigio	PMT3301_4G	800	1280	160
Prestigio	PMT3351_3G	800	1280	160
Prestigio	PMT3607_4G	600	1024	160
Prestigio	PMT3608_4G	800	1280	160
Prestigio	PMT3718_3G	800	1280	160
Prestigio	PMT3851_4G	800	1280	160
Prestigio	PMT4111_3G	800	1280	160
Prestigio	PMT4117_3G_EEA	600	1024	160
Prestigio	PMT4131_4G	800	1280	160
Prestigio	PMT4137_4G	600	1024	160
Prestigio	PMT4137_4G_EEA	600	1024	160
Prestigio	PMT4208_3G_EEA	800	1280	240
Prestigio	PMT4231_4G_D_RU	800	1280	160
Prestigio	PMT4238_4G_RU	800	1280	213
Prestigio	PMT4337_3G_RU	600	1024	213
Prestigio	PMT4511_4G_RU	800	1280	213
Prestigio	PMT5002_Wi	800	1280	160
Prestigio	PMT5011_3G	800	1280	160
Prestigio	PMT5771_4G	1200	1920	240
Prestigio	PMT5887_3G	800	1280	213
Prestigio	PMT7077_3G	768	1024	160
Prestigio	PMT7177_3G	800	1280	160
Prestigio	PSP3471DUO	480	960	240
Prestigio	PSP3515DUO_RU	720	1280	320
Prestigio	PSP3531DUO	720	1280	320
Prestigio	PSP3551	480	854	240
Prestigio	PSP5516DUO	720	1280	320
Prestigio	PSP5522DUO	720	1280	320
Prestigio	PSP5531	720	1280	320
Prestigio	PSP5552DUO	720	1280	320
Prestigio	PSP7511DUO	720	1280	320
Prestigio	PSP7512DUO	640	1280	320
Prestigio	PSP7530DUO	720	1280	320
Prestigio	PSP7550DUO	720	1280	320
Prestigio	PSP7610DUO	720	1560	320
Prestigio	TC10A3L	1200	1920	240
Prestigio	TC70A1G	600	1024	213
Prestigio	Wize 3131 3G	800	1280	160
Prestigio	Wize 3147 3G	600	1024	160
Prestigio	Wize 3401 3G	800	1280	160
Prestigio	Wize 3731 3G	800	1280	160
Prestigio	WIZE YA3	480	800	240
Prestigio_Solutions	PSTA111	800	1280	213
Prestigio_Solutions	PSTA112	800	1280	213
Prestigio_Solutions	Virtuoso PSTA101	1200	2000	280
Pretech	L1108	1200	1920	240
Pretech	WP101	800	1280	160
Pritom	1AZ2P_eea	1080	1920	280
Pritom	K7	600	1024	160
Pritom	K7_A05	600	1024	160
Pritom	K7_A05_EEA	600	1024	160
Pritom	K7_A101	600	1024	160
Pritom	K7_A101_EEA	600	1024	160
Pritom	K7_A102	600	1024	160
Pritom	K7Pro	600	1024	160
Pritom	K7Pro_EEA	600	1024	160
Pritom	L10	800	1280	160
Pritom	L10_EEA	800	1280	160
Pritom	L10_T07	800	1280	180
Pritom	L10_T13	800	1280	213
Pritom	L10_T13_EEA	800	1280	213
Pritom	L8	800	1280	213
Pritom	L8-T01	800	1280	213
Pritom	L8_A01	800	1280	213
Pritom	L8_B01	800	1280	213
Pritom	L8_B02	800	1280	213
Pritom	L8_B02_EEA	800	1280	213
Pritom	L8_B03	800	1280	213
Pritom	L8_B03_EEA	800	1280	213
Pritom	L8_B03_Kids_EEA	800	1280	213
Pritom	L8_B04	800	1280	213
Pritom	L8_B04_EEA	800	1280	213
Pritom	L8_C01	800	1280	213
Pritom	L8_C01_EEA	800	1280	213
Pritom	L8_C02	800	1280	213
Pritom	L8_C02_EEA	800	1280	213
Pritom	L8_EEA	800	1280	213
Pritom	L8_PRO	800	1280	213
Pritom	L8_PRO_EEA	800	1280	213
Pritom	M10	800	1280	160
Pritom	M10_A01_EEA	800	1280	213
Pritom	M10_Air_EEA	800	1280	160
Pritom	M10_B01	800	1280	160
Pritom	M10_B01_EEA	800	1280	160
Pritom	M10_B05	800	1280	160
Pritom	M10_B05_EEA	800	1280	213
Pritom	M10_B06	800	1280	160
Pritom	M10_B07	800	1280	160
Pritom	M10_B07_EEA	800	1280	160
Pritom	M10_B08	800	1280	213
Pritom	M10_B08EEA	800	1280	160
Pritom	M10_B09	800	1280	160
Pritom	M10_B09_EEA	800	1280	160
Pritom	M10_B09K	800	1280	160
Pritom	M10_C01	800	1280	213
Pritom	M10_C01_EEA	800	1280	213
Pritom	M10_C02	800	1280	213
Pritom	M10_C02_EEA	800	1280	213
Pritom	M10_C03	800	1280	213
Pritom	M10_C03_EEA	800	1280	213
Pritom	M10_C04	800	1280	213
Pritom	M10_C04_EEA	800	1280	213
Pritom	M10_C05	800	1280	213
Pritom	M10_C05_EEA	800	1280	213
Pritom	M10_C05_Kids	800	1280	160
Pritom	M10_C06_Kids	800	1280	160
Pritom	M10_C07	800	1280	160
Pritom	M10_C07_EEA	800	1280	160
Pritom	M10_C07_Kids	800	1280	160
Pritom	M10_C10	800	1280	160
Pritom	M10_C10_EEA	800	1280	160
Pritom	M10_Lite	1200	1920	280
Pritom	M10_Max	800	1280	180
Pritom	M10_Max_EEA	800	1280	180
Pritom	M10_PLUS_EEA	800	1280	160
Pritom	M10_PRO	800	1280	160
Pritom	M10_PRO_EEA	800	1280	160
Pritom	M10_R01	800	1280	160
Pritom	M10_R01_EEA	800	1280	160
Pritom	M10_R02	800	1280	160
Pritom	M10_R02_EEA	800	1280	160
Pritom	M10_R03	800	1280	160
Pritom	M10_R04	800	1280	160
Pritom	M10_R06	800	1280	160
Pritom	M10_R06_Kids_EEA	800	1280	160
Pritom	M20	800	1280	160
Pritom	M30	1080	1920	240
Pritom	M30_EEA	800	1280	190
Pritom	P7	600	1024	160
Pritom	P7_A03	600	1024	160
Pritom	P7_A04	600	1024	160
Pritom	P7_A05	600	1024	160
Pritom	P7_A06	600	1024	160
Pritom	P7_A06_EEA	600	1024	160
Pritom	P7_A07	600	1024	160
Pritom	P7_A07_EEA	600	1024	160
Pritom	P7_A08	600	1024	160
Pritom	P7_A10_M	600	1024	160
Pritom	P7_EEA	600	1024	160
Pritom	P7PLUS	1200	1920	320
Pritom	P7PLUS_EEA	1200	1920	320
Pritom	P7PRO	600	1024	213
Pritom	P7PRO_EEA	600	1024	160
Pritom	S84	480	960	198
Prixton	Expert	800	1280	213
Prixton	Nova	800	1280	213
Prixton	T9120_EEA	800	1280	213
Prodigi Connect12	Prodigi Connect 12	1080	1920	240
ProDVX	APPC-10SLBe	800	1280	160
Proline	base10.3g silver	800	1280	160
Proline	H10888M	800	1280	160
Promark	PRO AT Series	2160	3840	480
Promethean	ActivPanel-LE	2160	3840	320
Promethean	Promethean OPS-A1	1080	1920	160
Promethean	Promethean OPS-A2	2160	3840	320
Proscan	PELTDV1029	800	1280	160
PROTON	Eagle X	720	1600	480
PROTON	Glory_i30	720	1600	320
PROTON	HyperX	1080	2460	480
PROTON	Infinity 8	720	1640	480
PROTON	P25 Ultra	720	1600	280
PROTON	Power 50	720	1600	480
PROTON	Proton_X10_Pro	720	1612	280
PROTON	X20 Pro	720	1612	280
PROTON	Zen 6T	720	1600	320
prowise	Prowise_TSxG4	2160	3840	480
PTEZ	EZ24	480	854	200
Pulsaris	Fresh	720	1560	320
Pulsaris	Pluma	480	854	220
Punos	Punos X10	800	1280	160
Punos	Punos X8 PTX822G	800	1280	180
Punos	Punos_10	800	1280	213
Punos	XR10_Tablet	800	1280	160
Punos	XR8_Tablet	800	1280	160
Q-electronics	QP-TAQC70	600	1024	160
Q-electronics	QP-TAQC80	800	1280	160
Q7mobile	S11	720	1640	320
Q7mobile	S25	720	1640	320
QBell	QPHONE_10_1	600	1280	240
QCELL	Qsmart	480	960	200
QCELL	Qsmart	720	1600	320
Qilive	Q1-21	800	1280	160
Qilive	Q10T10INP	800	1280	160
Qilive	QT19101	800	1280	160
Qilive	QT19101HV	1200	1920	213
Qilive	QT201101L	800	1280	213
Qilive	QT2108BP	800	1280	160
Qilive	QT2110BP	1200	1920	240
Qilive	QT22101B	800	1280	160
Qilive	QT22103BP	800	1332	200
Qilive	QT2308BK	1200	1920	240
Qilive	QT23109BP	1200	2000	240
Qilive	QT23126BP	1600	2560	320
Qilive	QT24101B	800	1280	200
Qilive	QT24105BP	1200	1920	210
Qilive	QT24109B	1200	1920	240
QIN(cn)	F22 Pro	640	960	240
Qisur	R106	800	1280	160
QIUWOKY	C10S	800	1280	160
Qlink	Scepter 8 Tablet	800	1280	160
Qlink	scepter8	800	1280	213
Qlink	Scepter_8	800	1280	213
QMobile	Blue 5	480	854	240
QMobile	Dual One	720	1280	320
QMobile	E1	720	1280	320
QMobile	E2	720	1280	320
QMobile	ENERGY X1	480	854	240
QMobile	ENERGY X2	720	1280	320
QMobile	Evok Power	720	1280	320
QMobile	GLi 2020	480	800	240
QMobile	GLi Lite	480	800	240
QMobile	HD Plus	720	1440	320
QMobile	i2 PRO	480	854	240
QMobile	i5.5	720	1280	320
QMobile	i5i 2018	480	854	240
QMobile	i6 Metal 2017	480	854	240
QMobile	i6 Metal One	480	854	240
QMobile	i7i 2020	480	854	240
QMobile	i8i	480	854	240
QMobile	i8i 2019	480	960	240
QMobile	i8i PRO	480	854	240
QMobile	i8i_Pro_Ⅱ	480	960	240
QMobile	J2	480	854	240
QMobile	J5	720	1280	320
QMobile	LT100	480	800	240
QMobile	LT700 PRO	720	1280	320
QMobile	M350 Pro	720	1280	320
QMobile	Phantom_P1	720	1440	320
QMobile	Phantom_P1_Pro	720	1440	320
QMobile	Q Infinity	720	1440	320
QMobile	Q Infinity C	480	960	240
QMobile	Q Infinity D	480	960	240
QMobile	Q Infinity E	480	960	240
QMobile	Q Infinity E Lite	480	960	240
QMobile	Q Infinity Prime	720	1440	320
QMobile	QTab_Y1_2M	600	1024	240
QMobile	QTab_Y2	800	1280	240
QMobile	QTab_Y3	800	1280	240
QMobile	Rocket Pro	600	1280	240
QMobile	S4	720	1280	320
QMobile	S6	720	1280	320
QMobile	S6 PLUS	720	1280	320
QMobile	S6S	720	1280	320
QMobile	S8	720	1280	320
QMobile	V100	600	1024	160
QMobile	V500	800	1280	160
QMobile	VIEW PRO	720	1560	320
QMobile	X32	480	800	240
QMobile	X32 Power	480	800	240
QMobile	X36	480	800	240
QMobile	X700 PRO	480	854	240
QMobile	X700 PRO II	480	854	240
QMobile	X700 PRO Lite	480	854	240
QMobile	XLi	480	800	240
QMobile	Z12	720	1280	320
QMobile	Z12 PRO	1080	1920	480
QMobile	Z14	1080	1920	480
QOMO	QITBBxxI	2160	3840	480
QPS Digital Electronics	ASIUR_101	800	1280	213
QPS Digital Electronics	KID15	600	1024	160
QPS Digital Electronics	KIDS01	600	1024	160
QPS Digital Electronics	P50	800	1280	213
QPS Digital Electronics	T1	1200	1920	213
Qriom	QA15-101	800	1280	213
Qriom	QA15-80	800	1280	213
Qsmart	GLi	480	800	240
Qsmart	Hot 1	720	1480	320
Qsmart	Hot 5	720	1520	320
Qsmart	i10 2019	480	960	240
Qsmart	i10_2020	480	960	240
Qsmart	i6i_2020	480	854	240
Qsmart	LT900	480	960	240
Qsmart	LT950	480	960	240
Qsmart	QSmart Blaze	720	1600	280
Qsmart	QSmart i4i	480	960	240
Qsmart	QSmart Rocket	600	1280	240
Qsmart	QSmart Ultra	720	1600	320
Qsmart	QSmart X10	720	1440	320
Qsmart	QSmart X40	720	1440	320
Qsmart	Rocket_Lite	480	960	240
Qsmart	Smart 8	720	1600	320
Qsmart	Smart HD Pro	720	1440	320
Qsmart	View	720	1560	320
Qsmart	View Max	720	1600	280
Qsmart	View Max Pro	720	1600	280
QTab	V5	600	1024	213
QTab	V5_Plus	600	1024	213
Qtouch	Q524	480	854	180
Qtouch	Q624	720	1600	320
Qtouch	Q624H	720	1612	320
Quantic	CM4805	800	1280	200
Quantic	CM4806	800	1280	200
Quantic	CM4861	1200	1920	240
Quantum	Elise_T65	1200	1920	240
Quantum	Elise_T65V	1200	1920	213
Quantum	Go	720	1280	320
Quantum	Mini	480	800	240
Quantum	MUV 3G	720	1280	320
Quantum	MUV PRO	720	1280	320
Quantum	MUV UP	720	1280	320
Quantum	Q-Test	720	1440	320
Quantum	Q03	480	1014	200
Quantum	Qrash	480	960	200
Quantum	Quantum Lio +	720	1440	320
Quantum	Quantum M	720	1440	260
Quantum	Quantum UP	480	960	240
Quantum	V	1080	1920	480
Quantum	You	720	1280	320
Quantum	You 2	720	1440	320
QUBO	Q7_Tablet	600	1024	213
QUBO	SP510	480	854	240
QUBO	T104_64GB	800	1280	160
QUBO	T10_32GB	800	1280	160
QUBO	T3G_Q07	600	1024	213
QUBO	X626	480	1014	213
QUBO	X626_4G	480	1014	213
QUBO	X668_32GB	720	1600	320
QUBO	X668_64GB	720	1600	320
QUBO	YKIDS_100_EEA	800	1280	160
QUEST	Amber	480	960	213
QUEST	Q8_Tablet	800	1280	213
QUEST	RAPTOR	480	960	213
QUEST	Vibe	720	1440	320
QUEST	VISION	720	1600	320
QUICK	U55	576	1280	240
qunyiCO	Y10	800	1280	160
qunyiCO	Y10_1	800	1280	160
qunyiCO	Y10_EEA	800	1280	160
qunyiCO	Y7	600	1024	160
qunyiCO	Y7_EEA	600	1024	160
QWILI	pula	480	960	240
RADDY	RADDY_JANJA	720	1600	320
RADDY	RADDY_JANJA_PRO	720	1600	320
Radger	Redmi 10 Prime	1080	2400	440
raemond	K50_EEA_C	800	1280	160
raemond	K70_C_EEA	800	1280	213
raemond	K70_US_C	800	1280	213
raemond	L90_ROW	800	1280	213
raemond	M70_A	800	1280	213
raemond	M70_EEA_A	800	1280	160
raemond	M70_ROW_A	800	1280	160
raemond	T30_ROW	800	1280	213
raemond	X70_EEA	800	1280	213
raemond	X90_EEA	800	1280	213
raemond	Z90_EEA	800	1280	213
rainx	Loop	1080	1920	400
Rakioo	X5	600	1024	160
Rakuten	C330	720	1280	320
Rakuten	Rakuten BIG s	1080	2340	480
Rakuten	Rakuten Hand	720	1520	320
Rakuten	Rakuten Hand5G	720	1520	320
RAMTECHNOLOGY	Star	600	1024	160
Ratel	Cell	1080	1920	420
RAVOZ	RAVOZ Z3	720	1520	320
RAVOZ	RAVOZ Z3 Pro	720	1560	320
RAVOZ	RAVOZ Z5 Pro	720	1560	320
RAVOZ	RAVOZ Z6 Lite	720	1600	320
RAVOZ	RAVOZ Z6 Pro	720	1600	320
RAVOZ	RAVOZ Z7	1080	2340	480
RAVOZ	RAVOZ Z7 Pro	1080	2400	480
RAVOZ	RAVOZ_V2	720	1600	320
RAVOZ	RAVOZ_V3	720	1600	320
RAVOZ	RAVOZ_V5	720	1600	320
RAVOZ	RAVOZ_V6	720	1612	320
RAVOZ	RAVOZ_V7	720	1600	480
RAVOZ	RAVOZ_V8	720	1640	320
RAVOZ	RAVOZ_V9	720	1612	480
RAVOZ	RAVOZ_Z6	720	1560	320
RAVOZ	RAVOZ_Z8	1080	2340	480
RAVOZ	Z3_Lite	720	1600	320
Rayan	AM_TAB_7_03	600	1024	213
Raylandz	P20 PLUS	1080	1920	480
Raylandz	P5000	720	1440	320
Raylandz	XPOWER_P6000	1080	2160	480
RAYO_MOVIl	Atlas	720	1600	320
RAYO_MOVIl	ATLAS 2	720	1600	320
RAYO_MOVIl	RAYO X1	720	1560	320
RAYO_MOVIl	X1Plus	720	1600	320
Razer	Phone 2	1440	2560	480
Razer	Razer Edge	1080	2400	360
Razer	Razer Edge 5G	1080	2400	360
Razer	Razer Phone	1440	2560	480
Razer	Razer phone	1440	2560	480
RCA	10 Viking	800	1280	160
RCA	10 Viking II	800	1280	160
RCA	10 Viking Pro	800	1280	160
RCA	11 Delta Pro	768	1368	160
RCA	11 Galileo Pro	600	1024	160
RCA	11 Maven Pro	768	1368	160
RCA	7 Voyager	600	1024	160
RCA	7 Voyager II	600	1024	160
RCA	7 Voyager III	600	1024	160
RCA	Artemis 10	800	1280	160
RCA	Atlas 10	800	1280	160
RCA	DRP2091Q	600	1024	160
RCA	Gemini 10 pro	800	1280	160
RCA	Juno 10	800	1280	160
RCA	Prime	720	1600	320
RCA	Pro10 Edition II	600	1024	160
RCA	RAKR30824	800	1280	213
RCA	RATM20831	800	1280	160
RCA	RATM21036	1200	1920	240
RCA	RATM30846	800	1340	160
RCA	RATM31046	1200	1920	240
RCA	RATM31249	1200	2000	240
RCA	RATM3144B	1200	1920	240
RCA	RATR30824	800	1280	213
RCA	RATR31024	800	1280	213
RCA	RC10T3G21	800	1280	160
RCA	RC10TB	800	1280	213
RCA	RC7T3G21	600	1024	160
RCA	RC8T3G21	800	1280	213
RCA	RCA DRP2091	600	1024	160
RCA	RCA RCT6213W22	768	1368	160
RCA	RCA RCT6213W23	768	1368	160
RCA	RCA RCT6213W24	768	1368	160
RCA	RCA RCT6613W23PU	768	1368	160
RCA	RCA RCT6703W13	800	1280	160
RCA	RCA RCT6716Q25	768	1368	160
RCA	RCA RCT6A03W12	800	1280	160
RCA	RCA RCT6A03W13E	800	1280	160
RCA	RCA RCT6B06P23	800	1280	160
RCA	RCA RCT6B86E12	800	1280	160
RCA	RCA RCT6S03W12	800	1280	160
RCA	RCA RCT6S03W14	800	1280	160
RCA	RCA Reno Max	720	1600	280
RCA	RCA_G2	480	960	240
RCA	RCS13101T	480	800	120
RCA	RCT6103W46	600	1024	160
RCA	RCT6203W46	600	1024	160
RCA	RCT6378W2	1080	1920	480
RCA	RCT6513W87DK5e	600	1024	160
RCA	RCT6513W87DK5eQ	600	1024	160
RCA	RCT6513W87DK5eQe	768	1368	160
RCA	RCT6613W23Q	768	1368	160
RCA	RCT6716Q23	768	1368	160
RCA	RCT6716Q24	768	1368	160
RCA	RCT6773W22	600	1024	160
RCA	RCT6773W42B	600	1024	160
RCA	RCT6873W42BMF8QE	600	1024	160
RCA	RCT6873W42BMF9A	600	1024	160
RCA	RCT6873W42M	600	1024	160
RCA	RCT6876Q22N	600	1024	160
RCA	RCT6973W43MDEU	600	1024	160
RCA	RCT6973W43R	600	1024	160
RCA	RCT6A06Q22	800	1280	160
RCA	RCT6B03Q23	800	1280	160
RCA	RCT6B06Q23	800	1280	160
RCA	RCT6T48Q35	1080	1920	213
RCA	RENO_NAPA	480	960	213
RCA	Reno_Pro	720	1440	320
RCA	TAB_One	800	1280	213
RCA	TAB_One_Plus	800	1280	213
RCA	Tab_Pro	800	1280	180
RCA	Voyager	600	1024	160
RCA	Voyager III	600	1024	160
RCA	Voyager Pro	600	1024	160
RCT	Pulse_10	800	1280	213
Readly	ReadlyReaderOne	800	1280	200
Realix	RxIS201	720	1480	320
Realix	RxIS202	1080	2160	480
realme	narzo 50 5G	1080	2408	480
realme	realme 10	1080	2400	480
realme	realme 10	1080	2408	480
realme	realme 10 Pro	1080	2400	480
realme	realme 10 Pro 5G	1080	2400	480
realme	realme 10 Pro+	1080	2412	480
realme	realme 10 Pro+ 5G	1080	2412	480
realme	realme 10s	1080	2408	480
realme	realme 11	1080	2400	480
realme	realme 11 5G	1080	2400	480
realme	realme 11 Pro+	1080	2412	480
realme	realme 11 Pro+ 5G	1080	2412	480
realme	realme 12 5G	1080	2400	480
realme	realme 12 Pro+ 5G	1080	2412	480
realme	realme 12+ 5G	1080	2400	480
realme	realme 13 5G	720	1604	480
realme	realme 13 5G	1080	2400	320
realme	realme 13+ 5G	1080	2400	480
realme	realme 14 Pro 5G	1080	2392	480
realme	realme 14T 5G	1080	2400	480
realme	realme 15 5G	1080	2392	480
realme	realme 15 5G	1280	2800	560
realme	realme 15 Pro 5G	1280	2800	480
realme	realme 15T	1080	2372	480
realme	realme 15x 5G	720	1570	320
realme	realme 16 5G	1080	2372	480
realme	realme 16 Pro 5G	1272	2772	560
realme	realme 16 Pro+ 5G	1280	2800	560
realme	realme 16T 5G	720	1570	320
Realme	realme 2 Pro	1080	2340	480
Realme	realme 3Pro	1080	2340	480
Realme	realme 5	720	1600	320
Realme	realme 5i	720	1600	320
Realme	realme 5Pro	1080	2340	480
Realme	realme 5pro	1080	2340	480
Realme	realme 6	1080	2400	480
Realme	realme 6i	720	1600	320
realme	realme 6Pro	1080	2400	480
Realme	realme 6s	1080	2400	480
realme	realme 7	1080	2400	480
realme	realme 7 5G	1080	2400	480
Realme	realme 7 Pro	1080	2400	480
Realme	realme 7i	720	1600	320
realme	realme 8	1080	2400	480
realme	realme 8 5G	1080	2400	480
realme	realme 8 Pro	1080	2400	480
realme	realme 8i	1080	2412	480
realme	realme 8s 5G	1080	2400	480
realme	realme 9	1080	2400	480
realme	realme 9 5G	1080	2400	480
realme	realme 9 5G Speed Edition	1080	2412	480
realme	realme 9 Pro+	1080	2400	480
realme	realme 9i	1080	2412	480
realme	realme 9Pro 5G	1080	2412	480
realme	realme C100	720	1570	320
realme	realme C100i	720	1570	320
Realme	realme C11	720	1600	320
realme	realme C11 2021	720	1600	320
Realme	realme C12	720	1600	320
Realme	realme C15	720	1600	320
Realme	realme C15 Qualcomm Edition	720	1600	320
Realme	realme C17	720	1600	320
realme	realme C20	720	1600	320
Realme	realme C21	720	1600	320
realme	realme C21 Y	720	1600	320
realme	realme C21-Y	720	1600	320
realme	realme C21Y	720	1600	320
realme	realme C25	720	1600	320
realme	realme C25s	720	1600	320
realme	realme C25Y	720	1600	320
Realme	realme C3	720	1600	320
realme	realme C30	720	1600	320
realme	realme C30s	720	1600	320
realme	realme C31	720	1600	320
realme	realme C33	720	1600	320
realme	realme C33 128GB	720	1600	320
realme	realme C35	1080	2408	480
realme	realme C51	720	1600	320
realme	realme C51s	720	1600	320
realme	realme C53	720	1600	320
realme	realme C55	1080	2400	480
realme	realme C61	720	1600	320
realme	realme C65	720	1604	320
realme	realme C67	1080	2400	480
realme	realme C75	1080	2400	480
realme	realme C75x	720	1604	320
realme	realme C85	720	1570	320
realme	realme GT 2	1080	2400	480
realme	realme GT 2 Pro	1440	3216	480
realme	realme GT 5G	1080	2400	480
realme	realme GT 6	1264	2780	560
realme	realme GT 6T	1264	2780	560
realme	realme GT 7 Pro	1264	2780	560
realme	realme GT 7T	1280	2800	560
Realme	realme GT Explorer Master Edition	1080	2400	480
realme	realme GT Master Edition	1080	2400	480
Realme	realme GT Neo 2	1080	2400	480
realme	realme GT NEO 3 150W	1080	2412	480
realme	realme GT NEO 3T	1080	2400	480
realme	realme GT Neo 5 SE	1240	2772	560
Realme	realme GT Neo2 5G	1080	2400	480
realme	realme GT3 240W	1240	2772	560
realme	realme GT5	1240	2772	560
realme	realme GT5 Pro	1264	2780	560
realme	realme narzo 20 Pro	1080	2400	480
Realme	realme narzo 20A	720	1600	320
realme	realme narzo 30	1080	2400	480
realme	realme Narzo 30 Pro 5G	1080	2400	480
Realme	realme narzo 30A	720	1600	320
realme	realme narzo 50A	720	1600	320
realme	realme narzo 50A Prime	1080	2408	480
realme	realme narzo 50i	720	1600	320
realme	realme narzo 50i Prime	720	1600	320
realme	realme narzo 60 5G	1080	2400	480
realme	realme NARZO 80 Pro 5G	1080	2392	480
realme	realme narzo N53	720	1600	320
realme	realme Note 50	720	1600	320
realme	realme Note 60x	720	1600	320
realme	realme Note 70	720	1600	320
realme	realme P1 Pro 5G	1080	2412	480
realme	realme P2 Pro 5G	1080	2412	480
realme	realme P3 5G	1080	2400	480
realme	realme P3 Lite	720	1604	320
realme	realme P3 Pro 5G	1272	2800	560
realme	realme P3 Ultra 5G	1272	2800	560
realme	realme P4 5G	1080	2392	480
realme	realme P4 Lite	720	1570	320
realme	realme P4 Power 5G	1280	2800	480
realme	realme P4 Pro 5G	1280	2800	480
realme	realme P4s 5G	1272	2772	560
realme	realme P4x	720	1570	320
realme	realme P4x 5G	1080	2400	480
realme	realme pad	1200	2000	240
realme	realme Pad 2	1200	2000	280
realme	realme Pad 2 Lite	1200	1920	280
realme	realme Pad 3	2000	2800	400
realme	realme Pad 3 5G	2000	2800	400
realme	realme Pad mini	800	1340	213
realme	realme Pad X	1200	2000	280
Realme	realme Q	1080	2340	480
realme	realme Q2 5G	1080	2400	480
realme	realme Q3 5G	1080	2400	480
realme	realme Q3 Pro Play	1080	2400	480
realme	realme Q3s	1080	2412	480
realme	realme Q5	1080	2412	480
realme	realme Q5 Pro	1080	2400	480
realme	realme Q5i	1080	2408	480
Realme	realme V11 5G	720	1600	320
realme	realme V15 5G	1080	2400	480
realme	realme V23	1080	2408	480
realme	realme V23i	720	1612	320
Realme	realme V3 5G	720	1600	320
realme	realme V5 5G	1080	2400	480
Realme	realme X2	1080	2340	480
Realme	realme X2Pro	1080	2400	480
Realme	realme X3	1080	2400	480
Realme	realme X50 5G	1080	2400	480
realme	realme X50 Pro	1080	2400	480
realme	realme X50 Pro Play	1080	2400	480
Realme	realme X50m 5G	1080	2400	480
Realme	realme X50t 5G	1080	2400	480
realme	realme X7 5G	1080	2400	480
realme	realme X7 Max	1080	2400	480
realme	realme X7 Pro	1080	2400	480
realme	realme X7Pro Ultra	1080	2400	480
Realme	realme XT	1080	2340	480
realme	realmeGT Neo5 240W	1240	2772	560
Realme	RMX2020	720	1600	320
realme	RMX3268	720	1600	320
realme	RMX3612	1080	2408	480
realme	RMX3771	1080	2412	480
realme	RMX3871	1080	2400	480
realme	RMX3940	720	1604	320
realme	RMX3944	1080	2400	480
realme	RMX3945	720	1604	320
realme	RMX3997	720	1604	320
realme	RMX5061	1264	2780	560
realme	RMX5200	1440	3136	640
realme	RMX5210	1440	3136	640
realme	RMX5261	720	1570	320
realme	RMX5555	1080	2344	480
realme	真我 GT NEO 3 150W	1080	2412	480
realme	真我 GT2 大师探索版	1080	2412	480
realme	真我 Q3 Pro 5G	1080	2400	480
realme	真我 V20	720	1600	320
realme	真我11 Pro	1080	2412	480
realme	真我12	1080	2400	480
realme	真我12 Pro	1080	2412	480
realme	真我12 Pro+	1080	2412	480
realme	真我13 Pro	1080	2400	480
realme	真我13 Pro至尊版	1080	2412	480
realme	真我14 Pro	1080	2392	480
realme	真我14 Pro+	1272	2800	560
realme	真我15	1080	2392	480
realme	真我15 Pro	1280	2800	480
realme	真我15T	1080	2372	480
Realme	真我GT	1080	2400	480
realme	真我GT 2	1080	2400	480
realme	真我GT 2 Pro	1440	3216	480
realme	真我GT Neo	1080	2400	480
Realme	真我GT Neo 闪速版	1080	2400	480
realme	真我GT Neo6	1264	2780	560
realme	真我GT Neo6 SE	1264	2780	560
realme	真我GT6	1264	2780	560
realme	真我GT7	1264	2780	560
realme	真我GT7 Pro	1264	2780	560
realme	真我GT7 Pro竞速版	1264	2780	560
realme	真我GT8	1440	3136	640
realme	真我Neo7	1264	2780	560
realme	真我Neo7 SE	1264	2780	560
realme	真我Neo7 Turbo	1280	2800	560
realme	真我Neo7x	1080	2400	480
realme	真我Neo8	1272	2772	560
realme	真我Q3s	1080	2412	480
Realme	真我V11s 5G	720	1600	320
realme	真我V13 5G	1080	2400	480
realme	真我V50	1080	2400	480
realme	真我V60 Pro	720	1604	320
realme	真我V60s	720	1604	320
realme	真我V70s	720	1604	320
Realtime	Realtime_T503F_L1	800	1280	160
Realtime	T503F	800	1280	240
Realtime	T503F_L1	800	1280	240
Rebecco	K30_EEA	800	1280	160
Rebecco	K30_EEA_B	800	1280	213
Rebecco	K30_ROW	800	1280	160
Rebecco	K30_ROW_B	800	1280	213
Rebecco	K50-R	800	1280	213
Rebecco	K50_EEA	800	1280	160
Rebecco	K50_EEA_B	800	1280	213
Rebecco	K50_ROW	800	1280	160
Rebecco	K50_ROW_B	800	1280	213
Rebecco	K70_EEA	800	1280	160
Rebecco	K70_EEA_B	800	1280	213
Rebecco	K70_ROW	800	1280	160
Rebecco	K70i_EEA	800	1280	160
Rebecco	K80_EEA_B	800	1280	213
Rebecco	K80_ROW	800	1280	213
Rebecco	K80_ROW_B	800	1280	186
Rebecco	L70_EEA	800	1280	213
Rebecco	M30_Pro	800	1280	213
Rebecco	M30Pro-a	1200	2000	213
Rebecco	M70_ROW	800	1280	213
Rebecco	X30_EEA	800	1280	213
Rebecco	Z50_EEA	800	1280	213
Rebecco	Z70_EEA	800	1280	213
RebotAi	A10_PRO_EEA	800	1280	180
RebotAi	A11	1600	2560	320
RebotAi	A11_EEA	1600	2560	320
RebotAi	A9_EEA	800	1340	240
RebotAi	AD11	1200	1920	213
RebotAi	AD11_EEA	1200	1920	213
RebotAi	AF12	1600	2400	343
RebotAi	AF13	1200	1920	213
RebotAi	AF13_EEA	1200	1920	213
RebotAi	B11_EEA	800	1280	180
RebotAi	D101	800	1280	180
RebotAi	D101_EEA	800	1280	180
Rectron	MX101M2	800	1280	213
RED	HydrogenONE	1440	2560	560
Red Mobile	Quick_5_0	480	854	240
Red Mobile	Volt L	480	960	240
Red-X	RX4505	480	854	240
Red-X	RX4559	480	960	240
Red-X	RX4802	800	1280	213
redbeat	D5	540	1200	240
redbeat	E3	720	1612	320
redbeat	redbeatA2	800	1280	213
redbeat	redbeatA2L	800	1280	213
redbeat	redbeatB2	800	1280	213
redbeat	redbeatC1	800	1280	213
redbeat	redbeatM2	1200	1920	280
redfox	P11	1200	2000	240
redfox	Wizpad_Valuer_R10S	720	1560	320
redfox	Wizpad_Valuer_R10S	720	1612	320
redfox	Wizpad_Valuer_R10X	800	1280	160
redfox	Wizpad_Valuer_V8	800	1280	213
REDLINE	Space_A10	800	1280	160
REDLINE	Space_A18	800	1280	213
REDLINE	Space_M10	800	1280	160
REDLINE	Space_M10Pro	1200	1920	240
REDMAGIC	红魔11 Air	1216	2688	520
Redmi	K30 PRO	1080	2400	440
Redmi	Mi 9T Pro	1080	2340	440
Redmi	POCO F5	1080	2400	440
Redmi	Redmi 10 2022	1080	2400	440
Redmi	Redmi 10 5G	1080	2408	440
Redmi	Redmi 10A	720	1600	320
Redmi	Redmi 10C	720	1650	320
Redmi	Redmi 10X	1080	2400	440
Redmi	Redmi 10X pro	1080	2400	440
Redmi	Redmi 11 Prime	1080	2408	440
Redmi	Redmi 12	1080	2460	440
Redmi	Redmi 12 5G	1080	2460	440
Redmi	Redmi 12C	720	1650	320
Redmi	Redmi 13	1080	2460	440
Redmi	Redmi 13 5G	1080	2460	440
Redmi	Redmi 13C	720	1600	320
Redmi	Redmi 13C 5G	720	1600	320
Redmi	Redmi 14C	720	1640	320
Redmi	Redmi 14C 5G	720	1640	320
Redmi	Redmi 15	1080	2340	450
Redmi	Redmi 15 5G	1080	2340	450
Redmi	Redmi 15C	720	1600	320
Redmi	Redmi 15C 5G	720	1600	320
Redmi	REDMI 17 5G	720	1600	320
Redmi	Redmi 6	720	1440	320
Redmi	Redmi 7	720	1520	320
Redmi	Redmi 7A	720	1440	320
Redmi	Redmi 8A	720	1520	320
Redmi	Redmi 8A Dual	720	1520	320
Redmi	Redmi 9	720	1600	320
Redmi	Redmi 9	1080	2340	440
Redmi	Redmi 9C	720	1600	320
Redmi	Redmi 9C NFC	720	1600	320
Redmi	Redmi 9T	1080	2340	440
Redmi	Redmi A1	720	1600	320
Redmi	Redmi A1+	720	1600	320
Redmi	Redmi A2	720	1600	320
Redmi	Redmi A2+	720	1600	320
Redmi	Redmi A3	720	1650	320
Redmi	Redmi A3 Pro	720	1640	320
Redmi	Redmi A3x	720	1650	320
Redmi	Redmi A4 5G	720	1640	320
Redmi	Redmi A5	720	1640	320
Redmi	REDMI A7 Pro	720	1600	320
Redmi	REDMI A7 Pro 5G	720	1600	320
Redmi	REDMI K Pad	1880	3008	450
Redmi	REDMI K Pad 2	1880	3008	450
Redmi	REDMI K100 Pro	1156	2510	480
Redmi	REDMI K100 Pro Max	1200	2608	480
Redmi	Redmi K20	1080	2340	440
Redmi	Redmi K20 Pro	720	1600	480
Redmi	Redmi K20 Pro	720	1604	480
Redmi	Redmi K20 Pro	1080	2340	480
Redmi	Redmi K20 Pro	1080	2376	480
Redmi	Redmi K20 Pro	1080	2388	480
Redmi	Redmi K20 Pro	1084	2412	480
Redmi	Redmi K20 Pro	1256	2760	480
Redmi	Redmi K30	1080	2400	440
Redmi	Redmi K30 5G	1080	2400	440
Redmi	Redmi K30 Ultra	1080	2400	440
Redmi	Redmi K30S Ultra	1080	2400	440
Redmi	Redmi K40	1080	2400	440
Redmi	Redmi K40 Gaming	1080	2400	440
Redmi	Redmi K40 Pro	1080	2400	440
Redmi	Redmi K40S	1080	2400	440
Redmi	Redmi K50	1440	3200	560
Redmi	Redmi K50 Pro	1440	3200	560
Redmi	Redmi K50G	1080	2400	440
Redmi	Redmi K50i	1080	2460	440
Redmi	Redmi K60	1440	3200	560
Redmi	Redmi K60 Pro	1440	3200	560
Redmi	Redmi K60 Ultra	1220	2712	480
Redmi	Redmi K60E	1440	3200	560
Redmi	Redmi K70	1440	3200	560
Redmi	Redmi K70 Pro	1440	3200	560
Redmi	Redmi K70 Ultra	1220	2712	520
Redmi	Redmi K70E	1220	2712	480
Redmi	REDMI K80	1440	3200	600
Redmi	REDMI K80 Pro	1080	2400	600
Redmi	REDMI K80 Ultra	1280	2772	520
Redmi	REDMI K90	1156	2510	480
Redmi	REDMI K90 Pro Max	1200	2608	480
Redmi	Redmi Note 10	1080	2400	440
Redmi	Redmi Note 10 5G	1080	2400	440
Redmi	Redmi Note 10 JE	1080	2400	440
Redmi	Redmi Note 10 pro	1080	2400	440
Redmi	Redmi Note 10 Pro	1080	2400	440
Redmi	Redmi Note 10S	1080	2400	440
Redmi	Redmi Note 10T 5G	1080	2400	440
Redmi	Redmi Note 11	1080	2400	440
Redmi	Redmi Note 11 Pro	1080	2400	440
Redmi	Redmi Note 11 Pro 5G	1080	2400	440
Redmi	Redmi Note 11 Pro+ 5G	1080	2400	440
Redmi	Redmi Note 11S	1080	2400	440
Redmi	Redmi Note 11S 5G	1080	2400	440
Redmi	Redmi Note 11T 5G	1080	2400	440
Redmi	Redmi Note 11T Pro	1080	2460	440
Redmi	Redmi Note 11T Pro +	1080	2460	440
Redmi	Redmi Note 12	1080	2400	440
Redmi	Redmi Note 12 5G	1080	2400	440
Redmi	Redmi Note 12 DISCOVERY EDITION	1080	2400	440
Redmi	Redmi Note 12 Pro + 5G	1080	2400	440
Redmi	Redmi Note 12 Pro 5G	1080	2400	440
Redmi	Redmi Note 12 Pro Speed	1080	2400	440
Redmi	Redmi Note 12 Turbo	1080	2400	440
Redmi	Redmi Note 12S	1080	2400	440
Redmi	Redmi Note 12T Pro	1080	2460	440
Redmi	Redmi Note 13	1080	2400	440
Redmi	Redmi Note 13 5G	1080	2400	440
Redmi	Redmi Note 13 Pro	1080	2400	450
Redmi	Redmi Note 13 Pro 5G	1220	2712	480
Redmi	Redmi Note 13 Pro+	1220	2712	480
Redmi	Redmi Note 14	1080	2400	450
Redmi	Redmi Note 14 5G	1080	2400	450
Redmi	Redmi Note 14 Pro	1080	2400	450
Redmi	Redmi Note 14 Pro 5G	1220	2712	520
Redmi	Redmi Note 14 Pro+	1220	2712	480
Redmi	REDMI Note 15	1080	2392	450
Redmi	REDMI Note 15 5G	1080	2392	450
Redmi	REDMI Note 15 Pro	1080	2392	450
Redmi	REDMI Note 15 Pro	1280	2772	520
Redmi	REDMI Note 15 Pro+	1280	2772	520
Redmi	REDMI Note 17	1080	2396	450
Redmi	Redmi Note 7	1080	2340	440
Redmi	Redmi Note 8	1080	2340	440
Redmi	Redmi Note 8 pro	1080	2340	440
Redmi	Redmi Note 8 Pro	1080	2340	440
Redmi	Redmi Note 8T	1080	2340	440
Redmi	Redmi Note 9	1080	2340	440
Redmi	Redmi Note 9 pro	1080	2400	440
Redmi	Redmi Note 9 Pro	1080	2400	440
Redmi	Redmi Note 9 Pro Max	1080	2400	440
Redmi	Redmi Note 9S	1080	2400	440
Redmi	Redmi Note 9T	1080	2340	440
Redmi	Redmi Pad	1200	2000	280
Redmi	Redmi Pad 2	1600	2560	360
Redmi	REDMI Pad 2 9.7	1280	2048	280
Redmi	REDMI Pad 2 9.7 4G	1280	2048	280
Redmi	Redmi Pad 2 Pro	1600	2560	320
Redmi	Redmi Pad 2 Pro 5G	1600	2560	320
Redmi	Redmi Pad 2 Wi-Fi + Cellular	1600	2560	360
Redmi	Redmi Pad Pro	1600	2560	320
Redmi	Redmi Pad Pro 5G	1600	2560	320
Redmi	Redmi Pad SE	1200	1920	280
Redmi	Redmi Pad SE 8.7	800	1340	213
Redmi	Redmi Pad SE 8.7 4G	800	1340	213
Redmi	Redmi Turbo 3	1220	2712	480
Redmi	REDMI Turbo 4	1220	2712	520
Redmi	REDMI Turbo 4 Pro	1280	2772	520
Redmi	REDMI Turbo 5	1268	2756	520
Redmi	REDMI Turbo 5 Max	1280	2772	520
REDTONE	RTSP-A124ML	1080	2460	480
REDTONE	RTSP-A258HM	1080	2460	480
REDTONE	RTSP-A64B	720	1600	320
Redway	redway10	800	1280	160
Redway	redway10_lite	800	1280	160
Redway	redway7_pro	600	1024	160
Reeder	A8i Q2	800	1280	160
Reeder	M10_Blue_Max	1200	1920	240
Reeder	M10_Pro_LTE	800	1280	213
Reeder	M10S	800	1280	213
Reeder	M10SPlus	800	1280	213
Reeder	M11_Pro_Max	1200	2000	280
Reeder	M7 Plus	800	1280	160
Reeder	M7Go_2019	600	1024	213
Reeder	M7S	600	1024	213
Reeder	M8 Go	800	1280	213
Reeder	M8Go2020	800	1280	213
Reeder	P10	720	1280	320
Reeder	P10S	1080	1920	480
Reeder	P13	720	1440	320
Reeder	P13 Blue	600	1280	240
Reeder	P13 Blue 2022	720	1520	320
Reeder	P13 Blue Maks	720	1560	320
Reeder	P13 Blue Max	720	1560	320
Reeder	P13 Blue Max 128 GB	720	1600	320
Reeder	P13 Blue Max 128 GB 2022	540	1200	240
Reeder	P13 Blue Max Lite	720	1520	320
Reeder	P13 Blue Max Lite 32GB	720	1520	320
Reeder	P13 Blue Max Pro	720	1600	320
Reeder	P13 Blue Max Pro 2021	720	1600	320
Reeder	P13 Blue Max Pro 256 GB	720	1600	320
Reeder	P13 Blue MaxL 2022s	720	1520	300
Reeder	P13 Blue Plus	600	1280	240
Reeder	P13 Blue Pro Lite	720	1600	320
Reeder	P13 Max Blue	720	1560	320
Reeder	P13_Blue_2021	720	1520	320
Reeder	P13_Blue_2022	540	1200	240
Reeder	P13_Blue_MaxL_2021	720	1520	300
Reeder	P13_Blue_Plus_2022	720	1600	320
Reeder	P13_Blue_Pro_2022	540	1200	240
Reeder	reeder M10 Plus	800	1280	160
Reeder	reeder M8 Plus	800	1280	160
Reeder	S19 Max	720	1600	320
Reeder	S19 Max 32GB	720	1600	320
Reeder	S19 Max 64GB	720	1600	320
Reeder	S19 Max Pro	720	1650	320
Reeder	S19 Max Pro S	720	1600	320
Reeder	S19 Max Pro S Edge	1080	2400	400
Reeder	S19 Max Pro S Zoom	1080	2460	480
Reeder	S19 MaxL 128GB	720	1600	320
Reeder	S19_Max_2_128GB	720	1600	320
Reeder	S19_Max_Pro_S_108_MP_N	1080	2460	480
Reeder	S23 Pro Max	720	1600	320
Reeder	S23 Pro Max 256GB	720	1600	320
Reeder	S23 SE	540	1200	240
Reeder	S71	1080	2460	400
Reeder	S71 Flip	1080	2640	480
Reeder	S919	1200	2664	480
Reeder	S919_SE	720	1600	280
Reeder	T71	800	1340	214
Reeder	T8	800	1280	203
Reeder	Turkcell_T_Tablet	800	1280	213
Reekoo	AllCall_60	1080	2408	480
Reekoo	HERO_70	720	1640	320
Reeva	Reeva_Plus	1200	1920	320
REGZA	32P1S	2160	3840	480
Reliance	FL7008	600	1024	160
Reliance	LS-4008	480	800	240
Reliance	LS-5506	1080	1920	480
Reliance	LS-5512	720	1280	320
Relndoo	P30_EUR	800	1280	180
Relndoo	P30_US	800	1280	180
Relndoo	P60_EEA	1200	1920	320
Relndoo	P60_ROW	1200	1920	320
Relndoo	P60_U	800	1280	160
Relndoo	P60_US	800	1280	213
Relndoo	P80_EU	800	1280	213
Relndoo	P80_EUR	800	1280	213
Relndoo	P80_US	800	1280	213
Relndoo	P90_EEA	1200	1920	213
Relndoo	P90_ROW	1200	1920	240
Relndoo	T10-M	800	1280	213
Relndoo	T10P	800	1280	213
Relndoo	T10P_A	800	1280	160
Relndoo	T10P_ROW	800	1280	180
Relndoo	T618	800	1280	213
Relndoo	T618_US	800	1280	213
Relndoo	T618_WIFI	800	1280	213
Relndoo	T618_WIFI_EEA	800	1280	213
Relndoo	T88	600	1024	160
Relndoo	T901_EUR	800	1280	213
Relndoo	T901_U	800	1280	213
Relndoo	T901_US	800	1280	213
Relndoo	TAB10_EU	800	1280	180
Relndoo	TAB10_EUR	800	1280	160
Relndoo	TAB10_O	800	1280	213
Relndoo	TAB10_US	800	1280	180
Relndoo	TAB9-M_US	1200	2000	213
Relndoo	TAB9_EEA	1200	2000	213
Relndoo	TB02	800	1280	160
Relndoo	TB02_EEA_A	800	1280	180
Relndoo	TB02_EUR	800	1280	160
Relndoo	TB02_Pro_EEA	800	1280	213
Relndoo	TB02_ROW	800	1280	160
Relndoo	TB02_US	800	1280	180
Remdun	RD115MQE	1200	1920	320
Remdun	RD11PT	800	1280	240
Remdun	RD15QE	800	1280	240
Remdun	RD16Q	1200	1920	320
Remdun	RD16QE	1200	1920	320
Remdun	RD195T	1200	1920	320
Remdun	RD1XT	1200	1920	320
Remdun	RD40T	480	800	240
Remdun	RD40TE	480	800	240
Remdun	RD50T	720	1280	320
Remdun	RD50TE	720	1280	320
Remdun	RD51QE	720	1280	240
Remdun	RD52E	720	1280	320
Remdun	RD60TE	720	1440	360
Remdun	RD62E	720	1280	320
Remdun	RD695T	720	1440	320
Remdun	RD86	800	1280	320
Remdun	RD86E	800	1280	320
Remdun	RD86QE	800	1280	240
RENSO	NEP N1	1080	2160	480
rephone	rephone	1080	2340	480
Reveal 16i	rk3399_rvlEEA_box	1080	1920	320
Revko	BE XL	720	1280	320
Revomovil	X12	720	1600	320
REVOX	REVOX-RM-RX1-EU	480	1170	240
Revrica	Uko108T	1080	2248	480
Rhino	RHINO C10	1200	1920	240
Rhino	RHINO C6	720	1560	320
Rhino	RHINO M10p	800	1280	160
Rhino	RHINO PACE	480	960	213
Rhino	RHINO T100	800	1280	213
Rhino	RHINO T105	1200	1920	260
Rhino	RHINO T5se	720	1280	320
Rhino	RHINO T8	800	1280	213
Rhino	RHINO T80	800	1280	213
Rhino	Vision_7	900	2000	420
Ricoh	AXX10	2160	3840	480
RIKOR	S3	720	1640	320
RIKOR	S5	1080	2460	320
Rimo_Mobile	Rimo Plus	576	1152	220
RIO Mobile	R7MAX	600	1024	160
RIO Mobile	RIOPAD_S10_Pro	800	1280	213
RIO Mobile	RW8	800	1280	160
RIRO	RIRO_X100	1200	1920	320
RIVERSONG	Astro_6	720	1612	320
Rizzen	LunaPadG1	1200	1920	280
Rizzen	Novatab	1200	1920	280
Rizzen	NovaTab_R10	800	1280	213
Rizzen	NovaTab_R10s	800	1280	213
Rizzen	Rizzen_X_26X2	1200	1920	280
Rizzen	S1	1200	1920	280
Rizzen	S1_pro_26501	1200	1920	280
Rizzen	X1	1200	2000	240
Rizzen	X1x	1200	2000	280
RLG-ADULAWO-LIMITED	Eagle-2024	800	1280	240
RNRUO	T10A863-51	800	1280	200
RoadQuest	RoadQuest	800	1280	160
Rogue mobile Inc	R67S	720	1600	280
Rokid	station2	1080	1920	240
ROKiT	dingo	720	1440	320
ROKiT	IO Pro	1080	2160	480
ROKiT	Orb_S	480	960	240
ROLLCALL	DT	1080	2340	480
Rombica	myPhone Jet	480	854	200
ROVER	CHIPPY	720	1600	300
ROVER	R10_M	800	1280	220
ROVER	R8	800	1280	220
Ruggear	PSM01E	640	1136	320
Ruggear	RG540	1080	2160	480
Ruggear	RG650	720	1440	320
Ruggear	RG655	720	1440	320
Ruggear	RG720	480	800	240
Ruggear	RG725_Q_US	640	1136	320
Ruggear	RG730	720	1280	320
Ruggear	RG750	640	1136	320
Ruggear	RG850	720	1440	320
Ruggear	RG880	720	1440	320
Ruggear	RG880i	720	1440	320
Ruggear	RG910	1200	1920	320
Ruggear	RG930i	1200	1920	320
Ruggear	RG935	1200	1920	320
RuggON	PA501	1200	1920	240
RuggON	PA501BWR	1200	1920	240
RUGLINE	T14_EEA	720	1440	320
RugOne	Xever 7 Pro	1080	2400	480
RugOne	Xever 7 Pro Thermal	1080	2400	480
RugOne	Xever 8	1080	2400	480
RUGSTORM	UA80	800	1280	280
Ruio	A870	800	1280	240
Ruio	Cola 4G	480	960	240
Ruio	RUIO S5506	540	1132	240
Ruio	RUIO S6518	540	1200	240
Ruio	RUIO ZIP	480	960	200
Ruio	Ruio_i7Ultra	600	1024	213
Ruio	RUIO_S518	480	854	240
Ruio	S5006	480	960	240
Ruio	S5521	480	960	200
Ruio	S6501	540	1200	240
Ruio	S6506	720	1600	320
Ruio	S6539Q	540	1200	220
Ruio	smart	576	1280	240
Rumie	RT-1708	800	1280	160
RUSHAR	M132-EEA	800	1280	160
RUSHAR	M159-EEA	800	1280	213
Russound	XTS7	800	1280	160
Ruufuuxy	R16Max	800	1280	160
RVP(AB)	RVPVK808	800	1280	160
RWC_JP	HNPD01	1536	2048	320
S&T Global	8788_7	800	1280	160
S&T Global	C20	1200	1920	240
S-tell	M630	480	960	240
S-tell	P760	640	1280	320
SAELITE	MD1063B	800	1280	160
Safaricom	NEON LITE	480	800	240
Safaricom	NEON RAY 2	480	854	213
Safaricom	Neon Storm	480	800	240
Safaricom	Neon Ultra 2	720	1600	300
Safaricom	NEON_NOVA	720	1280	320
Safaricom	NEON_RAY	480	854	200
Safaricom	NEON_RAY_2	480	854	240
Safaricom	NEON_RAY_PRO	480	960	213
Safaricom	Neon_Smarta_2	480	854	200
Safaricom	Neon_Smarta_3	720	1640	320
Safaricom	Neon_Ultra_2_M	720	1600	300
Safaricom	Safaricom ET Kimem	480	854	213
Safaricom	Sajipro	720	1600	320
Safex_Instruments	Ex_Mobile_20_NC	480	640	240
SAGI	E5501	480	960	240
SAIET	STS502	480	854	240
SAIET	STS550	720	1612	320
SAIET	STS570	720	1520	320
SAIET	STS571	720	1520	320
SAIET	STS600	720	1440	320
SAIET	STS601	720	1560	320
SAIET	STS602	720	1560	320
SAIET	STS650	720	1612	320
SALT	SALT A78	720	1612	280
SAMA	M1039A	800	1280	200
Samsonix	A1250	1200	2000	320
Samsonix	W12	1200	2000	320
Samsung	Elite	480	800	240
Samsung	Galaxy 070	480	800	240
Samsung	Galaxy A01	720	1520	320
Samsung	Galaxy A01 Core	720	1480	320
Samsung	Galaxy A03	720	1600	300
Samsung	Galaxy A03 Core	720	1600	320
Samsung	Galaxy A03s	720	1600	300
Samsung	Galaxy A04	720	1600	300
Samsung	Galaxy A04e	720	1600	300
Samsung	Galaxy A04s	720	1600	300
Samsung	Galaxy A05s	1080	2400	450
Samsung	Galaxy A06	720	1600	300
Samsung	Galaxy A06 5G	720	1600	300
Samsung	Galaxy A07	720	1600	300
Samsung	Galaxy A07 5G	720	1600	300
Samsung	Galaxy A07s	720	1600	300
Samsung	Galaxy A08	720	1600	300
Samsung	Galaxy A10	720	1520	280
Samsung	Galaxy A10e	720	1560	320
Samsung	Galaxy A10s	720	1520	280
Samsung	Galaxy A11	720	1560	280
Samsung	Galaxy A12	720	1600	300
Samsung	Galaxy A13	1080	2408	450
Samsung	Galaxy A14	1080	2408	450
Samsung	Galaxy A14 5G	1080	2408	450
Samsung	Galaxy A15	1080	2340	450
Samsung	Galaxy A15 5G	1080	2340	450
Samsung	Galaxy A16	1080	2340	450
Samsung	Galaxy A16 5G	1080	2340	450
Samsung	Galaxy A17	1080	2340	450
Samsung	Galaxy A17 5G	1080	2340	450
Samsung	Galaxy A2 Core	540	960	240
Samsung	Galaxy A20	720	1560	280
Samsung	Galaxy A20e	720	1560	320
Samsung	Galaxy A20s	720	1560	280
Samsung	Galaxy A21	720	1560	320
Samsung	Galaxy A21	720	1600	300
Samsung	Galaxy A21s	720	1600	280
Samsung	Galaxy A22	720	1600	300
Samsung	Galaxy A22 5G	720	1560	300
Samsung	Galaxy A22 5G	1080	2408	450
Samsung	Galaxy A23	1080	2408	450
Samsung	Galaxy A23 5G	720	1560	300
Samsung	Galaxy A23 5G	1080	2408	450
Samsung	Galaxy A24	1080	2340	450
Samsung	Galaxy A25 5G	720	1600	300
Samsung	Galaxy A25 5G	1080	2340	450
Samsung	Galaxy A26 5G	1080	2340	450
Samsung	Galaxy A27 5G	1080	2340	450
Samsung	Galaxy A3	540	960	240
Samsung	Galaxy A3(2016)	720	1280	320
Samsung	Galaxy A3(2017)	720	1280	320
Samsung	Galaxy A30	1080	2340	420
Samsung	Galaxy A30s	720	1560	280
Samsung	Galaxy A31	1080	2400	420
Samsung	Galaxy A32	1080	2400	420
Samsung	Galaxy A32 5G	720	1600	300
Samsung	Galaxy A33 5G	1080	2400	450
Samsung	Galaxy A34 5G	1080	2340	450
Samsung	Galaxy A35 5G	1080	2340	450
Samsung	Galaxy A36 5G	1080	2340	450
Samsung	Galaxy A37 5G	1080	2340	450
Samsung	Galaxy A40	1080	2340	480
Samsung	Galaxy A40s	720	1560	280
Samsung	Galaxy A41	1080	2400	420
Samsung	Galaxy A42 5G	720	1600	300
Samsung	Galaxy A5	720	1280	320
Samsung	Galaxy A5 (2016)	1080	1920	480
Samsung	Galaxy A5(2016)	1080	1920	480
Samsung	Galaxy A5(2017)	1080	1920	480
Samsung	Galaxy A50	1080	2340	420
Samsung	Galaxy A50s	1080	2340	420
Samsung	Galaxy A51	1080	2400	420
Samsung	Galaxy A51 5G	1080	2400	420
Samsung	Galaxy A52	1080	2400	420
Samsung	Galaxy A52 5G	1080	2400	420
Samsung	Galaxy A52s 5G	1080	2400	450
Samsung	Galaxy A53 5G	1080	2400	450
Samsung	Galaxy A53 5G UW	1080	2376	480
Samsung	Galaxy A53 5G UW	1080	2388	480
Samsung	Galaxy A53 5G UW	1080	2400	480
Samsung	Galaxy A53 5G UW	1084	2412	480
Samsung	Galaxy A54 5G	1080	2340	450
Samsung	Galaxy A55 5G	1080	2340	450
Samsung	Galaxy A56 5G	1080	2340	450
Samsung	Galaxy A57 5G	1080	2340	450
Samsung	Galaxy A6	720	1480	320
Samsung	Galaxy A6+	1080	2220	420
Samsung	Galaxy A60	1080	2340	420
Samsung	Galaxy A7	1080	1920	480
Samsung	Galaxy A7	1080	2220	420
Samsung	Galaxy A7 (2018)	1080	2220	420
Samsung	Galaxy A7(2016)	1080	1920	480
Samsung	Galaxy A7(2017)	1080	1920	420
Samsung	Galaxy A70	1080	2400	420
Samsung	Galaxy A70s	1080	2400	420
Samsung	Galaxy A71	1080	2400	420
Samsung	Galaxy A71 5G	1080	2400	420
Samsung	Galaxy A72	1080	2400	450
Samsung	Galaxy A73 5G	1080	2400	450
Samsung	Galaxy A8	1080	1920	480
Samsung	Galaxy A8 Star	1080	2220	420
Samsung	Galaxy A8(2016)	1080	1920	480
Samsung	Galaxy A8(2018)	1080	2220	480
Samsung	Galaxy A8+(2018)	1080	2220	420
Samsung	Galaxy A80	1080	2400	420
Samsung	Galaxy A8s	1080	2340	420
Samsung	Galaxy A9 (2018)	1080	2220	420
Samsung	Galaxy A9 2018	1080	2220	420
Samsung	Galaxy A9 Pro	1080	1920	420
Samsung	Galaxy A9 Pro	1080	2340	420
Samsung	Galaxy A9 Star	1080	2220	420
Samsung	Galaxy A9 Star Lite	1080	2220	420
Samsung	Galaxy A90 5G	1080	2400	420
Samsung	Galaxy Ace	480	800	240
Samsung	Galaxy Ace 4	480	800	240
Samsung	Galaxy Ace Style	480	800	240
Samsung	Galaxy Ace2	480	800	240
Samsung	Galaxy Ace3	480	800	240
Samsung	Galaxy Ace3 Duos TV	480	800	240
Samsung	Galaxy Ace4	480	800	240
Samsung	Galaxy Ace4 Lite	480	800	240
Samsung	Galaxy Active neo	480	800	240
Samsung	Galaxy Alpha	720	1280	320
Samsung	Galaxy Avant	540	960	240
Samsung	Galaxy C5	1080	1920	480
Samsung	Galaxy C5 Pro	1080	1920	420
Samsung	Galaxy C7	1080	1920	420
Samsung	Galaxy C7 Pro	1080	1920	420
Samsung	Galaxy C8	1080	1920	420
Samsung	Galaxy C9 Pro	1080	1920	420
Samsung	Galaxy Camera	720	1196	320
Samsung	Galaxy Camera 2	720	1280	320
Samsung	Galaxy Core	480	800	240
Samsung	Galaxy Core	540	960	240
Samsung	Galaxy Core 2	480	800	240
Samsung	Galaxy Core Advance	480	800	240
Samsung	Galaxy Core LTE	540	960	240
Samsung	Galaxy Core Plus	480	800	240
Samsung	Galaxy Core Prime	480	800	240
Samsung	Galaxy Core2	480	800	240
Samsung	Galaxy E5	720	1280	320
Samsung	Galaxy E7	720	1280	320
Samsung	Galaxy Elite	480	800	240
Samsung	Galaxy Express	480	800	240
Samsung	Galaxy Express2	540	960	240
Samsung	Galaxy F04	720	1600	300
Samsung	Galaxy F05	720	1600	300
Samsung	Galaxy F12	720	1600	300
Samsung	Galaxy F16 5G	1080	2340	450
Samsung	Galaxy F22	720	1600	300
Samsung	Galaxy F34 5G	1080	2340	450
Samsung	Galaxy F41	1080	2340	420
Samsung	Galaxy F42 5G	1080	2408	450
Samsung	Galaxy F52 5G	1080	2408	450
Samsung	Galaxy F54 5G	1080	2400	450
Samsung	Galaxy F56 5G	1080	2340	450
Samsung	Galaxy F62	1080	2400	450
Samsung	Galaxy Fame	320	480	160
Samsung	Galaxy Feel	720	1280	320
Samsung	Galaxy Feel2	720	1480	320
Samsung	Galaxy Fold	1536	2152	420
Samsung	Galaxy Folder	480	800	240
Samsung	Galaxy Folder2	480	800	240
Samsung	Galaxy Go Prime	540	960	240
Samsung	Galaxy Grand	480	800	240
Samsung	Galaxy Grand Duos	480	800	240
Samsung	Galaxy Grand Max	720	1280	320
Samsung	Galaxy Grand Neo	480	800	240
Samsung	Galaxy Grand Neo Plus	480	800	240
Samsung	Galaxy Grand Prime	540	960	240
Samsung	Galaxy Grand Prime Plus	540	960	240
Samsung	Galaxy Grand-Max	720	1280	320
Samsung	Galaxy Grand2	720	1280	320
Samsung	Galaxy J	1080	1920	480
Samsung	Galaxy J1	480	800	240
Samsung	Galaxy J1 (2016)	480	800	240
Samsung	Galaxy J1 Ace	480	800	240
Samsung	Galaxy J1 Mini	480	800	240
Samsung	Galaxy J1 Mini Prime	480	800	240
Samsung	Galaxy J1(2016)	480	800	240
Samsung	Galaxy J2	540	960	240
Samsung	Galaxy J2 Core	540	960	240
Samsung	Galaxy J2 Prime	540	960	240
Samsung	Galaxy J2 Pro	540	960	240
Samsung	Galaxy J2 Pro	720	1280	320
Samsung	Galaxy J2 Pure	540	960	240
Samsung	Galaxy J2(2016)	720	1280	320
Samsung	Galaxy J3	720	1280	320
Samsung	Galaxy J3 Achieve	720	1280	320
Samsung	Galaxy J3 Aura	720	1280	320
Samsung	Galaxy J3 Emerge	720	1280	320
Samsung	Galaxy J3 Mission	720	1280	320
Samsung	Galaxy J3 Orbit	720	1280	320
Samsung	Galaxy J3 Pop	720	1280	320
Samsung	Galaxy J3 Prime	720	1280	320
Samsung	Galaxy J3 Pro	720	1280	320
Samsung	Galaxy J3 Pro 增强版	720	1280	320
Samsung	Galaxy J3 Star	720	1280	320
Samsung	Galaxy J3 V	720	1280	320
Samsung	Galaxy J3(2016)	720	1280	320
Samsung	Galaxy J3(2017)	720	1280	320
Samsung	Galaxy J3(2018)	720	1280	320
Samsung	Galaxy J4	720	1280	280
Samsung	Galaxy J4 Core	720	1480	320
Samsung	Galaxy J4+	720	1480	280
Samsung	Galaxy J5	720	1280	320
Samsung	Galaxy J5 Prime	720	1280	320
Samsung	Galaxy J5 Pro	720	1280	320
Samsung	Galaxy J5(2016)	720	1280	320
Samsung	Galaxy J6	720	1480	320
Samsung	Galaxy J6+	720	1480	280
Samsung	Galaxy J7	720	1280	320
Samsung	Galaxy J7 Aura	720	1280	280
Samsung	Galaxy J7 Crown	720	1280	280
Samsung	Galaxy J7 Duo	720	1280	280
Samsung	Galaxy J7 Max	1080	1920	420
Samsung	Galaxy J7 Neo	720	1280	320
Samsung	Galaxy J7 Perx	720	1280	320
Samsung	Galaxy J7 Pop	720	1280	320
Samsung	Galaxy J7 Prime	720	1280	320
Samsung	Galaxy J7 Prime	1080	1920	480
Samsung	Galaxy J7 Prime2	1080	1920	420
Samsung	Galaxy J7 Pro	1080	1920	420
Samsung	Galaxy J7 Refine	720	1280	280
Samsung	Galaxy J7 Sky Pro	720	1280	320
Samsung	Galaxy J7 Star	720	1280	280
Samsung	Galaxy J7 V	720	1280	280
Samsung	Galaxy J7(2015)	720	1280	320
Samsung	Galaxy J7(2016)	720	1280	320
Samsung	Galaxy J7(2016)	1080	1920	480
Samsung	Galaxy J7(2017)	1080	1920	420
Samsung	Galaxy J7+	1080	1920	420
Samsung	Galaxy Jean	1080	2220	420
Samsung	Galaxy Jump3	1080	2408	450
Samsung	Galaxy Jump4	1080	2340	450
Samsung	Galaxy K Zoom	720	1280	320
Samsung	Galaxy M01	720	1520	320
Samsung	Galaxy M02	720	1600	300
Samsung	Galaxy M02s	720	1600	280
Samsung	Galaxy M10	720	1520	320
Samsung	Galaxy M10s	720	1560	280
Samsung	Galaxy M11	720	1560	280
Samsung	Galaxy M12	720	1600	300
Samsung	Galaxy M13	1080	2408	450
Samsung	Galaxy M13 5G	720	1600	300
Samsung	Galaxy M14 5G	1080	2408	450
Samsung	Galaxy M15 5G	1080	2340	450
Samsung	Galaxy M20	1080	2340	420
Samsung	Galaxy M21 2021 Edition	1080	2340	420
Samsung	Galaxy M22	720	1600	300
Samsung	Galaxy M23 5G	1080	2408	450
Samsung	Galaxy M30	1080	2340	420
Samsung	Galaxy M30s	1080	2340	420
Samsung	Galaxy M31	1080	2340	420
Samsung	Galaxy M31s	1080	2400	420
Samsung	Galaxy M32	1080	2400	450
Samsung	Galaxy M32 5G	720	1600	300
Samsung	Galaxy M33 5G	1080	2408	450
Samsung	Galaxy M35 5G	1080	2340	450
Samsung	Galaxy M40	1080	2340	420
Samsung	Galaxy M42 5G	720	1600	300
Samsung	Galaxy M51	1080	2400	420
Samsung	Galaxy M52 5G	1080	2400	420
Samsung	Galaxy M53 5G	1080	2400	450
Samsung	Galaxy M55 5G	1080	2400	450
Samsung	Galaxy M62	1080	2400	450
Samsung	Galaxy Mega 5.8	540	960	240
Samsung	Galaxy Mega 6.3	720	1280	240
Samsung	Galaxy Mega2	720	1280	320
Samsung	Galaxy Nexus	720	1280	320
Samsung	Galaxy Note	800	1280	320
Samsung	Galaxy Note 10.1	752	1280	160
Samsung	Galaxy Note 10.1	800	1280	160
Samsung	Galaxy Note 10.1	1600	2560	320
Samsung	Galaxy Note 10.1 2014 Edition	1600	2560	320
Samsung	Galaxy Note 8.0	800	1280	213
Samsung	Galaxy Note Edge	1600	2560	640
Samsung	Galaxy Note Fan Edition	1440	2560	420
Samsung	Galaxy Note II	720	1280	320
Samsung	Galaxy Note Pro 12.2	1600	2560	320
Samsung	Galaxy Note10	1080	2280	420
Samsung	Galaxy Note10 5G	1080	2280	420
Samsung	Galaxy Note10 Lite	1080	2400	420
Samsung	Galaxy Note10+	1440	3040	420
Samsung	Galaxy Note10+ 5G	1440	3040	420
Samsung	Galaxy Note2	720	1280	320
Samsung	Galaxy Note20	1080	2400	450
Samsung	Galaxy Note20 5G	1080	2400	450
Samsung	Galaxy Note20 Ultra 5G	1440	3088	420
Samsung	Galaxy Note3	1080	1920	480
Samsung	Galaxy Note3 Neo	720	1280	320
Samsung	Galaxy Note4	1080	1920	480
Samsung	Galaxy Note4	1440	2560	640
Samsung	Galaxy Note4 S-LTE	1440	2560	640
Samsung	Galaxy Note5	1080	1920	420
Samsung	Galaxy Note7	1440	2560	640
Samsung	Galaxy Note8	1080	1920	480
Samsung	Galaxy Note8	1080	2220	420
Samsung	Galaxy Note8	1440	2960	420
Samsung	Galaxy Note9	1440	2960	420
Samsung	Galaxy On5	720	1280	320
Samsung	Galaxy On5 2016 时尚版	720	1280	320
Samsung	Galaxy On5 2016 青春版	720	1280	320
Samsung	Galaxy On5 Pro	720	1280	320
Samsung	Galaxy On7	720	1280	320
Samsung	Galaxy On7 Prime	1080	1920	420
Samsung	Galaxy On7 Pro	720	1280	320
Samsung	Galaxy On7(2016)	1080	1920	480
Samsung	Galaxy On8	720	1480	280
Samsung	Galaxy On8	1080	1920	480
Samsung	Galaxy Quantum2	1440	3200	450
Samsung	Galaxy Quantum7	1080	2340	450
Samsung	Galaxy Rugby	480	800	240
Samsung	Galaxy S Advance	480	800	240
Samsung	Galaxy S Duos2	480	800	240
Samsung	Galaxy S Duos3	480	800	240
Samsung	Galaxy S 轻奢版	1080	2220	420
Samsung	Galaxy S10	1440	3040	420
Samsung	Galaxy S10 5G	1440	3040	420
Samsung	Galaxy S10 Lite	1080	2400	420
Samsung	Galaxy S10+	1440	3040	420
Samsung	Galaxy S10+ Olympic Games Edition	1440	3040	420
Samsung	Galaxy S10e	1080	2280	480
Samsung	Galaxy S2	480	800	240
Samsung	Galaxy S2	1080	1920	480
Samsung	Galaxy S2 Epic	1080	1920	480
Samsung	Galaxy S2 Plus	480	800	240
Samsung	Galaxy S20	1440	3200	480
Samsung	Galaxy S20 5G	1440	3200	480
Samsung	Galaxy S20 FE	1080	2400	480
Samsung	Galaxy S20 FE 5G	1080	2400	480
Samsung	Galaxy S20 Ultra 5G	900	1600	420
Samsung	Galaxy S20 Ultra 5G	1440	3200	240
Samsung	Galaxy S20+ 5G	1440	3200	450
Samsung	Galaxy S21 5G	1080	2400	480
Samsung	Galaxy S21 FE 5G	1080	2340	480
Samsung	Galaxy S21 Ultra 5G	900	1600	320
Samsung	Galaxy S21 Ultra 5G	900	1920	320
Samsung	Galaxy S21 Ultra 5G	1080	1920	320
Samsung	Galaxy S21 Ultra 5G	1440	3200	450
Samsung	Galaxy S21+ 5G	1080	2400	450
Samsung	Galaxy S22	1080	2340	480
Samsung	Galaxy S22 Ultra	900	1920	450
Samsung	Galaxy S22 Ultra	1440	3088	450
Samsung	Galaxy S22+	1080	2340	450
Samsung	Galaxy S23	1080	2340	480
Samsung	Galaxy S23 FE	1080	2340	450
Samsung	Galaxy S23 Ultra	1440	3088	450
Samsung	Galaxy S23+	1080	2340	450
Samsung	Galaxy S24	1080	2340	480
Samsung	Galaxy S24 FE	1080	2340	450
Samsung	Galaxy S24 Ultra	1440	3120	450
Samsung	Galaxy S24+	1440	3120	450
Samsung	Galaxy S25	1080	2340	480
Samsung	Galaxy S25 Edge	1440	3120	450
Samsung	Galaxy S25 FE	1080	2340	450
Samsung	Galaxy S25 Ultra	1440	3120	450
Samsung	Galaxy S25+	1440	3120	450
Samsung	Galaxy S26	1080	2340	480
Samsung	Galaxy S26 FE	1080	2340	450
Samsung	Galaxy S26 Ultra	1440	3120	450
Samsung	Galaxy S26+	1440	3120	450
Samsung	Galaxy S3	720	1280	320
Samsung	Galaxy S3 Mini	480	800	240
Samsung	Galaxy S3 Mini Value Edition	480	800	240
Samsung	Galaxy S3 Neo	720	1280	320
Samsung	Galaxy S4	1080	1920	480
Samsung	Galaxy S4 Active	1080	1920	480
Samsung	Galaxy S4 Duos	1080	1920	480
Samsung	Galaxy S4 LTE-A	1080	1920	480
Samsung	Galaxy S4 Mini	540	960	240
Samsung	Galaxy S4 Zoom	540	960	240
Samsung	Galaxy S5	1080	1920	480
Samsung	Galaxy S5	1440	2560	640
Samsung	Galaxy S5 Active	1080	1920	480
Samsung	Galaxy S5 K Sport	1080	1920	480
Samsung	Galaxy S5 LTE-A	1080	1920	480
Samsung	Galaxy S5 mini	720	1280	320
Samsung	Galaxy S5 Mini	720	1280	320
Samsung	Galaxy S5 Neo	1080	1920	480
Samsung	Galaxy S6	1440	2560	640
Samsung	Galaxy S6 Active	1440	2560	640
Samsung	Galaxy S6 edge	1440	2560	640
Samsung	Galaxy S6 Edge	1440	2560	640
Samsung	Galaxy S6 edge+	1080	1920	420
Samsung	Galaxy S6 Edge+	1080	1920	420
Samsung	Galaxy S7	1080	1920	480
Samsung	Galaxy S7 Active	1080	1920	480
Samsung	Galaxy S7 edge	1080	1920	480
Samsung	Galaxy S7 Edge	1080	1920	640
Samsung	Galaxy S8	1080	2220	480
Samsung	Galaxy S8	1440	2960	480
Samsung	Galaxy S8 Active	1440	2960	480
Samsung	Galaxy S8+	1080	2220	420
Samsung	Galaxy S8+	1440	2960	420
Samsung	Galaxy S9	1080	2220	480
Samsung	Galaxy S9	1440	2960	480
Samsung	Galaxy S9+	1080	2220	420
Samsung	Galaxy S9+	1440	2960	420
Samsung	Galaxy Star Plus	480	800	240
Samsung	Galaxy Star2 Plus	480	800	240
Samsung	Galaxy Tab 3V 7.0	600	1024	160
Samsung	Galaxy Tab 4 8.0	800	1280	213
Samsung	Galaxy Tab 7.7	800	1232	160
Samsung	Galaxy Tab A	768	1024	160
Samsung	Galaxy Tab A	800	1280	213
Samsung	Galaxy Tab A	1200	1920	240
Samsung	Galaxy Tab A (10.5")	1200	1920	240
Samsung	Galaxy Tab A (10.5)	1200	1920	240
Samsung	Galaxy Tab A (2016)	1200	1920	240
Samsung	Galaxy Tab A (2016) with S Pen	1200	1920	240
Samsung	Galaxy Tab A (2017)	800	1280	213
Samsung	Galaxy Tab A (2018, 10.5)	1200	1920	240
Samsung	Galaxy Tab A (8.0", 2019)	800	1280	213
Samsung	Galaxy Tab A (8.4", 2020)	1200	1920	300
Samsung	Galaxy Tab A 7.0	800	1280	240
Samsung	Galaxy Tab A 8	800	1280	213
Samsung	Galaxy Tab A 8.0	768	1024	160
Samsung	Galaxy Tab A 8.0	800	1280	213
Samsung	Galaxy Tab A 9.7	768	1024	160
Samsung	Galaxy Tab A Kids Edition	800	1280	213
Samsung	Galaxy Tab A S 8.0	768	1024	160
Samsung	Galaxy Tab A with S Pen	1200	1920	320
Samsung	Galaxy Tab A11	800	1340	213
Samsung	Galaxy Tab A11+	1200	1920	240
Samsung	Galaxy Tab A11+ 5G	1200	1920	240
Samsung	Galaxy Tab A6	800	1280	213
Samsung	Galaxy Tab A7	1200	2000	240
Samsung	Galaxy Tab A7 Lite	800	1340	213
Samsung	Galaxy Tab A8	1200	1920	240
Samsung	Galaxy Tab A9	800	1340	213
Samsung	Galaxy Tab A9+	1200	1920	240
Samsung	Galaxy Tab A9+ 5G	1200	1920	240
Samsung	Galaxy Tab Active	800	1280	213
Samsung	Galaxy Tab Active Pro	1200	1920	240
Samsung	Galaxy Tab Active2	800	1280	213
Samsung	Galaxy Tab Active3	1200	1920	320
Samsung	Galaxy Tab Active4 Pro 5G	1200	1920	240
Samsung	Galaxy Tab Active5	1200	1920	320
Samsung	Galaxy Tab Active5 5G	1200	1920	320
Samsung	Galaxy Tab Active5 Pro	1200	1920	240
Samsung	Galaxy Tab Active5 Pro 5G	1200	1920	240
Samsung	Galaxy Tab Advanced2	1200	1920	240
Samsung	Galaxy Tab E	800	1280	160
Samsung	Galaxy Tab E 8.0	800	1280	213
Samsung	Galaxy Tab E 9.6	800	1280	160
Samsung	Galaxy Tab E8.0	800	1280	213
Samsung	Galaxy Tab Plus 7.0	600	1024	160
Samsung	Galaxy Tab Pro 10.1	1600	2560	320
Samsung	Galaxy Tab Pro 12.2	1600	2560	320
Samsung	Galaxy Tab Pro 8.4	1600	2560	320
Samsung	Galaxy Tab S 8.4	1600	2560	320
Samsung	Galaxy Tab S10 FE	1440	2304	280
Samsung	Galaxy Tab S10 FE 5G	1440	2304	280
Samsung	Galaxy Tab S10 FE+	1800	2880	320
Samsung	Galaxy Tab S10 FE+ 5G	1800	2880	320
Samsung	Galaxy Tab S10 Lite	1320	2112	240
Samsung	Galaxy Tab S10 Lite 5G	1320	2112	240
Samsung	Galaxy Tab S10 Ultra	1848	2960	280
Samsung	Galaxy Tab S10 Ultra 5G	1848	2960	280
Samsung	Galaxy Tab S10+	1752	2800	320
Samsung	Galaxy Tab S10+ 5G	1752	2800	320
Samsung	Galaxy Tab S11	1600	2560	340
Samsung	Galaxy Tab S11 5G	1600	2560	340
Samsung	Galaxy Tab S11 Ultra	1848	2960	280
Samsung	Galaxy Tab S11 Ultra 5G	1848	2960	280
Samsung	Galaxy Tab S12 Ultra	1848	2960	280
Samsung	Galaxy Tab S12 Ultra 5G	1848	2960	280
Samsung	Galaxy Tab S12+	1752	2800	320
Samsung	Galaxy Tab S12+ 5G	1752	2800	320
Samsung	Galaxy Tab S2	1536	2048	320
Samsung	Galaxy Tab S2 8.0	1536	2048	320
Samsung	Galaxy Tab S2 9.7	1536	2048	320
Samsung	Galaxy Tab S3	1536	2048	320
Samsung	Galaxy Tab S4	1600	2560	360
Samsung	Galaxy Tab S5e	1600	2560	360
Samsung	Galaxy Tab S6	1600	2560	360
Samsung	Galaxy Tab S6 5G	1600	2560	360
Samsung	Galaxy Tab S6 Lite	1200	2000	240
Samsung	Galaxy Tab S7	1600	2560	340
Samsung	Galaxy Tab S7 FE	1600	2560	340
Samsung	Galaxy Tab S7+	1752	2800	340
Samsung	Galaxy Tab S7+ 5G	1752	2800	340
Samsung	Galaxy Tab S8	1600	2560	340
Samsung	Galaxy Tab S8 5G	1600	2560	340
Samsung	Galaxy Tab S8 Ultra	1848	2960	320
Samsung	Galaxy Tab S8 Ultra 5G	1848	2960	320
Samsung	Galaxy Tab S8+	1752	2800	340
Samsung	Galaxy Tab S8+ 5G	1752	2800	340
Samsung	Galaxy Tab S9	1600	2560	340
Samsung	Galaxy Tab S9 5G	1600	2560	340
Samsung	Galaxy Tab S9 FE	1440	2304	280
Samsung	Galaxy Tab S9 FE 5G	1440	2304	280
Samsung	Galaxy Tab S9 FE+	1600	2560	340
Samsung	Galaxy Tab S9 FE+ 5G	1600	2560	340
Samsung	Galaxy Tab S9 Ultra	1848	2960	280
Samsung	Galaxy Tab S9 Ultra 5G	1848	2960	280
Samsung	Galaxy Tab S9+	1752	2800	340
Samsung	Galaxy Tab S9+ 5G	1752	2800	340
Samsung	Galaxy Tab2 10.1	752	1280	160
Samsung	Galaxy Tab2 10.1	800	1280	160
Samsung	Galaxy Tab2 7.0	600	976	160
Samsung	Galaxy Tab2 7.0	600	1024	160
Samsung	Galaxy Tab3 10.1	800	1280	160
Samsung	Galaxy Tab3 7.0	600	1024	160
Samsung	Galaxy Tab3 8.0	800	1280	213
Samsung	Galaxy Tab3 Kids	600	1024	160
Samsung	Galaxy TAB3 Lite	600	1024	160
Samsung	Galaxy Tab3 Lite	600	1024	160
Samsung	Galaxy Tab3 Lite 7.0	600	1024	160
Samsung	Galaxy Tab3 VE 7.0	600	1024	160
Samsung	Galaxy Tab3V 7.0	600	1024	160
Samsung	Galaxy Tab4	800	1280	160
Samsung	Galaxy Tab4 10.0	800	1280	160
Samsung	Galaxy Tab4 10.1	800	1280	160
Samsung	Galaxy Tab4 7	800	1280	213
Samsung	Galaxy Tab4 7.0	800	1280	213
Samsung	Galaxy Tab4 8.0	800	1280	213
Samsung	Galaxy Tab4 Active	800	1280	213
Samsung	Galaxy Tab4 Nook 10.1	800	1280	160
Samsung	Galaxy TabE 8.0	800	1280	213
Samsung	Galaxy TabS 10.5	1600	2560	320
Samsung	Galaxy TabS 8.4	1600	2560	320
Samsung	Galaxy TabS2 9.7	1536	2048	320
Samsung	Galaxy TabS3	1536	2048	320
Samsung	Galaxy Tap Pro 10.1	1600	2560	320
Samsung	Galaxy Tap Pro 8.4	1600	2560	320
Samsung	Galaxy Trend	480	800	240
Samsung	Galaxy Trend Lite	480	800	240
Samsung	Galaxy Trend Plus	480	800	240
Samsung	Galaxy Trend3	480	800	240
Samsung	Galaxy view	1080	1920	160
Samsung	Galaxy View	1080	1920	160
Samsung	Galaxy View2	1080	1920	240
Samsung	Galaxy W	720	1280	240
Samsung	Galaxy Wide	720	1280	320
Samsung	Galaxy Wide2	720	1280	320
Samsung	Galaxy Wide3	720	1280	280
Samsung	Galaxy Wide8	1080	2340	450
Samsung	Galaxy Win	480	800	240
Samsung	Galaxy win	480	800	240
Samsung	Galaxy Win Duos	1080	1920	480
Samsung	Galaxy Win2	480	800	240
Samsung	Galaxy XCover 4s	720	1280	320
Samsung	Galaxy XCover 5	720	1480	340
Samsung	Galaxy XCover FieldPro	1440	2560	640
Samsung	Galaxy XCover Pro	1080	2340	420
Samsung	Galaxy Xcover2	480	800	240
Samsung	Galaxy Xcover3	480	800	240
Samsung	Galaxy XCover4	720	1280	320
Samsung	Galaxy Xcover4	720	1280	320
Samsung	Galaxy XCover6 Pro	1080	2408	450
Samsung	Galaxy XCover7	1080	2408	450
Samsung	Galaxy XCover7 Pro	1080	2408	450
Samsung	Galaxy Young	320	480	160
Samsung	Galaxy Young2	320	480	160
Samsung	Galaxy Z Flip	1080	2636	480
Samsung	Galaxy Z Flip 5G	1080	2636	480
Samsung	Galaxy Z Flip3 5G	1080	2640	480
Samsung	Galaxy Z Flip4	1080	2640	480
Samsung	Galaxy Z Flip5	1080	2640	480
Samsung	Galaxy Z Flip6	1080	2640	480
Samsung	Galaxy Z Flip7	1080	2520	480
Samsung	Galaxy Z Flip7 FE	1080	2640	480
Samsung	Galaxy Z Flip8	1080	2520	480
Samsung	Galaxy Z Fold2 5G	1768	2208	480
Samsung	Galaxy Z Fold3 5G	1768	2208	420
Samsung	Galaxy Z Fold4	1812	2176	420
Samsung	Galaxy Z Fold5	1812	2176	420
Samsung	Galaxy Z Fold6	1856	2160	420
Samsung	Galaxy Z Fold7	1968	2184	420
Samsung	Galaxy Z Fold8	1848	2448	420
Samsung	Galaxy Z Fold8 Ultra	2256	2504	480
Samsung	Galaxy Z TriFold	1584	2160	320
Samsung	Galaxy-A9(2016)	1080	1920	480
Samsung	Garda	480	800	240
Samsung	GT-I5510T	1080	2340	420
Samsung	J1 Mini Prime	480	800	240
Samsung	Nexus 10	1600	2560	320
Samsung	Roy VE DTV	320	480	160
Samsung	Samsung Interactive Display	2160	3840	480
Samsung	SHW-M480S	800	1280	160
Samsung	SM-G6200	1080	1920	480
Samsung	SM-J260A	540	960	240
Samsung	SM-J337A	720	1280	320
Samsung	SM-J337AZ	720	1280	320
Samsung	SM-T230NZ	800	1280	213
Samsung	SM-W2018	1080	1920	480
Samsung	WAF-S	2160	3840	480
Samsung	三星 W21 5G	1768	2208	420
Samsung	三星W20	1536	2152	420
Samsung	三星W22 5G	1768	2208	420
Samsung	心系天下 三星 W23	1812	2176	420
Samsung	心系天下 三星 W23 Flip	1080	2640	480
Samsung	心系天下 三星 W25	1968	2184	420
Samsung	心系天下 三星 W26	1968	2184	420
Samtech	T3G_04	600	1024	160
Samtech	TWIFI-06	600	1024	160
Samtech	TWIFI_07	600	1024	160
Samtech	TWIFI_Q07	600	1024	160
Sankey	TAB7A3G05	600	1024	160
SANNUO	K102	800	1280	160
SANNUO	K108	800	1280	160
Sansei	TS10A1	600	1024	160
SARL WISE TECHNOLOGIE	P1_Plus	720	1520	320
SARL WISE TECHNOLOGIE	Wise_Tab	600	1024	160
SATCO	SATCO_Y-20	720	1520	320
Satewave	HPAD-IP8045	800	1280	213
SAWINK	M8_Max	2160	3840	480
SAWINK	T10	800	1280	213
SCHNEIDER	Wave 3	720	1600	320
Schok	freedom turbo	720	1280	320
Schok	freedom turbo XL	1080	2340	480
Schok	SV55216A	480	960	240
Schok	SV67Q	720	1600	320
SCIENTIA	BBT1019863	800	1280	213
SCIENTIA	eWs10164T	1200	1920	280
Scope	F503V	800	1280	160
Scope	F5O3V	800	1280	213
Scope	SP1089	800	1280	213
SEBBE	S21_EEA	600	1024	160
SEBBE	S22-EEA	800	1280	200
SEBBE	S22_EEA	800	1280	160
SEBBE	S22_T_EEA	800	1280	160
SEBBE	S22_T_US	800	1280	160
SEBBE	S23_EEA	800	1332	160
SEBBE	S23_EEA_A	800	1280	160
SEBBE	S23_T_EEA	1200	2000	240
SEBBE	S23_T_US	1200	2000	240
SEBBE	S23_US_B	800	1280	160
Secureye	S-SAB220	600	1024	160
Sederick	KT101	800	1280	160
SEGO	Hot_100	720	1600	320
SEGO	Note_70	720	1600	320
SEGO	Orbit O1	576	1280	240
SEGO	S25	720	1600	320
SEGO	S25 Neo	720	1600	272
SEGO	S_PAD	800	1280	213
SEGO	SEGO_EPIC	720	1560	320
SEGO	SEGO_EPIC_X	720	1640	320
SEGO	SEGO_NOTE_80	720	1600	320
SEGO	SEGO_S24	720	1600	320
SEGO	SEGO_Zero_50	1080	2400	480
SEGO	Shark	720	1600	320
SEGO	Smart_10	720	1612	320
SEGO	Smart_20	720	1612	320
Selectron	T101G	1200	1920	280
Selfix	X5	720	1520	320
Selvas	BrailleSense Polaris	1080	1920	240
Selvas	BrailleSense_EEA	1080	1920	280
Selvas	H620B	1080	1920	280
Semeakoko	S-764-EEA	600	1024	160
Semeakoko	S10A	800	1280	160
Semeakoko	SS-35	800	1280	213
Semeakoko	SS-35_EEA	800	1280	213
Semeakoko	SS-P30	800	1280	213
Semeakoko	SS-P30_EEA	800	1280	213
Semeakoko	SS10A	800	1280	213
Semeakoko	SS10A_EEA	800	1280	213
SEMP TCL	GO3C	480	800	240
SEMP TCL	GO3C_Plus	480	800	240
SEMP TCL	GO3E	480	960	240
SEMP TCL	GO5E	720	1440	320
sencor	10_1Q205	800	1280	213
SenlinTech	pad6_EEA	800	1280	213
SenlinTech	S12_Pro_EEA	800	1280	160
SenlinTech	S30-Pro	800	1280	210
SENRAISE	H10_EEA	720	1440	320
SENSE	TW102	720	1560	320
SENSES	EDGE_PRO	2160	3840	480
Senter	S917V18	1200	1920	420
Senter	S917V9	1200	1920	480
Senwa	LS5018FP	480	960	213
Senwa	LS5718	720	1440	320
Senwa	Senwa_LS5018F	480	960	240
Senwa	Senwa_S40	480	800	220
Senwa	Senwa_S50V24	480	960	240
Serenity	BE109	1200	1920	280
Serenity	T1000	1200	1920	320
Servicom IT	IT-1101S	800	1280	160
Seuic	AUTOID Pad Air	1200	1920	240
Seuic	AUTOID Pad Air-5G	1200	1920	240
Seuic	AUTOID Q7	480	800	240
Seuic	AUTOID10	480	800	240
Seuic	AUTOID9N	480	800	240
Seuic	AUTOIDQ9	480	800	240
Seuic	AUTOIDQ9G	480	800	240
Seuic	CRUISE1	1080	1920	480
Seuic	CRUISE2	720	1440	320
Seuic	CRUISE2 5G	1080	2160	480
SEWOO	NBP_65	720	1280	320
SEWOO	SEWOO NBP-75	720	1440	320
SGIN	A10	800	1280	160
SGIN	C10	800	1280	160
SGIN	C8	800	1280	160
SGIN	E10P	800	1280	160
SGIN	SGIN_E10M	800	1280	240
SGIN	SGIN_X10	1200	1920	280
SGIN	T10S	800	1280	160
SGIN	T12_EEA	1200	1920	320
SGIN	T12_ROW	1200	1920	320
SGIN	T12S	1200	2000	213
SGIN	T12S_EEA	1200	2000	280
SGIN	T12S_ROW	1200	2000	280
Sharp	507SH	720	1280	320
Sharp	Android One S1	1080	1920	480
Sharp	AQUOS Compact SH-02H	1080	1920	480
Sharp	AQUOS CRYSTAL 2	720	1280	320
Sharp	AQUOS CRYSTAL X	1080	1920	480
Sharp	AQUOS ea	720	1280	320
Sharp	AQUOS EVER SH-02J	720	1280	320
Sharp	AQUOS EVER SH-04G	720	1280	320
Sharp	AQUOS L SHV37	720	1280	320
Sharp	AQUOS L2	720	1280	320
Sharp	AQUOS M1	1080	1920	480
Sharp	AQUOS mini SH-M03	1080	1920	480
Sharp	AQUOS PAD SH-05G	1200	1920	320
Sharp	AQUOS PAD SH-06F	1200	1920	320
Sharp	AQUOS PAD SH-08E	1200	1920	320
Sharp	AQUOS PAD SHT21	800	1216	213
Sharp	AQUOS PAD SHT22	1200	1920	320
Sharp	AQUOS PHONE EX SH-02F	1080	1920	480
Sharp	AQUOS PHONE EX SH-04E	720	1184	320
Sharp	AQUOS PHONE SERIE mini SHL24	1080	1920	480
Sharp	AQUOS PHONE SERIE SHL22	720	1280	320
Sharp	AQUOS PHONE SERIE SHL23	1080	1920	480
Sharp	AQUOS PHONE SH90B	1080	1920	480
Sharp	AQUOS PHONE si SH-07E	720	1280	320
Sharp	AQUOS PHONE ss 205SH	480	782	240
Sharp	AQUOS PHONE sv SH-10D	720	1184	320
Sharp	AQUOS PHONE Xx 206SH	1080	1920	480
Sharp	AQUOS PHONE Xx 302SH	1080	1920	480
Sharp	AQUOS PHONE Xx mini 303SH	1080	1920	480
Sharp	AQUOS PHONE ZETA SH-01F	1080	1920	480
Sharp	AQUOS PHONE ZETA SH-02E	720	1184	320
Sharp	AQUOS PHONE ZETA SH-06E	1080	1920	480
Sharp	AQUOS R	1440	2560	640
Sharp	AQUOS R compact 701SH	1080	2032	480
Sharp	AQUOS R compact SH-M06	1080	2032	480
Sharp	AQUOS R compact SHV41	1080	2032	480
Sharp	AQUOS R SH-03J	1440	2560	640
Sharp	AQUOS R SHV39	1440	2560	640
Sharp	AQUOS R10	1080	2340	420
Sharp	AQUOS R11	1080	2340	420
Sharp	AQUOS R2	1440	3040	640
Sharp	AQUOS R2 compact (SH-M09)	1080	2280	480
Sharp	AQUOS R2 compact 803SH	1080	2280	480
Sharp	AQUOS R2 SH-03K	1440	3040	640
Sharp	AQUOS R2 SHV42	1440	3040	640
Sharp	AQUOS R3 808SH	1440	3120	640
Sharp	AQUOS R3 SH-04L	1440	3120	640
Sharp	AQUOS R3 SH-R10A	1440	3120	640
Sharp	AQUOS R3 SHV44	1440	3120	640
Sharp	AQUOS R5G 908SH	1440	3168	640
Sharp	AQUOS R5G SH-51A	1440	3168	640
Sharp	AQUOS R5G SH-R50	1440	3168	640
Sharp	AQUOS R5G SH-RM14	1440	3168	640
Sharp	AQUOS R5G SHG01	1440	3168	640
Sharp	AQUOS R6	1260	2730	480
Sharp	AQUOS R7	1260	2730	480
Sharp	AQUOS R8	1080	2340	420
Sharp	AQUOS R8 pro	1260	2730	480
Sharp	AQUOS R9	1080	2340	420
Sharp	AQUOS R9 pro	1440	3120	520
Sharp	AQUOS sense	1080	1920	480
Sharp	AQUOS sense basic	1080	1920	480
Sharp	AQUOS sense lite (SH-M05)	1080	1920	480
Sharp	AQUOS sense plus (SH-M07)	1080	2160	480
Sharp	AQUOS sense SH-01K	1080	1920	480
Sharp	AQUOS sense SHV40	1080	1920	480
Sharp	AQUOS sense10	1080	2340	440
Sharp	AQUOS sense2	1080	2160	480
Sharp	AQUOS sense2 (SH-M08)	1080	2160	480
Sharp	AQUOS sense2 SH-01L	1080	2160	480
Sharp	AQUOS sense2 SHV43	1080	2160	480
Sharp	AQUOS sense3	1080	2160	480
Sharp	AQUOS sense3 basic	1080	2160	480
Sharp	AQUOS sense3 lite	1080	2160	480
Sharp	AQUOS sense3 plus (901SH)	1080	2220	480
Sharp	AQUOS sense3 plus SH-M11	1080	2220	480
Sharp	AQUOS sense3 plus SH-RM11	1080	2220	480
Sharp	AQUOS sense3 plus サウンド SHV46	1080	2220	480
Sharp	AQUOS sense3 SH-02M	1080	2160	480
Sharp	AQUOS sense3 SH-M12	1080	2160	480
Sharp	AQUOS sense3 SHV45	1080	2160	480
Sharp	AQUOS sense4 basic A003SH	1080	2280	480
Sharp	AQUOS sense4 lite SH-RM15	1080	2280	480
Sharp	AQUOS sense4 plus	1080	2400	480
Sharp	AQUOS sense4 SH-41A	1080	2280	480
Sharp	AQUOS sense4 SH-M15	1080	2280	480
Sharp	AQUOS sense5G	1080	2280	440
Sharp	AQUOS sense5G SH-S50	1080	2280	440
Sharp	AQUOS sense6	1080	2432	440
Sharp	AQUOS sense6s	1080	2432	440
Sharp	AQUOS sense7	1080	2432	440
Sharp	AQUOS sense7 plus	1080	2340	420
Sharp	AQUOS sense8	1080	2432	440
Sharp	AQUOS sense9	1080	2340	440
Sharp	AQUOS SERIE mini SHV31	1080	1920	480
Sharp	AQUOS SERIE mini SHV33	1080	1920	480
Sharp	AQUOS SERIE mini SHV38	1080	1920	480
Sharp	AQUOS SERIE SHL25	1080	1920	480
Sharp	AQUOS SERIE SHV32	1080	1920	480
Sharp	AQUOS SERIE SHV34	1080	1920	480
Sharp	AQUOS SH-M02	720	1280	320
Sharp	AQUOS SH-M02-EVA20	720	1280	320
Sharp	AQUOS SH-RM02	720	1280	320
Sharp	AQUOS U SHV35	720	1280	320
Sharp	AQUOS U SHV37	720	1280	320
Sharp	AQUOS V	1080	2160	420
Sharp	AQUOS V6 5G	720	1612	320
Sharp	AQUOS V7 plus	720	1600	320
Sharp	AQUOS wish	720	1520	280
Sharp	AQUOS wish2	720	1520	280
Sharp	AQUOS wish3	720	1520	280
Sharp	AQUOS wish4	720	1612	280
Sharp	AQUOS wish5	720	1612	280
Sharp	AQUOS Xx	1080	1920	480
Sharp	AQUOS Xx 3	1080	1920	480
Sharp	AQUOS Xx 304SH	1080	1920	480
Sharp	AQUOS Xx2	1080	1920	480
Sharp	AQUOS Xx2 mini	1080	1920	480
Sharp	AQUOS Xx3 mini	1080	1920	480
Sharp	AQUOS zero	1440	2992	640
Sharp	AQUOS zero (SH-M10)	1440	2992	640
Sharp	AQUOS zero2 906SH	1080	2340	480
Sharp	AQUOS zero2 SH-01M	1080	2340	480
Sharp	AQUOS zero2 SH-M13	1080	2340	480
Sharp	AQUOS zero2 SH-Z20	1080	2340	480
Sharp	AQUOS zero2 SHV47	1080	2340	480
Sharp	AQUOS zero5G basic	1080	2340	480
Sharp	AQUOS zero5G basic DX	1080	2340	480
Sharp	AQUOS zero6	1080	2340	420
Sharp	AQUOS ZETA SH-01G	1080	1920	480
Sharp	AQUOS ZETA SH-01H	1080	1920	480
Sharp	AQUOS ZETA SH-03G	1080	1920	480
Sharp	AQUOS ZETA SH-04F	1080	1920	480
Sharp	AQUOS ZETA SH-04H	1080	1920	480
Sharp	B10	720	1440	320
Sharp	BASIO active	720	1520	320
Sharp	BASIO active2	720	1520	320
Sharp	BASIO2 SHV36	720	1280	320
Sharp	Disney Mobile on docomo DM-01H	1080	1920	480
Sharp	Disney Mobile on docomo DM-01J	720	1280	320
Sharp	Disney Mobile on docomo SH-02G	1080	1920	480
Sharp	Disney Mobile on docomo SH-05F	1080	1920	480
Sharp	dtab d-41A	1200	1920	240
Sharp	dtab d-51C	1200	1920	240
Sharp	FS8014	720	1280	320
Sharp	HC-16TT1	768	1366	160
Sharp	Leitz Phone 2	1260	2730	480
Sharp	Leitz Phone 3	1260	2730	480
Sharp	Leitz Phone1	1260	2730	480
Sharp	ROUVO V	720	1600	280
Sharp	S3	1080	1920	480
Sharp	S5	1080	2160	480
Sharp	S7	1080	2160	480
Sharp	SH-H01	720	1280	320
Sharp	SH-M04	720	1280	320
Sharp	SH-T01	1200	1920	240
Sharp	SH-T04C	1200	1920	240
Sharp	SHARP A2 Lite	720	1440	320
Sharp	SHARP AQUOS C10	1080	2040	480
Sharp	SHARP AQUOS D10	1080	2160	480
Sharp	SHARP AQUOS S2	1080	2040	480
Sharp	SHARP AQUOS S2 Plus	1080	2040	480
Sharp	SHARP AQUOS S3	1080	2160	480
Sharp	Sharp HH6	1080	2160	420
Sharp	Sharp Pi	720	1280	320
Sharp	SHARP R1S	720	1280	320
Sharp	SoftBank 305SH	720	1280	320
Sharp	SoftBank AQUOS PHONE Xx 203SH	720	1184	320
Sharp	Star Wars mobile	1080	1920	480
Sharp	X1	1080	1920	480
Sharp	Z2	1080	1920	480
Sharp	シンプルスマホ３	720	1280	320
Sharp	シンプルスマホ４	720	1280	320
Sharp	シンプルスマホ５	1080	2160	480
Sharp	シンプルスマホ６	720	1520	320
Sharp	シンプルスマホ７	720	1520	320
Shiarffe	Global	2160	3840	480
Shiarffe	Smart_Board	2160	3840	480
SHIFT	SHIFT6m	1080	1920	420
SHIFT	SHIFT6mq	1080	2160	420
SHIFT	SHIFTphone 8	1080	2400	420
shoudum	X50	800	1280	160
shoudum	X50US	800	1280	160
shoudum	X_50	800	1280	160
shoudum	X_50_EEA	800	1280	160
Shuodum	X50_15US	800	1280	160
Sico	Diamond 2	720	1280	320
Sico	Nile X	720	1440	320
Sico	Plus3_4G	480	854	240
Sico	Sico Express 3	600	1024	160
Sico	Sico Topaz	480	1014	213
Sigma Mobile	Tab A1015	1200	1920	320
Sigma Mobile	Tab A1020	800	1280	240
Sigma Mobile	Tab A1025 X-treme 2	1200	2000	320
Sigma Mobile	Tab A802	800	1280	240
Sigma Mobile	Tab_A1010_Neo	1200	1920	280
Sigma Mobile	Tab_A1033_X_treme	800	1280	160
Sigma Mobile	Tab_A1033_X_treme2	800	1280	213
Sigma Mobile	Tab_A1035_Basic	800	1280	160
Sigma Mobile	Tab_A1035_Max	1200	1920	240
Sigma Mobile	Tab_A1035_Ultra	1200	1920	240
Sigma Mobile	X-Style S5502	480	1016	200
Sigma Mobile	X-treme PQ18 MAX	720	1440	320
Sigma Mobile	X-treme PQ20	720	1280	320
Sigma Mobile	X-TREME PQ24	720	1280	320
Sigma Mobile	X-TREME PQ28	720	1280	320
Sigma Mobile	X-treme PQ29	720	1280	320
Sigma Mobile	X-treme PQ36	720	1440	320
Sigma Mobile	X-TREME PQ37	640	1280	320
Sigma Mobile	X-treme PQ38	720	1440	320
Sigma Mobile	X-TREME PQ39	1080	1920	480
Sigma Mobile	X-treme PQ54	720	1440	320
Sigma Mobile	X-treme PQ57	1080	2408	480
Sigma Mobile	X-treme PQ58	1080	2408	480
Sigma Mobile	X-treme_PQ18	720	1440	320
Sigma Mobile	X-treme_PQ54 MAX	720	1440	320
Sigma Mobile	X-treme_PQ55	720	1600	320
Sigma Mobile	X-treme_PQ56	720	1600	300
Sigma Mobile	X_style_Tab_A1010	1200	1920	280
Sigma Mobile	X_Style_Tab_A103	800	1280	213
Sigma Mobile	X_Style_Tab_A104	800	1280	160
Sigma Mobile	X_style_Tab_A801	1200	1920	280
Sigma Mobile	X_style_Tab_A83	800	1280	213
Silent Circle	Blackphone 2	1080	1920	480
Silver line	SL1021	600	1024	160
Silver line	SL1022	800	1280	160
Silver line	SL1046	800	1280	213
Silver line	SL868G	800	1280	160
SILVER MAX	ST-710G	600	1024	160
SILVER MAX	ST-810	600	1024	160
SILVERWIN	SWA8F1K	800	1280	213
Simbans	PicassoTab8s	800	1280	160
Simbans	PicassoTab_9	800	1280	160
Simbans	PicassoTab_A12	1200	2000	240
Simbans	PicassoTab_X	800	1280	160
Simbans	PicassoTab_XL	768	1368	160
Simbans	PICASSOTABX14	1080	1920	240
Simbans	TangoTab	800	1280	160
Simbans	TangoTab8	800	1280	160
Simbans	TangoTab_364	800	1280	160
Simbans	TangoTab_X	800	1280	160
SIMI	COOL2	720	1612	320
SIMI	DREAM2	720	1612	320
SimiMobile	Mecha	720	1612	320
SimiMobile	S501plus	540	960	220
SimiMobile	S502	720	1280	320
SimiMobile	S507	720	1440	320
SimiMobile	S630	1080	2340	480
SimiMobile	S8001	800	1280	213
Simplytab	S-101TAB	800	1280	160
SinoGNSS	R60 Data Collector	1080	1920	480
Siragon	Siragon SP_6300	720	1640	480
Siragon	Siragon_SP_7200	720	1600	320
Siragon	Siragon_SP_7300	1080	2460	480
Siragon	SP 6200	540	1200	240
Siragon	SP-5400	720	1280	300
Siragon	SP-5450	444	960	240
Siragon	SP-6100	720	1520	280
Siragon	SP-6150	720	1520	320
Siragon	SP_7250	720	1600	320
Siragon	SP_7260	720	1600	480
Siragon	SP_7275	720	1604	320
Siragon	TB-5300	800	1280	160
Siragon	TB_5400	1200	1920	320
Siragon	TB_7400	1440	2200	300
Sirin	FINNEY PHONE	1080	2160	420
Sky (CH)	Elite A6	720	1560	320
Sky (CH)	Elite C55	720	1440	320
Sky (CH)	Elite N55Max	480	960	200
Sky (CH)	Elite OctaPlus	800	1280	213
Sky (CH)	Elite OctaPLus	800	1280	240
Sky (CH)	Elite T8	800	1280	213
Sky (CH)	SKY_KIDsPro	800	1280	200
Sky (CH)	SKY_PAD10Max	800	1280	190
Sky (CH)	SKY_PAD8PROUS	800	1280	220
Sky Devices	ELIBI_55	720	1440	360
Sky Devices	Elite 45T	480	854	240
Sky Devices	Elite 65Pro	720	1612	280
Sky Devices	Elite 6Max	480	960	220
Sky Devices	Elite A5	480	854	240
Sky Devices	Elite A5	720	1520	300
Sky Devices	Elite A63	720	1520	320
Sky Devices	Elite A63Max	720	1520	280
Sky Devices	Elite B5	480	854	240
Sky Devices	Elite B55	480	960	213
Sky Devices	Elite B65	540	1200	240
Sky Devices	Elite C5	480	854	240
Sky Devices	Elite C55	480	960	240
Sky Devices	Elite C55	720	1440	320
Sky Devices	Elite C63	720	1520	320
Sky Devices	Elite D5Max	480	854	240
Sky Devices	Elite E55	480	960	240
Sky Devices	Elite E55Max	480	960	240
Sky Devices	Elite F55	480	960	240
Sky Devices	Elite G55	480	960	213
Sky Devices	Elite Max	720	1600	320
Sky Devices	Elite N55	480	960	240
Sky Devices	Elite Octa	800	1280	240
Sky Devices	Elite OctaMax	800	1280	240
Sky Devices	Elite OctaX	800	1280	240
Sky Devices	Elite P5	480	854	213
Sky Devices	ELITE P55	480	960	213
Sky Devices	Elite P55Pro	480	960	200
Sky Devices	Elite R55	480	960	240
Sky Devices	Elite T10	1080	2248	480
Sky Devices	Elite T10	1200	1920	320
Sky Devices	Elite T11 Max	1200	1920	240
Sky Devices	Elite T4	480	800	240
Sky Devices	Elite T8	800	1280	213
Sky Devices	Elite T8 Plus	800	1280	213
Sky Devices	Elite T8Plus	800	1280	240
Sky Devices	Elite_6Pras	480	960	213
Sky Devices	Elite_A63Max	720	1520	280
Sky Devices	Elite_A65	540	1200	240
Sky Devices	Elite_B5MS	540	960	240
Sky Devices	Elite_D5	480	854	240
Sky Devices	Elite_D55	480	960	240
Sky Devices	Elite_D65US	720	1600	320
Sky Devices	Elite_G63	480	1014	220
Sky Devices	Elite_H55	480	960	240
Sky Devices	Elite_H5_FW	480	854	240
Sky Devices	Elite_J55	480	960	240
Sky Devices	Elite_J55US	480	960	240
Sky Devices	Elite_OctaX	800	1280	240
Sky Devices	Elite_P55	480	960	213
Sky Devices	Elite_P55_CMax	480	960	213
Sky Devices	Elite_P55_Max_D	480	960	213
Sky Devices	Elite_P55BMax	480	960	213
Sky Devices	Elite_P55MANAL	480	960	213
Sky Devices	ELITE_P55Max	480	960	240
Sky Devices	Elite_P55MAXA	480	960	213
Sky Devices	Elite_P55MUSAN	480	960	213
Sky Devices	Elite_P55MxUS	480	960	213
Sky Devices	ELITE_P55US	480	960	213
Sky Devices	Elite_PAD8USA	800	1280	240
Sky Devices	Elite_T10_PRO	800	1280	180
Sky Devices	Elite_T11Pro2	1200	1920	213
Sky Devices	Elite_T14PRO	1200	1920	240
Sky Devices	Elite_T8Plus	800	1280	213
Sky Devices	Elite_T8Pluss	800	1280	213
Sky Devices	Elite_T8PUSA	800	1280	213
Sky Devices	Elite_V55	480	960	240
Sky Devices	PAD10Max	800	1280	190
Sky Devices	Platinum A7	600	1024	160
Sky Devices	Platinum B4	480	1014	213
Sky Devices	Platinum G5	480	854	240
Sky Devices	Platinum G55	480	996	240
Sky Devices	Platinum K55	480	960	240
Sky Devices	Platinum View2	600	1024	213
Sky Devices	Platinum View2_Plus	600	1024	213
Sky Devices	Platinum_H5	720	1280	320
Sky Devices	Platinum_J5	480	854	200
Sky Devices	Platinum_J5US	480	854	200
Sky Devices	Platinum_K5	480	854	240
Sky Devices	Platinum_P4	480	800	240
Sky Devices	Premier5	480	960	240
Sky Devices	Premier_Pro	480	960	213
Sky Devices	SKY Black	480	800	240
Sky Devices	SKY Black2	480	800	240
Sky Devices	SKY BlackMax	480	800	240
Sky Devices	SKY KID1	600	1024	160
Sky Devices	SKY PAD10	800	1280	200
Sky Devices	SKY Pad10	800	1280	200
Sky Devices	SKY PAD10Max	800	1280	200
Sky Devices	SKY PAD10MAX	800	1280	190
Sky Devices	SKY PAD8	800	1280	240
Sky Devices	SKY PAD8PRO	800	1280	213
Sky Devices	SKY Prestige	720	1280	320
Sky Devices	SKY PrestigeX	480	960	240
Sky Devices	SKY PrestigeX1	480	960	240
Sky Devices	SKY PrestigeX2	480	960	240
Sky Devices	Sky Vision2_Plus	600	1024	160
Sky Devices	SKY_B632NUS	720	1520	280
Sky Devices	SKY_B63CUW	720	1520	280
Sky Devices	SKY_B63HA	720	1520	280
Sky Devices	SKY_B63NAL	720	1520	280
Sky Devices	SKY_B63NUSA	720	1520	280
Sky Devices	SKY_B63US	720	1520	280
Sky Devices	SKY_D63	720	1520	320
Sky Devices	SKY_PAD10Max	800	1280	190
Sky Devices	SKY_PAD10MXUSNA	800	1280	200
Sky Devices	SKY_PAD10us	800	1280	220
Sky Devices	SKY_PAD8MAX	800	1280	240
Sky Devices	SKY_PAD8Pro	800	1280	240
Sky Devices	X2	480	960	240
Sky Devices	X63	720	1520	280
Sky Devices	X63Max	480	1014	220
Sky Devices	X8A	800	1280	240
SKY EVO	Elite L55	480	960	240
SKY EVO	Elite OctaPlus	800	1280	213
SKY EVO	Elite OctaX	800	1280	240
SKY EVO	Elite_OctaXS	800	1280	213
SKYEGG	K11_EEA	800	1280	160
SKYEGG	K11_US	800	1280	160
SKYEGG	K13-U-EEA	800	1280	213
SKYEGG	K13-U-US	800	1280	213
SKYEGG	K13_EEA	800	1280	160
SKYEGG	K13_US	800	1280	160
SKYEGG	K15_EEA	800	1280	160
SKYEGG	K15_US	800	1280	160
SKYEGG	K16_US	800	1280	160
SKYEGG	X2_S_EEA	800	1280	160
SLIDER	S1000	800	1280	213
SLIDER	S800	800	1280	213
Smadl	Abay5_Plus	480	960	240
Smadl	Safari	480	960	240
Smadl	Safari_ 2plus	480	854	240
Smadl	Safari_2	480	854	240
Smadl	SMADL_R35	480	854	240
Smart	Advance Pro	720	1280	320
Smart	Coral 4	480	854	240
Smart	e-PAD	600	1024	160
Smart	hero A1	720	1440	320
Smart	M20	720	1560	320
Smart	M30	720	1520	320
Smart	M50	720	1600	320
Smart	Mouridiyya_Phone	540	1080	240
Smart	SK3401	600	1024	160
Smart	Slide Lite	720	1280	320
Smart	Smart PRIME II	480	960	240
Smart	Smart_Hero_II	720	1600	280
Smart (BD)	MQ703G	600	1024	160
Smart (BD)	MQ703G_1	600	1024	160
SMART Technologies	AM60 series	2160	3840	320
SMART Technologies	GX1xxG-V4	2160	3840	480
SMART Technologies	gxv4na	2160	3840	480
SMART Technologies	SMART Board® RX Series	2160	3840	320
SMART_KASSEL	SK-5503AR	800	1280	160
SMART_KASSEL	SK3403	600	1024	160
SMART_KASSEL	SK3404	600	1024	160
SMART_KASSEL	SK3405	800	1280	160
SMART_KASSEL	SK3501	800	1280	160
SMART_KASSEL	SK5501	800	1280	160
SMART_KASSEL	SK5502	800	1280	160
Smart_Touch	Smart Touch QERA	2160	3840	480
Smart_Touch	ST IR13	2160	3840	480
Smartab	ST1009X	800	1280	160
Smartab	ST1020	800	1280	160
Smartab	ST7150	600	1024	160
Smartab	ST7160	600	1024	160
Smartab	ST7650	600	1024	160
Smartab	ST7680	600	1024	160
Smartab	ST8888	800	1280	160
Smartec	Atractivo	480	960	240
Smartec	SmartabS32	600	1024	160
Smartec	SmartabS4	600	1024	160
Smartec	SmartabX8	800	1280	213
Smartex	M520	480	960	240
Smartex	M530	480	960	240
Smartex	P600	480	960	240
Smartfren	A16C3H	480	854	240
Smartfren	A26C4H	480	854	240
Smartfren	B16C2G	480	854	240
Smartfren	B16C2H	480	854	240
Smartfren	B26D2H	720	1280	320
Smartfren	G36C1G	720	1280	320
Smartfy	T101S	800	1280	160
Smarti	Smarti T2 plus	800	1280	220
Smarti	Smarti_Gen_1	480	854	240
Smarti	Smarti_Gen_2	480	960	240
Smarti	Smarti_Gen_2_Plus	480	960	200
Smartron	Srtphone	1080	1920	480
Smartron	tphone	1080	1920	480
Smartron	tphone P	720	1280	320
Smooth	Smooth5_5	480	960	240
Smooth	Smooth626	480	1014	213
Smooth	Smooth_5_HD	720	1280	320
So ! Generation	T8100	800	1280	213
So ! Generation	T8116	800	1280	213
So ! Generation	T8133_EEA	800	1280	213
Soda	Note 12	720	1612	320
Soda	Note 12Pro	720	1612	320
Soda	ROCK_30	720	1612	320
SoftBank	602ZT	720	1280	320
Softlogic	MaxAiPlus	720	1600	320
SOHO STYLE	S1582C	480	960	213
SOHO STYLE	S1586K	720	1440	320
SOHO STYLE	S6561	720	1612	320
SOHO STYLE	SS5314G	480	960	240
SOHO STYLE	SS5539G	480	960	240
solanamobile	Seeker	1200	2670	480
SOLITAIRE	Solitaire_SLTR_XXi_Series	2160	3840	480
Solone	W1452	720	1280	320
Soneview	SV_TAB10	800	1280	220
Sonimtech	RS60	1080	1920	480
Sonimtech	RS80	1200	1920	480
Sonimtech	Smart-Ex 01	480	800	240
Sonimtech	XP Pro	1080	2408	480
Sonimtech	XP Pro 5G	1080	2408	480
Sonimtech	XP Pro Thermal	1080	2408	480
Sonimtech	XP10	1080	2160	480
Sonimtech	XP400	720	1612	280
Sonimtech	XP7	480	800	240
Sonimtech	XP8	1080	1920	480
Sony	NW-A300Series	720	1280	400
Sony	NW-F880 Series	480	782	240
Sony	NW-WM1ZM2	720	1280	320
Sony	NW-ZX2	480	854	240
Sony	NW-ZX700Series	720	1280	320
Sony	NWZ-ZX1	480	782	240
Sony	PDT-FP1	1080	2520	450
Sony	Smartphone Z Ultra Google Play edition	1080	1920	480
Sony	Xperia 1	1096	2560	420
Sony	Xperia 1 II	1096	2560	420
Sony	Xperia 1 III	1096	2560	420
Sony	Xperia 1 IV	1096	2560	420
Sony	Xperia 1 Professional Edition	1096	2560	420
Sony	Xperia 1 V	1096	2560	420
Sony	Xperia 1 VI	1080	2340	400
Sony	Xperia 1 VII	1080	2340	400
Sony	Xperia 1 VIII	1080	2340	400
Sony	Xperia 10	1080	2520	480
Sony	Xperia 10 II	1080	2520	420
Sony	Xperia 10 III	1080	2520	420
Sony	Xperia 10 III Lite	1080	2520	420
Sony	Xperia 10 IV	1080	2520	420
Sony	Xperia 10 Plus	1080	2520	420
Sony	Xperia 10 V	1080	2520	450
Sony	Xperia 10 VI	1080	2520	450
Sony	Xperia 10 VII	1080	2340	420
Sony	Xperia 10 VIII	1080	2340	420
Sony	Xperia 5	1080	2520	420
Sony	Xperia 5 II	1080	2520	420
Sony	Xperia 5 III	1080	2520	420
Sony	Xperia 5 IV	1080	2520	450
Sony	Xperia 5 V	1080	2520	450
Sony	Xperia 8	1080	2520	420
Sony	Xperia 8 Lite	1080	2520	420
Sony	Xperia A	720	1280	320
Sony	Xperia A2	720	1280	320
Sony	Xperia A4	720	1280	320
Sony	Xperia Ace	1080	2160	480
Sony	Xperia Ace II	720	1496	300
Sony	Xperia Ace III	720	1496	300
Sony	Xperia C	540	960	240
Sony	Xperia C3	720	1280	240
Sony	Xperia C3 Dual	720	1280	240
Sony	Xperia C5 Ultra	1080	1920	480
Sony	Xperia C5 Ultra Dual	1080	1920	480
Sony	Xperia E	320	480	160
Sony	Xperia E1	480	800	240
Sony	Xperia E1 dual	480	800	240
Sony	Xperia E3	480	854	240
Sony	Xperia E3 Dual	480	854	240
Sony	Xperia E5	720	1280	320
Sony	Xperia J	480	854	240
Sony	Xperia J1 Compact	720	1280	320
Sony	Xperia L	480	854	240
Sony	Xperia L1	720	1280	320
Sony	Xperia L2	720	1280	320
Sony	Xperia L3	720	1440	320
Sony	Xperia L4	720	1680	300
Sony	Xperia M	480	854	240
Sony	Xperia M dual	480	854	240
Sony	Xperia M2	540	960	240
Sony	Xperia M2 Aqua	540	960	240
Sony	Xperia M2 Dual	540	960	240
Sony	Xperia M5	1080	1920	480
Sony	Xperia M5 Dual	1080	1920	480
Sony	Xperia P	540	960	240
Sony	Xperia PRO	1096	2560	420
Sony	Xperia PRO-I	1096	2560	420
Sony	Xperia R1	720	1280	320
Sony	Xperia R1 Plus	720	1280	320
Sony	Xperia S	720	1280	320
Sony	Xperia SP	720	1280	320
Sony	Xperia T	720	1280	320
Sony	Xperia T2 Ultra	720	1280	240
Sony	Xperia T2 Ultra dual	720	1280	240
Sony	Xperia T3	720	1280	320
Sony	Xperia Tablet S	752	1280	160
Sony	Xperia Tablet Z	1200	1920	240
Sony	Xperia Touch	768	1366	160
Sony	Xperia TX	720	1280	320
Sony	Xperia V	720	1280	320
Sony	Xperia X	1080	1920	480
Sony	Xperia X Compact	720	1280	320
Sony	Xperia X Performance	1080	1920	480
Sony	Xperia XA	720	1280	320
Sony	Xperia XA Ultra	1080	1920	480
Sony	Xperia XA1	720	1280	320
Sony	Xperia XA1 Plus	1080	1920	480
Sony	Xperia XA1 Ultra	1080	1920	480
Sony	Xperia XA2	1080	1920	480
Sony	Xperia XA2 Plus	1080	2160	420
Sony	Xperia XA2 Ultra	1080	1920	480
Sony	Xperia XZ	1080	1920	480
Sony	Xperia XZ Premium	1080	1920	480
Sony	Xperia XZ1	1080	1920	480
Sony	Xperia XZ1 Compact	720	1280	320
Sony	Xperia XZ2	1080	2160	480
Sony	Xperia XZ2 Compact	1080	2160	480
Sony	Xperia XZ2 Premium	1080	1920	420
Sony	Xperia XZ3	1440	2880	560
Sony	Xperia XZs	1080	1920	480
Sony	Xperia Z	1080	1920	480
Sony	Xperia Z Ultra	1080	1920	320
Sony	Xperia Z1	1080	1920	480
Sony	Xperia Z1 Compact	720	1280	320
Sony	Xperia Z1f	720	1280	320
Sony	Xperia Z2	1080	1920	480
Sony	Xperia Z2 Tablet	1200	1920	240
Sony	Xperia Z2a	1080	1920	480
Sony	Xperia Z3	1080	1920	480
Sony	Xperia Z3 Compact	720	1280	320
Sony	Xperia Z3 Dual	1080	1920	480
Sony	Xperia Z3 Tablet Compact	1200	1920	320
Sony	Xperia Z3+	1080	1920	480
Sony	Xperia Z3+ Dual	1080	1920	480
Sony	Xperia Z3v	1080	1920	480
Sony	Xperia Z4	1080	1920	480
Sony	Xperia Z4 Tablet	1600	2560	320
Sony	Xperia Z5	1080	1920	480
Sony	Xperia Z5 Compact	720	1280	320
Sony	Xperia Z5 dual	1080	1920	480
Sony	Xperia Z5 Premium	1080	1920	480
Sony	Xperia Z5 Premium Dual	1080	1920	480
Sony	Xperia ZL	1080	1920	480
Sony	Xperia ZR	720	1280	320
Sony	Xperia™ C4	1080	1920	480
Sony	Xperia™ C4 Dual	1080	1920	480
Sony	Xperia™ E4	540	960	240
Sony	Xperia™ E4 Dual	540	960	240
Sony	Xperia™ E4g	540	960	240
Sony	Xperia™ M4 Aqua	720	1280	320
Sony	Xperia™ M4 Aqua Dual	720	1280	320
Sony Ericsson	Xperia AX	720	1184	320
Sony Ericsson	Xperia GX	720	1184	320
Sony Ericsson	Xperia Tablet Z	1128	1920	240
Sony Ericsson	Xperia UL	1080	1920	480
Sony Ericsson	Xperia VL	720	1184	320
SonyAudio	NW-A100	720	1280	360
SonyAudio	NW-ZX500	720	1280	360
Sosh	SoshPhone	480	960	240
Soultech	TB001	600	1024	160
Sourcing Creation	Smart TAB 1005	800	1280	160
Sourcing Creation	Smart Tab 1006	1200	1920	213
Sourcing Creation	WebPad1004	800	1280	160
Sourcing Creation	Wooze L	720	1280	320
SOUTH	H6LM	720	1280	320
Southern Telecom	Polaroid L10/P1000	800	1280	160
Southern Telecom	ST1009	800	1280	160
SOWLY	AG_1088_A133	800	1280	160
SOWLY	AG_1088_A133P	800	1280	160
SoyMomo	SoyMomo_Lite_V1_EEA	600	1024	160
SoyMomo	SoyMomo_Lite_V3	600	1024	160
SoyMomo	SoyMomo_Lite_V3_EEA	600	1024	160
SoyMomo	SoyMomo_Pro_V1	800	1280	213
SoyMomo	SoyMomo_Pro_V2	800	1280	213
SoyMomo	SoyMomo_Pro_V2_24	800	1280	213
Spark	Spark_Plus_3	480	960	240
SparX	Edge 20	1080	2400	480
SparX	Edge 20 Pro	1080	2400	480
SparX	Neo 11	720	1600	320
SparX	Neo 15 Ultra	720	1600	320
SparX	NEO 5	720	1600	320
SparX	Neo 5 Pro	720	1600	320
SparX	Neo 7 Plus	720	1612	320
SparX	Neo 7 Ultra	720	1600	320
SparX	Neo 8 Lite	720	1600	320
SparX	NEO 9	720	1612	300
SparX	NEO_6	720	1600	320
SparX	Neo_X	720	1612	320
SparX	Note 12	720	1600	320
SparX	Note_20	1080	2400	480
SparX	S3	480	960	220
SparX	S6	480	960	200
SparX	S7	480	960	220
SparX	S9	720	1560	320
SparX	Sparx	720	1612	320
SparX	Sparx Neo 7	720	1600	280
SparX	Sparx Neo 7 Pro	720	1600	280
SparX	Sparx Neo 8 Pro	720	1600	280
SparX	Sparx Neo 8i	720	1600	280
SparX	Sparx Ultra 8i	720	1604	320
SparX	Sparx_Neo_15	720	1612	320
SparX	Sparx_Neo_15_Pro	720	1640	320
SparX	Ultra 11	1080	2460	480
SparX	Ultra 8	1080	2400	480
SparX	Ultra 8 Pro	1080	2400	480
SPC	Discovery Pro	1080	2460	480
SPC	Discovery SE	720	1600	320
SPC	DISCOVERY_2_EEA	720	1612	320
SPC	DISCOVERY_2_ME_EEA	720	1600	480
SPC	DISCOVERY_3	720	1600	480
SPC	DISCOVERY_3_PRO_EEA	720	1600	320
SPC	GRAVITY-2	800	1280	160
SPC	GRAVITY-PRO-2	800	1280	160
SPC	GRAVITY-SE	800	1280	160
SPC	GRAVITY-ULTIMATE-2	1200	1920	240
SPC	GRAVITY_3	800	1332	160
SPC	GRAVITY_3_MINI	800	1280	180
SPC	GRAVITY_3_PRO	800	1332	160
SPC	GRAVITY_3_SE	800	1332	160
SPC	GRAVITY_4	800	1332	160
SPC	GRAVITY_4_PLUS	1200	2000	240
SPC	GRAVITY_5_EEA	800	1280	213
SPC	GRAVITY_5_PRO	1200	1920	280
SPC	GRAVITY_5_SE_EEA	800	1280	213
SPC	GRAVITY_6_10_EEA	800	1280	160
SPC	GRAVITY_6_11_EEA	800	1280	160
SPC	GRAVITY_6_PRO_11_EEA	1200	1920	280
SPC	GRAVITY_6_PRO_12_EEA	1200	2000	280
SPC	Gravity_Max_EEA	800	1280	213
SPC	L80W	1200	1920	320
SPC	LIGHTYEAR-2	800	1280	213
SPC	SMART 2	442	960	240
SPC	SMART 3	442	960	220
SPC	SMART_MAX_2	480	960	200
SPC	SMART_PRO	720	1560	320
SPC	SMART_ULTIMATE	720	1560	320
SPC	WUUM S	720	1600	320
SPC	ZEUS 2	480	854	200
SPC	ZEUS 2 PRO	720	1560	320
SPC	ZEUS_2_ELITE_EEA	720	1600	320
SPC Mobile	APOLO	480	960	240
SPC Mobile	GRAVITY-2-MAX	800	1280	160
SPC Mobile	GRAVITY2-4G	800	1280	160
SPC Mobile	GRAVITY_3_4G	800	1332	180
SPC Mobile	GRAVITY_3G_2019_eea	800	1280	213
SPC Mobile	L60 Pro	480	854	240
SPC Mobile	L70_Lite	600	1024	160
SPC Mobile	L80	800	1280	213
SPC Mobile	L80_S	800	1280	240
SPC Mobile	Lightyear	800	1280	213
SPC Mobile	LIGHTYEAR2-4G	800	1280	213
SPC Universe	GRAVITY3G	800	1280	160
SPC Universe	GRAVITY4G	800	1280	160
SPC Universe	GRAVITY_ PRO	800	1280	160
SPC Universe	GRAVITY_4G_2019_eea	800	1280	213
SPC Universe	GRAVITY_OCTACORE	800	1280	160
SPC Universe	heaven_10_1	800	1280	160
SPC Universe	SPC GEN	720	1440	320
SPC Universe	SPC GEN LITE	600	1280	280
SPC Universe	SPC GEN MAX	720	1520	320
SPC Universe	SPC GEN PLUS	600	1280	320
SPC Universe	SPC SMART LITE	480	960	240
SPC Universe	SPC SMART MAX	720	1440	320
SPC Universe	SPC SMART PLUS	720	1440	320
SPC Universe	ZEUS_4G	720	1440	320
SPC Universe	ZEUS_4G_PRO	720	1440	320
Specktron	CDX	2160	3840	420
Specktron	UDX_series	2160	3840	480
Specktron	UDX_Series	2160	3840	480
SPECTRA	Cell_C_Pro	720	1612	480
SPECTRA	Spectra J2	576	1280	240
SPECTRA	Spectra J2 Pro	720	1612	480
SPECTRA	Spectra J3 MTN	576	1280	240
SPECTRA	Spectra MobileMapper6	1080	2340	480
SPECTRA	TAP-POS	480	960	240
SPECTRA	ZCM Z1	576	1280	240
SPECTRA	ZCM Z1 Pro	720	1612	480
Spectra Geospatial	MobileMapper60_2	1080	1920	480
Spectra Geospatial	Ranger 5	720	1280	320
Spectralink	Versity 92-Series	480	800	240
Spectralink	Versity 9540	1080	1920	480
spectramobile	Spectra J1	720	1612	280
spectramobile	Spectra J1 PRO	720	1612	280
spectramobile	SpectraTab1	800	1280	213
Speechi	SUPERGLASS PRO	2160	3840	480
Speedata	SD100	1200	1920	240
SPEEDSTAR	StarTab_A324G	1200	1920	240
Spice	F305	480	854	240
Spice	K601	480	854	240
Spider	Spider_A10	800	1280	160
Spider	Spider_M10Pro	1200	1920	240
SPRANGE	M20_PLUS	800	1280	160
SPRANGE	M30_PLUS	800	1280	213
SPRANGE	Sprange_L8	800	1280	213
Sprint	AQT100	800	1280	213
Sprint	AQT82	800	1280	213
Sprint	Slate 8 Tablet	800	1280	213
SPURT	Spurt_K800	720	1600	320
SQ(max)	Hope10_Max	800	1280	213
SQ(max)	Hope8_Max	800	1280	204
SSA-Digital	MID-1015T	800	1280	160
SSB PHONES	AMS5518R	576	1280	240
SSB PHONES	LM5518R	384	854	240
SSB PHONES	MP5184G	480	854	240
SSB PHONES	SS5114G	480	854	240
SSB PHONES	SSB504R	480	854	240
SSmooth	NOVA 6.5	720	1600	320
SSmooth	Smooth 5.0 2022	480	854	213
SSmooth	Smooth 5.5 Lite	480	960	213
SSmooth	Smooth 5.5 MAX	480	960	213
SSmooth	Smooth 6.0	480	960	200
SSmooth	Smooth 6.26 Lite	720	1520	320
SSmooth	Smooth 6.26 Max	720	1520	320
SSmooth	Smooth 6.26 Pro	720	1520	300
SSmooth	Smooth 6.5	720	1612	320
SSmooth	Smooth Kids	800	1280	160
SSmooth	Smooth Note 6.8	720	1600	320
SSmooth	Smooth6_1	720	1560	320
SSmooth	Smooth_5	480	854	240
SSmooth	Smooth_8GT	800	1280	213
SSmooth	SMV15523216	480	960	200
SSmooth	Vision	720	1600	320
SSmooth	Vision Plus	720	1600	320
StarBoard	YL	2160	3840	480
STARK_FUTURE	ARKENSTONE	720	1612	320
STARK_FUTURE	VARG	720	1440	320
Starlight	Alpha 100	720	1520	280
Starlight	Alpha 200	720	1600	320
Starlight	Alpha_300	720	1600	320
Starlight	Alpha_400	720	1600	320
Starlight	C_Note	720	1440	320
Starlight	C_Note_Pro	480	996	240
Starlight	Gionee_Star	720	1440	320
Starlight	I star	640	1280	320
Starlight	I_Star_Plus	640	1280	240
Starlight	Milan_Pro	720	1560	320
Starlight	My_star_18	720	1520	320
Starlight	My_Star_X	480	960	240
Starlight	RIO STAR	720	1440	320
Starlight	Safari	1080	1920	480
Starlight	Star_Mix_2	720	1520	320
Starlight	Star_Plus	480	854	240
Starlight	star_plus_plus	720	1280	320
Starlight	Starlight	600	1280	240
Starlight	Vegas	720	1560	320
Starlight	venus	480	960	240
Starlight	VENUS_PLUS	442	960	240
StarMobile	PLAY Click LTE	480	960	240
START	Start S	720	1600	320
STboard	HJ_TD	2160	3840	420
STE (A)	S11	800	1280	213
STF Mobile	BLOCK_GO	480	854	240
STG Telecom	STG A2 Pro	720	1520	320
STG Telecom	STG H10	720	1560	320
STG Telecom	STG S10	720	1560	320
STG Telecom	STG X2	720	1600	320
STG Telecom	STG X20	1080	2310	480
STG Telecom	STG X3	720	1600	320
STG Telecom	STG-KeyTab	800	1280	213
STG Telecom	STG_A1	720	1440	320
STG Telecom	STG_B10	480	854	240
STG Telecom	STG_C10	480	800	240
STG Telecom	STG_K10	720	1560	360
STG Telecom	STG_P10	480	1014	220
STG Telecom	STG_S1	720	1440	320
STG Telecom	STG_S20	720	1520	320
STG Telecom	STG_S30	720	1520	320
STG Telecom	STG_X1	1080	2246	480
STK(Santok)	cayenne	720	1280	320
STK(Santok)	Evo_2	480	800	240
STK(Santok)	STK X2	720	1440	320
STK(Santok)	X3	720	1600	320
Storex	MDDDI13310	800	1280	160
Strawberry	SX	720	1520	320
Stream	B1s	480	800	240
Stream	B3Pro	720	1280	320
Stream	HT16	720	1280	320
Stream	HT28	480	854	240
Stream	S7	640	1280	320
STUDYNLEARN	Education Market	2160	3840	480
STUDYNLEARN	IS-IFPSeries	2160	3840	480
Stylo	10_Notebook	800	1280	160
Stylo	221	480	960	200
Stylo	721	480	800	240
Stylo	721_PRO	480	800	200
Stylo	AIR	480	960	200
Stylo	APEX_5G	720	1600	320
Stylo	ARCTIC	720	1560	300
Stylo	AS210291	480	960	220
Stylo	ATLAS	720	1600	320
Stylo	AURORA	480	1014	213
Stylo	BOLD_PLUS	480	854	240
Stylo	BRAVE	480	854	213
Stylo	Comet	480	960	200
Stylo	DVK82 Mercury	720	1560	320
Stylo	DVK87_Orion 8_Tab	800	1280	213
Stylo	EOA39_STYLO_AXIS	720	1600	320
Stylo	ERA	720	1612	480
Stylo	Galaxy	720	1600	320
Stylo	GRAVITY_PLUS_TAB_10	800	1280	220
Stylo	GRAVITY_TAB_8	800	1280	213
Stylo	INKOSI	480	960	200
Stylo	INKOSI-PRO	720	1600	300
Stylo	INKOSI-PRO	720	1612	300
Stylo	INKOSI_PRO_4G	480	960	200
Stylo	INKULU_PRO	720	1600	300
Stylo	Ithemba	480	960	240
Stylo	Jupiter	480	960	220
Stylo	LIFE_2	480	800	240
Stylo	MARVEL	480	854	213
Stylo	MATRIX	540	960	220
Stylo	MAVERICK	720	1640	320
Stylo	MIRAGE	480	854	213
Stylo	MOSCOW	480	854	240
Stylo	ORION PLUS TAB 10	800	1280	200
Stylo	ORION_TAB_10_4G	800	1280	240
Stylo	Orion_Tab_8_4G	800	1280	240
Stylo	Phoenix	720	1600	320
Stylo	Prizm	720	1520	280
Stylo	Quantum	720	1600	320
Stylo	RAIN	480	854	180
Stylo	S49 ECO	396	880	240
Stylo	S49 MONO	480	960	240
Stylo	S50	480	854	240
Stylo	S54 Zen	480	960	240
Stylo	S55 Nova	480	960	240
Stylo	S56 Mist	720	1520	320
Stylo	S64 ALPHA	720	1560	320
Stylo	SATURN	480	1014	180
Stylo	Sirius_Plus_Tab_10	800	1280	220
Stylo	SIRIUS_TAB_8	800	1280	213
Stylo	SOLAR	720	1612	320
Stylo	SONIC	480	1014	200
Stylo	STEP_UP	480	960	200
Stylo	STYLO Future	540	1200	240
Stylo	Stylo_521	720	1600	300
Stylo	STYLO_DASH	480	854	200
Stylo	STYLO_GEO	480	854	200
Stylo	STYLO_MESA	720	1612	300
Stylo	Stylo_Viva	480	800	240
Stylo	SWIFT_4G	480	854	220
Stylo	TAB4	600	1024	160
Stylo	TITAN	720	1600	300
Stylo	UNIVERSE	720	1640	320
Stylo	V	540	960	240
Stylo	VERTIGO	720	1600	280
Stylo	VS571	480	960	240
Stylo	X5	540	1200	240
Stylo	X7	720	1640	320
Stylos	Tab104	1200	2000	280
Stylos	Tab2	800	1280	213
Stylos	TAB8B	600	1024	160
Stylos	TAB8F	600	1024	160
SUAAT	G2_S_EEA	800	1280	160
SUAAT	S10_U_EEA	800	1280	160
SUAAT	S10_U_US	800	1280	160
SUAAT	S10_V_EEA	800	1280	213
SUAAT	S10_V_US	800	1280	213
SUAAT	S11_V_EEA	800	1340	213
SUAAT	S11_V_US	800	1340	213
SUAAT	S3_EEA	800	1280	160
SUAAT	S3_U_EEA	800	1280	160
SUAAT	S3_U_US	800	1280	160
SUAAT	S3_US	800	1280	160
SUAAT	S6_EEA	800	1280	200
SUAAT	S6_US	800	1280	200
Sugar	Sugar	1080	1920	480
Sugar	SUGAR C11	720	1440	320
Sugar	SUGAR C12	720	1440	320
Sugar	SUGAR C13	720	1512	320
Sugar	SUGAR C60	720	1640	320
Sugar	SUGAR F20	1080	2280	480
Sugar	SUGAR P1	720	1440	320
Sugar	SUGAR S11	1080	2160	480
Sugar	SUGAR S20	1080	2246	480
Sugar	SUGAR S20s	1080	2246	480
Sugar	Sugar S30	1080	2160	480
Sugar	SUGAR S50	720	1600	320
Sugar	SUGAR S55	720	1600	320
Sugar	SUGAR T10	720	1520	280
Sugar	SUGAR T20	720	1600	320
Sugar	SUGAR T30	720	1600	320
Sugar	Sugar T50	1080	2340	420
Sugar	SUGAR Y12	720	1440	320
Sugar	SUGAR Y12s	480	960	240
Sugar	SUGAR Y13s	480	960	240
Sugar	SUGAR Y15	720	1440	320
Sugar	SUGAR Y16	720	1440	320
Sugar	SUGAR_P11	720	1440	320
Sugar	SUGAR_Y18	720	1440	320
Sun_King	EZ 2	720	1640	320
Sun_King	EZ 3	720	1600	480
Sun_King	EZ 3 Pro	720	1600	320
Sun_King	EZ_1	720	1612	280
Sunbio	SB-TM700	800	1280	213
SUNCONNECTION	SUNTB_01_GY	800	1280	213
Sunelan	Mountain M8	720	1640	320
Sunelan	River X1	720	1600	320
Sunelan	River X3	720	1600	320
Sunelan	S826	720	1640	320
SUNMAX	Model 6 Pro Max 4G	720	1600	300
SUNMAX	Model D	480	854	200
SUNMAX	Model E	720	1600	280
SUNMAX	Model X 4G	480	1014	180
SUNMAX	Model_3	480	854	213
SUNMAX	Model_6	720	1600	300
SUNMAX	Model_6	720	1612	300
SUNMAX	Model_6_4G	720	1600	300
SUNMAX	Model_6_Pro	480	960	200
SUNMAX	Model_6_Pro_4G	480	960	200
SUNMAX	Model_6_Pro_Max	720	1600	300
SUNMAX	Model_E_4G	720	1600	280
SUNMAX	Model_One	720	1600	280
SUNMAX	Model_S	720	1600	300
SUNMAX	Model_S_4G	720	1600	280
SUNMAX	Model_S_Ultra_4G_AO	720	1600	300
SUNMAX	Model_T	480	854	213
SUNMAX	Model_T1	480	854	200
SUNMAX	Model_T2	480	854	180
SUNMAX	Model_X	480	1014	180
SUNMAX	Model_Y	480	960	213
SUNMAX	Sunmax Model Tab 10	800	1280	200
SUNMAX	Tab_6	800	1280	220
Sunmi	D3	1080	1920	240
Sunmi	D3 MINI	800	1280	160
Sunmi	D3 PRO	1080	1920	240
Sunmi	FLEX 3	1080	1920	240
Sunmi	K2	1080	1920	240
Sunmi	L2s_PRO	720	1440	280
Sunmi	L3	720	1600	320
Sunmi	OrderPAD 3	800	1340	180
Sunmi	Sunmi L2H	720	1440	320
Sunmi	Sunmi L2Ks	480	800	240
Sunmi	Sunmi V2s	720	1440	320
Sunmi	T3	1080	1920	240
Sunmi	T3 PRO	1080	1920	240
Sunmi	V2sNC	720	1440	320
Sunmi	V2sPLUS	720	1520	320
Sunmi	V3	720	1600	320
Sunmi	V3 MIX	800	1280	160
Sunmi	V3 PLUS	720	1600	320
Sunny	SN10016	800	1280	160
Sunny	SN10064	1200	1920	320
Sunny	SN7016	600	1024	160
SUNPHONE	L3	720	1600	320
Sunstech	TAB1011	800	1280	160
Sunstech	TAB1012	1200	1920	240
Sunstech	TAB1015GY	800	1280	213
Sunstech	TAB1081_eea	800	1280	160
Sunstech	TAB1090	800	1280	160
SUNTAK	MOJO	720	1600	320
SUNTAK	MOX 2	720	1600	320
SUNWIND	SKY 9 E201 3G	800	1280	213
SUNWIND	Sky_1123B_3G	800	1280	160
SUNWIND	Sky_1262C_3G	800	1280	160
SUNWIND	Sky_8244B_3G_SS8263PG	800	1280	213
SUNWIND	SKY_9_A102_3G	800	1280	160
SUNWIND	SS1270PL	800	1280	213
SUPERSONIC	SC-2110A	600	1024	160
SUPERSONIC	SC-5310BDL	800	1280	160
SUPERSONIC	SC-813	1080	1920	240
SUPERSONIC	SC-9810	1200	1920	240
SUPERSONIC	SC_3107	600	1024	160
SUPERSONIC	SC_3110	800	1280	213
SUPERSONIC	SC_4107	600	1024	160
SUPERSONIC	SC_4110	800	1280	160
SUPERSONIC	SC_779KT	600	1024	160
SUPERSONIC	SC_780KT	600	1024	160
Supertab	16G4H101	800	1280	213
SUPOIN	S66	720	1440	320
Surface	Surface Duo	1350	1800	400
Surface	Surface Duo 2	1344	1892	400
Surfans	K10	800	1280	160
Surfans	K7	600	1024	160
Surfans	K7S	1200	1920	320
Surfans	Y57A	600	1024	160
Surtab	SURTAB	720	1280	160
SUXI	SUXI_I11	800	1280	213
SUXI	T700	800	1280	213
SUXI	T900	1200	1920	280
SVITOO	G99_EEA	1200	1920	280
SVITOO	MOMO8	1200	1920	280
SVITOO	P08	800	1340	213
SVITOO	P08_T	800	1340	213
SVITOO	P108_EEA	1200	2000	280
SVITOO	P108_S	1200	2000	280
SVITOO	P108_T_EEA	1200	2000	280
SVITOO	P10_A_EEA	800	1280	213
SVITOO	P10_B_EEA	800	1280	213
SVITOO	P10_D_EEA	800	1280	213
SVITOO	P10_pro	800	1280	180
SVITOO	P10_T_US	800	1280	213
SVITOO	P11	800	1280	213
SVITOO	P11_pro_EEA	800	1280	213
SVITOO	P11_T_US	800	1280	200
SVITOO	SVITOO_P10	800	1280	180
SVITOO	TAB_P10	800	1280	160
SVITOO	TAB_P10_C_ROW	800	1280	160
SVITOO	TAB_P10_CZ_ROW	800	1280	200
SVITOO	TAB_P10_ROW	800	1280	200
SVITOO	TAB_P12_EEA	1200	2000	280
SVITOO	TAB_P1300_EEA	1200	1920	213
SVITOO	V13	1600	2240	343
SWACONNECT	SWA310_NEU	800	1280	213
Swipe	Slate2	800	1280	160
Swipe	Strike	600	1024	160
Swipe	Swipe_Slate_3	800	1280	160
Swipe	Swipe_Slate_3_WiFi	800	1280	160
Swipe	Swipe_Strike8	800	1280	160
Swipe	Swipe_X1	1200	1920	240
Swissvoice	G50	720	1280	320
Syco	RS-403_EEA	720	1440	320
Syco	RS-442_EEA	720	1520	320
Syco	RT-402	800	1280	213
Syco	SYCO RS-404	720	1440	320
Syco	SYCO_RT-401	800	1280	213
SYLVANIA	SLTDVD1024	600	1024	160
SYLVANIA	SLTDVD1024_B	600	1024	160
Symphony	ATOM	720	1520	320
Symphony	Atom ii	720	1600	320
Symphony	Atom3	720	1600	280
Symphony	ATOM4	720	1612	320
Symphony	G10	480	854	240
Symphony	G100	480	960	240
Symphony	G10plus	720	1280	320
Symphony	G27	720	1612	280
Symphony	G27 Lite	720	1612	280
Symphony	G50	480	960	240
Symphony	Helio S60	1080	2246	480
Symphony	helio_30	1080	2400	480
Symphony	helio_80	1080	2412	480
Symphony	i10	720	1280	320
Symphony	i10 plus	720	1280	320
Symphony	i12	720	1440	320
Symphony	i120	720	1440	320
Symphony	i15	720	1440	320
Symphony	i18	720	1440	320
Symphony	i20	720	1280	320
Symphony	i25	720	1280	320
Symphony	i30	720	1440	320
Symphony	i32	720	1600	320
Symphony	i60	720	1280	320
Symphony	i65	720	1440	320
Symphony	i66	720	1440	320
Symphony	i67	720	1440	320
Symphony	i68	720	1440	320
Symphony	i69	720	1440	320
Symphony	i71	720	1440	320
Symphony	i72	720	1440	320
Symphony	i74	720	1440	320
Symphony	i80	720	1560	320
Symphony	i85	720	1600	320
Symphony	i90	720	1280	320
Symphony	i95	720	1440	320
Symphony	i96	720	1600	320
Symphony	i97	720	1440	320
Symphony	i98	720	1440	320
Symphony	i99	720	1560	320
Symphony	innova10	720	1600	320
Symphony	innova20	720	1600	280
Symphony	innova30	720	1612	320
Symphony	innova_40	720	1600	480
Symphony	MAX 30	720	1612	280
Symphony	MAX_60	720	1600	320
Symphony	P11	720	1440	320
Symphony	P6 PRO	720	1280	320
Symphony	P8 PRO	720	1280	320
Symphony	P9	720	1280	320
Symphony	R100	720	1280	320
Symphony	R20	720	1280	320
Symphony	R30	720	1280	320
Symphony	R40	720	1440	320
Symphony	roarV95	480	854	240
Symphony	Symphony G26	720	1612	320
Symphony	Symphony i73	720	1440	320
Symphony	Symphony V138Lite	720	1440	320
Symphony	Symphony_Z12	720	1560	320
Symphony	Symphony_Z50	720	1600	320
Symphony	Symphony_Z9	1080	1920	480
Symphony	SYMTAB 80	800	1280	240
Symphony	SYMTAB25	600	1024	213
Symphony	SYMTAB60	800	1280	213
Symphony	V100	480	854	240
Symphony	V102	480	854	240
Symphony	V105	720	1280	320
Symphony	V110	480	854	240
Symphony	V120	480	854	240
Symphony	V128	480	960	240
Symphony	V138	720	1440	320
Symphony	V139	720	1440	320
Symphony	V140	480	960	240
Symphony	V141	480	960	240
Symphony	V142	480	960	240
Symphony	V145	480	854	240
Symphony	V155	720	1280	320
Symphony	V47	480	854	240
Symphony	V65	480	854	240
Symphony	V75	480	854	240
Symphony	V85	540	960	240
Symphony	V94	480	960	240
Symphony	V96	480	854	240
Symphony	V97	480	960	240
Symphony	V98	480	854	240
Symphony	V99	480	854	240
Symphony	V99+	720	1280	320
Symphony	Z10	720	1440	320
Symphony	Z15	1080	1920	480
Symphony	Z16	720	1600	280
Symphony	Z18	720	1600	320
Symphony	Z20	720	1520	320
Symphony	Z22	720	1600	320
Symphony	Z25	720	1560	320
Symphony	Z28	720	1600	280
Symphony	Z30	720	1600	280
Symphony	Z30 pro	720	1600	280
Symphony	Z32	720	1600	320
Symphony	Z33	720	1600	280
Symphony	Z35	720	1640	260
Symphony	Z40	720	1600	280
Symphony	Z42	720	1600	320
Symphony	Z42_pro	720	1600	320
Symphony	Z45	720	1600	280
Symphony	Z47	720	1600	320
Symphony	Z55	1080	2248	480
Symphony	Z60	720	1600	280
Symphony	Z60 Plus	720	1600	280
Symphony	Z70	720	1612	320
Symphony	Z72	720	1640	320
T-Mobile	REVVL 2	720	1440	320
T-Mobile	REVVL 4	720	1520	280
T-Mobile	REVVL 4+	720	1600	320
T-Mobile	REVVL 5G	1080	2340	480
T-Mobile	REVVL 6	720	1600	280
T-Mobile	REVVL 6 Pro	720	1640	280
T-Mobile	REVVL 7	1080	2408	480
T-Mobile	REVVL 7 Pro	1080	2436	480
T-Mobile	Revvl 8	1080	2408	480
T-Mobile	Revvl 8 Pro	1080	2392	480
T-Mobile	REVVL V	720	1600	280
T-Mobile	REVVL V+ 5G	720	1640	320
T-Mobile	REVVLRY+	1080	2270	480
T-Mobile	T-Mobile REVVL TAB 2	800	1280	240
T-Mobile	TCL 20 XE	720	1600	320
T-Mobile	Telekom_Puls	800	1280	213
T-Mobile	TMRV065G	720	1600	280
T-Mobile	TMRV06P5G	720	1640	280
T-Mobile	TMRV5GTB	1200	2000	240
t_go(Argentina)	TGO_TB1021	800	1280	160
t_go(Argentina)	TGO_TB850iH	800	1280	213
Tabi_by_T_GO	EUTB_758_Argos	600	1024	160
Tabi_by_T_GO	EUTB_758G	600	1024	160
Tabi_by_T_GO	TGO_TB1001_2R	800	1280	160
Tabi_by_T_GO	TGO_TB1001_4R	800	1280	160
Tabi_by_T_GO	TGO_TB1001_4RO	800	1280	160
Tabi_by_T_GO	TGO_TB780i	600	1024	160
Tabi_by_T_GO	TGO_TB780ik	600	1024	160
Tablet_PC	T3G_07	600	1024	213
Tablet_PC	T3G_10B	800	1280	213
TABWEE	K10_EEA	800	1280	213
TABWEE	K10_NEU	800	1280	213
TABWEE	T12_Pro_US	1840	2800	320
TABWEE	T20_US	800	1280	213
TABWEE	T30_NEU	800	1280	160
TABWEE	T50_EEA	800	1280	213
TABWEE	T60_EA	1600	2400	343
TABWEE	T60_Pro_US	1200	1920	280
TABWEE	T70_US	800	1280	213
TABWEE	T80_US	800	1280	213
TABWEE	T90_US	1200	1920	280
TABWEE	W90_US	1200	1920	280
TAG-DC	TAG-DC	1200	1920	320
TAG-TECH	TAG Phone	720	1520	320
TAG-TECH	TAG-TAB-III	1200	1920	320
TAG-TECH	TAG_TAB_II	1200	1920	280
TAG-TECH	Tagphone plus	720	1600	320
TAGITAL	K88	600	1024	160
Tagtech	TAG-Pluto-TAB	1200	1920	240
Tagtech	TAGPhone	720	1600	320
TAIFA	TL1B_68	1200	1920	240
TaiwanMobile	Amazing_A55	720	1440	320
TaiwanMobile	Amazing_A57	720	1440	320
Talius	Zircon_1015	800	1280	160
Talius	Zircon_1016_4G	1200	1920	240
Tambo	Elite 3T	576	1280	240
Tambo	Elite 4T	720	1600	280
Tambo	TA-1	720	1640	320
TAMBOARD	TB_GH	2160	3840	420
TASKPHONE	T20	720	1440	320
TazTag	TazPad-FAP30	800	1280	160
TazTag	Tazpad-FAP60	1200	1920	240
Tbltaca	Y108	1200	1920	320
TCH(Timeless Connection Hero)	NEO	720	1600	320
TCH(Timeless Connection Hero)	ONE	720	1640	320
TCH(Timeless Connection Hero)	ONE Lite	720	1600	320
TCH(Timeless Connection Hero)	ONE PRO	720	1600	320
TCL	3T10 WIFI KDDI	800	1280	240
TCL	alcatel 1T7 NEW	600	1024	160
TCL	Alcatel A31 Pro	576	1280	220
TCL	AQUOS V6	720	1600	320
TCL	AQUOS V6 plus	720	1600	320
TCL	GL TCL	1440	2160	320
TCL	Jitterbug Smart4	720	1600	320
TCL	Jitterbug Smart5	720	1600	320
TCL	T607DL	720	1440	320
TCL	tbd	720	1560	320
TCL	TBD	1200	1920	320
TCL	TCL 10 5G	1080	2340	480
TCL	TCL 10 Plus	1080	2340	480
TCL	TCL 10 Pro	1080	2340	480
TCL	TCL 10 SE	720	1600	320
TCL	TCL 10 TABMAX	1200	2000	320
TCL	TCL 10 TABMAX 4G	1200	2000	320
TCL	TCL 103	720	1560	320
TCL	TCL 10L	1080	2340	480
TCL	TCL 20 5G	1080	2400	480
TCL	TCL 20 Pro 5G	1080	2400	480
TCL	TCL 20 R 5G	720	1600	320
TCL	TCL 20 SE	720	1640	320
TCL	TCL 205	720	1520	320
TCL	TCL 20E	720	1600	320
TCL	TCL 20L	1080	2400	480
TCL	TCL 20L+	1080	2400	480
TCL	TCL 20S	1080	2400	480
TCL	TCL 20Y	720	1600	320
TCL	TCL 30 5G	1080	2400	480
TCL	TCL 30 LE	720	1560	320
TCL	TCL 30 SE	720	1600	320
TCL	TCL 30 XE 5G	720	1600	320
TCL	TCL 30 XL	720	1640	320
TCL	TCL 30 Z	720	1560	320
TCL	TCL 30+	1080	2400	480
TCL	TCL 304	720	1560	320
TCL	TCL 305i	720	1600	320
TCL	TCL 306	720	1600	320
TCL	TCL 30E	720	1600	320
TCL	TCL 30XE 5G	720	1600	320
TCL	TCL 40 NXTPAPER	1080	2460	480
TCL	TCL 40 NXTPAPER 5G	720	1612	320
TCL	TCL 40 R 5G	720	1612	320
TCL	TCL 40 SE	720	1600	320
TCL	TCL 40 X 5G	720	1612	320
TCL	TCL 40 XE 5G	720	1612	320
TCL	TCL 403	480	960	240
TCL	TCL 405	720	1612	320
TCL	TCL 406	720	1612	320
TCL	TCL 406i	720	1612	320
TCL	TCL 408	720	1612	320
TCL	TCL 40T	720	1600	320
TCL	TCL 40XL	720	1600	320
TCL	TCL 50 5G	720	1612	320
TCL	TCL 50 LE	720	1612	320
TCL	TCL 50 NXTPAPER 5G	1080	2460	480
TCL	TCL 50 PRO NXTPAPER 5G	1080	2460	480
TCL	TCL 50 SE	1080	2460	480
TCL	TCL 50 XE 5G	720	1612	320
TCL	TCL 50 XE NXTPAPER 5G	720	1612	320
TCL	TCL 50 XL 5G	1080	2460	480
TCL	TCL 50 XL NXTPAPER 5G	1080	2460	480
TCL	TCL 501	540	1092	240
TCL	TCL 502	480	960	220
TCL	TCL 502	720	1612	280
TCL	TCL 505	720	1600	320
TCL	TCL 60 NXTPAPER	1080	2460	480
TCL	TCL 60 SE NXTPAPER 5G	720	1600	320
TCL	TCL 60 XE NXTPAPER 5G	1080	2460	480
TCL	TCL 605	720	1600	320
TCL	TCL 60R 5G	720	1600	320
TCL	TCL A3X	720	1440	320
TCL	TCL ION V	720	1440	320
TCL	TCL ION X	720	1440	320
TCL	TCL K11	480	960	220
TCL	TCL K12	720	1612	320
TCL	TCL K23	720	1612	320
TCL	TCL K24	720	1612	320
TCL	TCL K32 5G	720	1600	320
TCL	TCL K33 5G	720	1600	320
TCL	TCL K70	720	1570	320
TCL	TCL K70 4G	720	1570	320
TCL	TCL K70 5G	720	1570	320
TCL	TCL K70 NXTPAPER	720	1570	320
TCL	TCL K70 Power 4G	720	1570	320
TCL	TCL K70 SE	540	1210	240
TCL	TCL K70 XE	720	1570	320
TCL	TCL L10 Lite	720	1520	320
TCL	TCL L10+	720	1520	320
TCL	TCL L7	720	1440	320
TCL	TCL L9S	720	1520	320
TCL	TCL NXTPAPER 10s	1200	1920	320
TCL	TCL NXTPAPER 11 Gen2	1200	1920	320
TCL	TCL NXTPAPER 11 Plus	1440	2200	320
TCL	TCL NXTPAPER 14	1600	2400	320
TCL	TCL NXTPAPER 60 Ultra	1080	2340	440
TCL	TCL NXTPAPER 70 Pro	1080	2340	480
TCL	TCL PLEX	1080	2340	320
TCL	TCL Stylus 5G	1080	2460	480
TCL	TCL stylus 5G	1080	2460	480
TCL	TCL TAB 10 4G	800	1280	240
TCL	TCL TAB 10 5G	1200	1920	320
TCL	TCL TAB 10 FHD	1200	1920	320
TCL	TCL TAB 10 FHD 4G	1200	1920	320
TCL	TCL TAB 10 Gen4	1200	1920	320
TCL	TCL TAB 10 HD	800	1280	240
TCL	TCL TAB 10 NXTPAPER 5G	1200	2000	320
TCL	TCL TAB 10L	800	1280	160
TCL	TCL TAB 10L Gen 2	800	1280	213
TCL	TCL TAB 10L Gen 4	800	1280	240
TCL	TCL TAB 10L LTE Gen 2	800	1280	213
TCL	TCL TAB 10L LTE Gen 3	800	1280	240
TCL	TCL TAB 10L LTE Gen 4	800	1280	240
TCL	TCL TAB 10s	1200	1920	320
TCL	TCL TAB 10s 5G	1200	1920	320
TCL	TCL TAB 11 FE LTE	1200	1920	320
TCL	TCL TAB 11 Gen2	1200	1920	320
TCL	TCL TAB 11 LTE	1200	2000	320
TCL	TCL TAB 8	800	1280	240
TCL	TCL TAB 8 4G	800	1280	240
TCL	TCL TAB 8 Gen2	800	1340	240
TCL	TCL TAB 8 LE	800	1280	240
TCL	TCL TAB 8 LTE Gen2	800	1340	240
TCL	TCL TAB 8 NXTPAPER 5G	800	1340	240
TCL	TCL TAB 8 Plus	800	1280	240
TCL	TCL TAB 8 SE	800	1280	240
TCL	TCL TAB A1 NXTPAPER	1320	2112	320
TCL	TCL TAB A1 Plus	1600	2400	320
TCL	TCL TAB A1 Plus NXTPAPER	1600	2400	320
TCL	TCL TAB Disney Edition	1200	1920	320
TCL	TCL TAB Lite	800	1280	240
TCL	TCL TAB10 Gen2	1200	2000	320
TCL	TCL TABMAX 10.4	1200	2000	320
TCL	TCL 随学园 E8 4G	800	1280	240
TCL	TCL201	480	960	240
TCL	Telstra T-Inspire 2	576	1280	220
TCST	L7	1200	1920	320
TCT (Alcatel)	1T10 SMART	800	1280	160
TCT (Alcatel)	1T10 WIFI	800	1280	160
TCT (Alcatel)	3T10 4G	800	1280	240
TCT (Alcatel)	4013M	480	800	240
TCT (Alcatel)	4047G	480	854	240
TCT (Alcatel)	4055J	480	800	240
TCT (Alcatel)	5011A	720	1280	320
TCT (Alcatel)	5017B	480	854	240
TCT (Alcatel)	5023F	720	1280	320
TCT (Alcatel)	5027B	480	854	240
TCT (Alcatel)	5046S	720	1280	320
TCT (Alcatel)	5049S	720	1280	320
TCT (Alcatel)	5049Z	720	1280	320
TCT (Alcatel)	5051X	720	1280	320
TCT (Alcatel)	5056E	720	1280	320
TCT (Alcatel)	5056X	720	1280	320
TCT (Alcatel)	5059Z	480	960	240
TCT (Alcatel)	5065N	480	854	213
TCT (Alcatel)	5070D	720	1280	320
TCT (Alcatel)	5080Q	720	1280	320
TCT (Alcatel)	5085O	720	1280	320
TCT (Alcatel)	5098O	720	1280	320
TCT (Alcatel)	6039Y	720	1280	320
TCT (Alcatel)	6044D	720	1280	320
TCT (Alcatel)	6055P	1080	1920	480
TCT (Alcatel)	6062W	1080	2160	480
TCT (Alcatel)	8050E	720	1280	320
TCT (Alcatel)	8053	600	1024	160
TCT (Alcatel)	8063	600	1024	160
TCT (Alcatel)	8070	800	1280	213
TCT (Alcatel)	8079	800	1280	213
TCT (Alcatel)	9001D	720	1280	320
TCT (Alcatel)	9002A	600	1024	160
TCT (Alcatel)	9003X	600	1024	160
TCT (Alcatel)	9005X	800	1280	213
TCT (Alcatel)	9006W	600	1024	160
TCT (Alcatel)	9007X	600	1024	160
TCT (Alcatel)	9010X	800	1280	213
TCT (Alcatel)	9015B	600	1024	160
TCT (Alcatel)	9015Q	600	1024	160
TCT (Alcatel)	9015W	600	1024	160
TCT (Alcatel)	9024O	800	1280	213
TCT (Alcatel)	9024W	800	1280	213
TCT (Alcatel)	9025Q	720	1280	240
TCT (Alcatel)	9027W	800	1280	240
TCT (Alcatel)	9030G	1200	1920	320
TCT (Alcatel)	9203A	600	1024	160
TCT (Alcatel)	A3	720	1280	320
TCT (Alcatel)	A3 PLUS	720	1280	320
TCT (Alcatel)	A3 XL	720	1280	320
TCT (Alcatel)	A30	720	1280	320
TCT (Alcatel)	A5	720	1280	320
TCT (Alcatel)	A571VL	480	854	240
TCT (Alcatel)	A577VL	720	1280	320
TCT (Alcatel)	A622GL	720	1280	320
TCT (Alcatel)	A7	1080	1920	480
TCT (Alcatel)	A7 XL	1080	1920	480
TCT (Alcatel)	Alcatel 1	480	960	240
TCT (Alcatel)	Alcatel 1 SE Lite	720	1600	320
TCT (Alcatel)	Alcatel 1B	720	1440	320
TCT (Alcatel)	Alcatel 1C	480	960	240
TCT (Alcatel)	Alcatel 1E	480	800	240
TCT (Alcatel)	Alcatel 1L PLUS	720	1560	320
TCT (Alcatel)	Alcatel 1L Pro	720	1560	320
TCT (Alcatel)	Alcatel 1S	720	1440	320
TCT (Alcatel)	Alcatel 1S	720	1520	320
TCT (Alcatel)	Alcatel 1S	720	1600	320
TCT (Alcatel)	Alcatel 1SE	720	1520	320
TCT (Alcatel)	Alcatel 1SE lite edition	720	1520	320
TCT (Alcatel)	ALCATEL 1T 10	800	1280	160
TCT (Alcatel)	ALCATEL 1T 7	600	1024	160
TCT (Alcatel)	Alcatel 1T 7 3G NEW	600	1024	160
TCT (Alcatel)	Alcatel 1T 7 WIFI	600	1024	160
TCT (Alcatel)	alcatel 1T7 4G	600	1024	160
TCT (Alcatel)	alcatel 1T7 NEW	600	1024	160
TCT (Alcatel)	Alcatel 1V	480	960	240
TCT (Alcatel)	Alcatel 1V	720	1520	320
TCT (Alcatel)	Alcatel 1V	720	1600	320
TCT (Alcatel)	Alcatel 1X	480	960	240
TCT (Alcatel)	alcatel 1X	720	1440	320
TCT (Alcatel)	Alcatel 3	720	1440	320
TCT (Alcatel)	Alcatel 3	720	1560	320
TCT (Alcatel)	ALCATEL 3C	720	1440	320
TCT (Alcatel)	Alcatel 3C	720	1440	320
TCT (Alcatel)	Alcatel 3H Plus	720	1600	320
TCT (Alcatel)	Alcatel 3L	720	1440	320
TCT (Alcatel)	Alcatel 3L	720	1520	320
TCT (Alcatel)	Alcatel 3L	720	1560	320
TCT (Alcatel)	Alcatel 3L	720	1600	320
TCT (Alcatel)	Alcatel 3T 10	800	1280	213
TCT (Alcatel)	Alcatel 3T 8	800	1280	240
TCT (Alcatel)	alcatel 3T8	800	1280	240
TCT (Alcatel)	Alcatel 3V	720	1440	320
TCT (Alcatel)	Alcatel 3V	1080	2160	480
TCT (Alcatel)	Alcatel 3X	720	1440	320
TCT (Alcatel)	Alcatel 3X	720	1600	320
TCT (Alcatel)	Alcatel 5	720	1440	320
TCT (Alcatel)	Alcatel 5H Plus	720	1600	320
TCT (Alcatel)	Alcatel 5V	720	1500	320
TCT (Alcatel)	Alcatel A11	480	854	200
TCT (Alcatel)	Alcatel A31 Prime	576	1280	220
TCT (Alcatel)	Alcatel A33	576	1280	220
TCT (Alcatel)	Alcatel A62	720	1600	260
TCT (Alcatel)	Alcatel JOY TAB	800	1280	240
TCT (Alcatel)	Alcatel JOY TAB KIDS	800	1280	240
TCT (Alcatel)	Alcatel LUMOS™	720	1440	320
TCT (Alcatel)	ALCATEL ONE TOUCH 5036A	480	854	240
TCT (Alcatel)	ALCATEL ONE TOUCH 7040A	480	854	240
TCT (Alcatel)	ALCATEL ONE TOUCH 8020D	1080	1920	480
TCT (Alcatel)	ALCATEL ONE TOUCH P310A	600	1024	160
TCT (Alcatel)	ALCATEL ONE TOUCH P320A	800	1280	213
TCT (Alcatel)	ALCATEL ONETOUCH Flash Plus	1080	1920	480
TCT (Alcatel)	ALCATEL ONETOUCH IDOL 3 (5.5)	1080	1920	480
TCT (Alcatel)	ALCATEL ONETOUCH PIXI 3 (3.5)	320	480	160
TCT (Alcatel)	ALCATEL ONETOUCH PIXI 3 (4.5)	480	854	240
TCT (Alcatel)	ALCATEL ONETOUCH PIXI 4 (4)	480	800	240
TCT (Alcatel)	ALCATEL ONETOUCH POP 3 (5)	480	854	240
TCT (Alcatel)	ALCATEL ONETOUCH POP 3 (5.5)	720	1280	320
TCT (Alcatel)	ALCATEL ONETOUCH Victory	720	1280	320
TCT (Alcatel)	Alcatel ONYX™	720	1440	320
TCT (Alcatel)	ALCATEL PIXI 4 (5)	480	854	240
TCT (Alcatel)	alcatel PIXI 4 (5.5)	720	1280	320
TCT (Alcatel)	Alcatel Raven LTE	480	854	240
TCT (Alcatel)	alcatel U5	480	854	240
TCT (Alcatel)	Alcatel V3 Classic	720	1600	320
TCT (Alcatel)	Alcatel V3 Pro	720	1600	320
TCT (Alcatel)	Alcatel V3 Ultra	1080	2460	480
TCT (Alcatel)	Alcatel9007T	600	1024	160
TCT (Alcatel)	Alcatel_4060A	480	854	240
TCT (Alcatel)	Alcatel_5044C	480	854	240
TCT (Alcatel)	Alcatel_5056O	720	1280	320
TCT (Alcatel)	Alcatel_5085C	720	1280	320
TCT (Alcatel)	Alcatel_6060C	1080	1920	480
TCT (Alcatel)	Alcatel_7049D	720	1280	320
TCT (Alcatel)	Alcatel_9026S	800	1280	160
TCT (Alcatel)	ALCATEL_ONETOUCH_5022D	720	1280	320
TCT (Alcatel)	ELEMENT5	480	854	240
TCT (Alcatel)	freebit PandA_m14	540	960	240
TCT (Alcatel)	Go PLAY	720	1280	320
TCT (Alcatel)	I216A	540	960	160
TCT (Alcatel)	I221	800	1280	213
TCT (Alcatel)	IDOL 4S	1440	2560	640
TCT (Alcatel)	IDOL 5	1080	1920	480
TCT (Alcatel)	IDOL 5S	1080	1920	480
TCT (Alcatel)	INSIGHT™	480	960	240
TCT (Alcatel)	Lively Smart	720	1520	320
TCT (Alcatel)	Mirage	1080	1920	480
TCT (Alcatel)	NA	720	1600	320
TCT (Alcatel)	No	480	854	240
TCT (Alcatel)	ONE TOUCH 4015X	320	480	160
TCT (Alcatel)	ONE TOUCH 4033X	480	800	240
TCT (Alcatel)	ONE TOUCH 6012D	480	854	240
TCT (Alcatel)	ONETOUCH PIXI 3 (8)	800	1280	213
TCT (Alcatel)	ONETOUCH PIXI3(7)	600	1024	240
TCT (Alcatel)	P330X_orange	600	1024	160
TCT (Alcatel)	P360X	800	1280	213
TCT (Alcatel)	PIXI 4 (5)	480	854	240
TCT (Alcatel)	PIXI3(4.5)	480	854	240
TCT (Alcatel)	PIXI4 (3.5)	320	480	160
TCT (Alcatel)	Pixi4-4 3G Telus	480	800	240
TCT (Alcatel)	Pixo 7	540	960	160
TCT (Alcatel)	POP 2	480	854	240
TCT (Alcatel)	POP 4 6" 4G android	1080	1920	480
TCT (Alcatel)	POP 4S	1080	1920	480
TCT (Alcatel)	Smart Tab 7	600	1024	160
TCT (Alcatel)	smart tab 7	600	1024	160
TCT (Alcatel)	SOL PRIME	1440	2560	640
TCT (Alcatel)	T2	720	1440	320
TCT (Alcatel)	TBD	480	960	220
TCT (Alcatel)	tbd	480	960	240
TCT (Alcatel)	tbd	720	1280	320
TCT (Alcatel)	tbd	720	1600	320
TCT (Alcatel)	TBD	800	1280	240
TCT (Alcatel)	TCL 10 5G UW	1080	2340	480
TCT (Alcatel)	TCL 30 Z	720	1560	320
TCT (Alcatel)	TCL 305	720	1600	320
TCT (Alcatel)	TCL 30V 5G	1080	2400	480
TCT (Alcatel)	TCL 40 XE 5G	720	1612	320
TCT (Alcatel)	TCL 4X 5G	720	1600	320
TCT (Alcatel)	TCL 750	1080	1920	480
TCT (Alcatel)	TCL A2X	720	1520	320
TCT (Alcatel)	TCL A3	720	1440	320
TCT (Alcatel)	TCL ION	720	1440	320
TCT (Alcatel)	TCL LX	480	960	240
TCT (Alcatel)	TCL SIGNA	720	1440	320
TCT (Alcatel)	TCL Stylus 5G	1080	2460	480
TCT (Alcatel)	TCL XL2	720	1440	320
TCT (Alcatel)	TCL_Xess_P17AA_OS	1080	1920	160
TCT (Alcatel)	TETRA	480	854	240
TCT (Alcatel)	TKEE MAX	800	1280	160
TCT (Alcatel)	TKEE mini	600	1024	160
TCT (Alcatel)	TKEE MINI	600	1024	160
TCT (Alcatel)	U3	480	800	240
TCT (Alcatel)	U5 HD	720	1280	320
TCT (Alcatel)	U50™	480	854	240
TD Tech	TD Tech V900	1080	2408	400
Teachmint_X	Teachmint_X	2160	3840	480
TeachmintX	Teachmint_X_PRO	2160	3840	480
TEAMGEE	Touch-Screen-Monitor	1080	1920	216
TECH_VIEW	Tab_80_pro	1200	1920	213
techBITE	SmartBoard 10 LTE	800	1280	213
techBITE	smartboard_2	1200	1920	286
techBITE	Smartboard_III_12_EEA	1600	2560	320
TECHcomputer	F102-T610-EEA	1200	1920	280
TECHcomputer	F102-T610-EEA-GG5	1200	1920	280
TECHcomputer	F102-T618-EEA	1200	1920	320
TECHcomputer	TEC-M1310	1440	2160	240
TECHLIFE	TechLife Pad Pro 12"	1600	2400	320
TECHLIFE	TechLife TLPADM04	800	1280	240
TECHLIFE	TLPAD001	1200	2000	280
TECHLIFE	TLPAD002	800	1280	213
TECHLIFE	TLPADL03	800	1280	213
TECHLIFE	TLPADNEO_a	800	1280	213
TECHLIFE	TLPADP04	1200	2000	280
TECHLIFE	TLPADP05	1200	2000	240
TECHLIFE	TLPADPLUS	1200	2000	240
Technocrat	SC777	800	1280	160
TECHNOLOGIA Y CRATIVIDAD	M103H	800	1280	160
Technopc	QUANTUM_ZIRCON_11Q801_TR	1200	1920	280
Technopc	TM-T10SA-V2	1200	1920	240
Technopc	UP10_SH36LAG	1200	1920	240
Technopc	UP10S43LA	1200	1920	320
Technopc	UP10SI36LA	1200	1920	320
Technopc	Zircon_12NS	1200	2000	213
Techpad	1016S	800	1280	160
Techpad	1032	800	1280	160
Techpad	3G_16	600	1024	160
Techpad	816	800	1280	160
Techpad	GamePad	600	1024	160
Techpad	i700	600	1024	160
Techpad	K13	1080	1920	240
Techpad	k13pro	1080	1920	240
Techpad	Kids_Pro	800	1280	200
Techpad	M55_4G	480	960	240
Techpad	M5GO	480	960	240
Techpad	NOTE_4CAM	600	1280	240
Techpad	Note_4CAM	720	1520	320
Techpad	R10	800	1280	213
Techpad	R11_ULTRA	800	1280	213
Techpad	S6	480	960	240
Techpad	S813G	600	1024	160
Techpad	Tech Pad	800	1280	160
Techpad	Tech732	600	1024	160
Techpad	Tech_Pad_X10B	720	1600	320
Techpad	TechPad 10Y	600	1024	160
Techpad	TechPad 9x	600	1024	160
Techpad	TechPad_1032	800	1280	160
Techpad	TechPad_1032s	800	1280	160
Techpad	TechPad_10Z	600	1024	160
Techpad	TechPad_3Gx	600	1024	160
Techpad	TechPad_716	600	1024	160
Techpad	Techpad_864	800	1280	160
Techpad	X11	720	1600	320
Techpad	X7	720	1560	320
Techpad	X9	720	1600	320
Techpad	Z10	800	1280	180
Techview	S1000Pro	720	1640	320
Techview	S15Pro	720	1600	320
Techview	S16PRO	720	1560	320
Techview	S17Pro	720	1640	320
Techview	Techview_Tab_80_LTE	800	1280	160
Teclast	APEX_P10HD_PRO	1200	1920	320
Teclast	ArtPadAir_EEA	1280	1840	240
Teclast	ArtPadPro_ROW	1600	2176	320
Teclast	M20_4G	1600	2560	320
Teclast	M30_Pro_ROW	1200	1920	240
Teclast	M40 Pro	1200	1920	280
Teclast	M40 Pro_EEA	1200	1920	280
Teclast	M40 Pro_ROW	1200	1920	280
Teclast	M40_EEA	1200	1920	240
Teclast	M40_Plus_EEA	1200	1920	260
Teclast	M40_Plus_ROW	720	1560	320
Teclast	M40_ROW	1200	1920	240
Teclast	M40Air_KR	1200	1920	320
Teclast	M40Plus_E_EEA	1200	1920	280
Teclast	M40Plus_E_ROW	1200	1920	280
Teclast	M40Plus_EEA	1200	2000	240
Teclast	M40Plus_ROW	1200	1920	286
Teclast	M40Pro_EEA	1200	1920	280
Teclast	M40Pro_ROW	1200	1920	280
Teclast	M40Pro_RUS	1200	1920	320
Teclast	M40SE_EEA	1200	1920	320
Teclast	M40SE_Y_EEA	1200	1920	280
Teclast	M40SE_Y_ROW	1200	1920	280
Teclast	M50-EEA	800	1280	180
Teclast	M50-ROW	800	1280	180
Teclast	M50_EU	800	1280	180
Teclast	M50_ROW	800	1280	180
Teclast	M50_W_ROW	800	1280	180
Teclast	M50HD_EEA	1200	1920	280
Teclast	M50HD_ROW	1200	1920	280
Teclast	M50Mini_EEA	800	1340	180
Teclast	M50mini_ROW	800	1280	180
Teclast	M50Mini_ROW	800	1340	180
Teclast	M50Mini_W_ROW	800	1340	180
Teclast	M50Plus_EEA	1200	1920	280
Teclast	M50Plus_ROW	1200	1920	240
Teclast	M50Pro_EEA	1200	1920	280
Teclast	M50Pro_ROW	1200	1920	280
Teclast	M50S_EEA	800	1280	180
Teclast	M50S_ROW	800	1280	180
Teclast	M50T_EEA	800	1280	160
Teclast	P10_HD_EEA	1200	1920	240
Teclast	P10_HD_ROW	1200	1920	240
Teclast	P10S_EEA	800	1280	213
Teclast	P10SE_EEA	800	1280	160
Teclast	P10SE_ROW	800	1280	160
Teclast	P20_EEA	800	1280	213
Teclast	P20HD_EEA	1200	1920	320
Teclast	P20HD_ROW	1200	1920	320
Teclast	P20HD_RUS	1200	1920	320
Teclast	P20S_EEA	800	1280	186
Teclast	P20S_ROW	800	1280	186
Teclast	P25_EEA	800	1280	160
Teclast	P25_ROW	800	1280	160
Teclast	P25_T_EEA	800	1280	160
Teclast	P25T_Y_EEA	800	1280	213
Teclast	P25T_Y_ROW	800	1280	213
Teclast	P26T_ROW	800	1280	160
Teclast	P30_EEA	800	1280	180
Teclast	P30_ROW	800	1280	180
Teclast	P30Air_EEA	1200	1920	320
Teclast	P30Air_KR	1200	1920	320
Teclast	P30Air_ROW	1200	1920	320
Teclast	P30HD_ROW	1200	1920	320
Teclast	P30S_EEA	1080	2248	480
Teclast	P30S_ROW	1080	2248	480
Teclast	P30S_W_EEA	800	1280	180
Teclast	P30S_W_ROW	800	1280	180
Teclast	P30T_BN_EEA	800	1280	160
Teclast	P30T_EEA	800	1280	180
Teclast	P30T_ROW	800	1280	180
Teclast	P30T_Y_ROW	800	1280	160
Teclast	P33_ROW	800	1280	160
Teclast	P40HD_EEA	1200	1920	280
Teclast	P40HD_ROW	1200	1920	280
Teclast	P40HD_T_EEA	1200	1920	280
Teclast	P40HD_T_ROW	1200	1920	280
Teclast	P50_B_EEA	800	1280	213
Teclast	P50_EEA	800	1280	180
Teclast	P50_ROW	800	1280	180
Teclast	P50Ai_ROW	800	1280	160
Teclast	P50Case_EEA	800	1280	213
Teclast	P50Mini_ROW	800	1340	213
Teclast	P50S_EEA	800	1280	180
Teclast	P50S_ROW	800	1280	180
Teclast	P50T_E_ROW	800	1280	180
Teclast	P50T_Y_ROW	800	1280	160
Teclast	P80_EEA	800	1280	213
Teclast	P80_KOR	800	1280	213
Teclast	P80_ROW	800	1280	213
Teclast	P80h_EEA	800	1280	213
Teclast	P80h_KR	800	1280	213
Teclast	P80h_ROW	800	1280	213
Teclast	P80T_EEA	800	1280	180
Teclast	P80T_Y_EEA	800	1280	213
Teclast	P85_B_ROW	800	1280	180
Teclast	P85_EEA	800	1280	213
Teclast	P85_ROW	800	1280	213
Teclast	P85Kids_ROW	800	1280	180
Teclast	P85T_ROW	800	1280	160
Teclast	T30_RU	1200	1920	240
Teclast	T40 Pro_ROW	1200	2000	280
Teclast	T40 Pro_RUS	1200	2000	280
Teclast	T40_Plus_EEA	1200	2000	280
Teclast	T40_Plus_ROW	1200	2000	280
Teclast	T40_Pro_W_EEA	1200	2000	260
Teclast	T40_Pro_W_ROW	1200	2000	260
Teclast	T40Air_EEA	1200	2000	280
Teclast	T40Air_ROW	1200	2000	280
Teclast	T40HD_EEA	1200	2000	280
Teclast	T40HD_ROW	1200	2000	280
Teclast	T40Pro	1200	2000	320
Teclast	T40Pro_2022_EEA	1200	2000	280
Teclast	T40Pro_2022_ROW	1200	2000	280
Teclast	T40Pro_EA	1200	2000	320
Teclast	T40Pro_EEA	1200	2000	280
Teclast	T40Pro_ROW	1200	2000	280
Teclast	T40Pro_RU	1200	2000	320
Teclast	T45HD_EEA	1200	1920	280
Teclast	T45HD_ROW	1200	1920	280
Teclast	T50	1200	2000	240
Teclast	T50_2022_EEA	1200	2000	280
Teclast	T50_2022_ROW	1200	2000	280
Teclast	T50_EEA	1200	2000	280
Teclast	T50_Y_EEA	1200	2000	280
Teclast	T50_Y_ROW	1200	2000	280
Teclast	T50HD_EEA	1200	1920	280
Teclast	T50HD_ROW	1200	1920	280
Teclast	T50Max_EEA	1200	1920	260
Teclast	T50Max_ROW	1200	1920	260
Teclast	T50Plus_E_EEA	1200	1920	280
Teclast	T50Pro_W_EEA	1200	2000	260
Teclast	T50Pro_W_ROW	1200	2000	260
Teclast	T60	1200	2000	280
Teclast	T60-EEA	1200	2000	280
Teclast	T60-ROW	1200	2000	280
Teclast	T60_EEA	1200	2000	280
Teclast	T60_ROW	1200	2000	280
Teclast	T60Ai_ROW	1200	2000	240
Teclast	T60Plus_EEA	1200	2000	260
Teclast	T60Plus_ROW	1200	2000	260
Teclast	T65_A5D8	1200	1920	480
Teclast	T65_EEA	1200	1920	480
Teclast	T65_L_ROW	1200	1920	240
Teclast	T65Max_EEA	1200	1920	260
Teclast	T65Max_ROW	1200	1920	260
Teclast	T65Plus_EEA	1200	1920	240
Teclast	T65Plus_ROW	1200	1920	240
Teclast	T70_E_ROW	1400	2240	280
Teclast	T70_EEA	800	1280	180
Teclast	T70_ROW	1200	1920	260
Teclast	T70_T_EEA	1200	1920	240
Teclast	T70Pro_ROW	1400	2240	280
Teclast	TLG01_EEA	1200	2000	260
Teclast	TLG01_ROW	1200	2000	260
Teclast	tPad8	800	1280	213
Teclast	X_EEA	800	1280	204
Tecno	5S	720	1520	320
Tecno	C5	720	1280	320
Tecno	C8	720	1280	320
Tecno	CAMON	720	1600	320
Tecno	CAMON	1080	2460	480
Tecno	CAMON 11	720	1500	320
Tecno	CAMON 11 Pro	720	1500	320
Tecno	CAMON 12	720	1600	320
Tecno	CAMON 12 Air	720	1600	320
Tecno	CAMON 15 Air	720	1600	320
Tecno	CAMON 15 Premier	1080	2340	480
Tecno	CAMON 15 Pro	1080	2340	480
Tecno	CAMON 16	720	1640	320
Tecno	CAMON 16 Pro	720	1640	320
Tecno	CAMON 16 S	720	1600	320
Tecno	CAMON 17	720	1600	320
Tecno	CAMON 17 Pro	1080	2460	480
Tecno	CAMON 17P	1080	2460	480
Tecno	CAMON 18	1080	2460	480
Tecno	CAMON 18P	1080	2460	480
Tecno	CAMON 19	1080	2460	480
Tecno	CAMON 19 Pro	1080	2460	480
Tecno	CAMON 19 Pro 5G	1080	2460	480
Tecno	CAMON 20 Pro	1080	2400	480
Tecno	CAMON 20 Pro 5G	1080	2400	480
Tecno	CAMON C7	720	1280	320
Tecno	Camon C9	1080	1920	480
Tecno	CAMON CM	720	1440	320
Tecno	Camon CX	1080	1920	480
Tecno	Camon CX Air	720	1280	320
Tecno	Camon I	720	1440	320
Tecno	CAMON i 2	720	1500	320
Tecno	CAMON i 2X	720	1500	320
Tecno	CAMON i 4	720	1520	320
Tecno	CAMON I Ace	720	1440	320
Tecno	Camon I Air	720	1440	320
Tecno	CAMON i SKY3	720	1500	320
Tecno	Camon i Twin	720	1440	320
Tecno	CAMON i2	720	1500	320
Tecno	CAMON iAIR 2+	720	1500	320
Tecno	CAMON iClick	720	1440	320
Tecno	CAMON iCLICK 2	720	1500	320
Tecno	CAMON iSky	480	960	240
Tecno	CAMON iSky2	720	1440	320
Tecno	CAMON X	720	1440	320
Tecno	CAMON X Pro	1080	2160	480
Tecno	DP7CPro-SGA1	600	1024	160
Tecno	DroiPad 10D	800	1280	160
Tecno	DroiPad 7C Pro	600	1024	160
Tecno	DroiPad 7D	600	1024	213
Tecno	DroiPad 7D ProLTE	600	1024	213
Tecno	DroiPad 7F	600	1024	240
Tecno	DroiPad 8Ⅱ	800	1280	160
Tecno	Droipad10	800	1280	160
Tecno	F1	480	854	240
Tecno	F2	480	854	240
Tecno	F2LTE	480	854	240
Tecno	i3	720	1280	320
Tecno	i3 Pro	720	1280	320
Tecno	i5	720	1280	320
Tecno	i5-Pro	720	1280	320
Tecno	i7	1080	1920	480
Tecno	Infinix SMART 7	720	1612	320
Tecno	J5	480	854	240
Tecno	J8	720	1280	320
Tecno	L8	720	1280	320
Tecno	L8 Lite	720	1280	320
Tecno	L9	720	1280	320
Tecno	L9Plus	720	1280	320
Tecno	N2	480	800	240
Tecno	N6	480	854	240
Tecno	N6S	480	854	240
Tecno	N8	480	854	240
Tecno	N8S	480	854	240
Tecno	N9	720	1280	320
Tecno	N9S	720	1280	320
Tecno	NX	720	1280	320
Tecno	Phantom 9	1080	2340	480
Tecno	PHANTOM V Flip 5G	1080	2640	480
Tecno	PHANTOM X	1080	2340	480
Tecno	PHANTOM X2 5G	1080	2400	480
Tecno	PHANTOM X2 Pro 5G	1080	2400	480
Tecno	Phantom6	1080	1920	480
Tecno	Phantom6 plus	1080	1920	480
Tecno	Phantom8	1080	1920	480
Tecno	PhonePad 3	720	1280	213
Tecno	PhonePad 7 II	600	1024	160
Tecno	POP 1 Pro	480	960	240
Tecno	POP 1s	720	1440	320
Tecno	POP 1s Pro	720	1440	320
Tecno	POP 2	480	960	240
Tecno	POP 2 Plus	480	960	240
Tecno	POP 2 Power	480	960	240
Tecno	POP 2F	480	960	240
Tecno	POP 2s	720	1440	320
Tecno	POP 2S	720	1440	320
Tecno	POP 3 Plus	720	1600	320
Tecno	POP 4 LTE	540	1200	240
Tecno	POP 4 Pro	540	1200	240
Tecno	POP 5 LTE	720	1600	320
Tecno	POP 5P	720	1600	320
Tecno	POP 6 Pro	720	1612	320
Tecno	POP 7 Pro	720	1612	320
Tecno	POP 8	720	1612	320
Tecno	POP1	480	960	240
Tecno	Pouvoir 1	720	1280	320
Tecno	Pouvoir 2	720	1440	320
Tecno	Pouvoir 2 Pro	720	1440	320
Tecno	Pouvoir 3	720	1500	320
Tecno	Pouvoir 3 Air	480	960	240
Tecno	Pouvoir 4	720	1640	320
Tecno	Pouvoir 4 Pro	720	1640	320
Tecno	POVA	720	1640	320
Tecno	POVA 5	1080	2460	480
Tecno	POVA 5 Pro 5G	1080	2460	480
Tecno	POVA Neo	720	1640	320
Tecno	POVA Neo 2	720	1640	320
Tecno	R6+	480	854	240
Tecno	S1	480	800	240
Tecno	S1E Pro	480	800	240
Tecno	S2	480	800	240
Tecno	S6s	480	854	240
Tecno	SA1 Pro	480	800	240
Tecno	SA6	480	854	240
Tecno	SAPRK GO 2021	720	1600	320
Tecno	SPARK	720	1280	320
Tecno	SPARK 10 5G	720	1612	320
Tecno	SPARK 2	720	1440	320
Tecno	SPARK 2 YOUTH	720	1440	320
Tecno	SPARK 3	720	1500	320
Tecno	SPARK 3 Pro	720	1500	320
Tecno	SPARK 4	720	1600	320
Tecno	SPARK 5 Air	720	1640	320
Tecno	SPARK 6 Air	720	1640	320
Tecno	SPARK 6 GO	720	1600	320
Tecno	SPARK 6 Go	720	1600	320
Tecno	SPARK 8 Pro	1080	2460	480
Tecno	SPARK 8C	720	1612	320
Tecno	SPARK CM	720	1440	320
Tecno	SPARK Go 2020	720	1600	320
Tecno	SPARK Go 2024	720	1612	320
Tecno	SPARK Go Plus	720	1600	320
Tecno	SPARK Plus	720	1280	320
Tecno	SPARK Pro	720	1280	320
Tecno	SPARK Youth	720	1440	320
Tecno	T1201-OP	1200	2000	240
Tecno	TECNO	720	1612	320
Tecno	TECNO CAMON 12 Air	720	1600	320
Tecno	TECNO CAMON 12 Pro	720	1548	320
Tecno	TECNO CAMON 15	720	1600	320
Tecno	TECNO CAMON 16	1080	2460	480
Tecno	TECNO CAMON 16 Premier	1080	2460	480
Tecno	TECNO CAMON 18 Premier	1080	2400	480
Tecno	TECNO CAMON 19 Neo	1080	2460	480
Tecno	TECNO CAMON 20	1080	2400	480
Tecno	TECNO CAMON 20 Premier 5G	1080	2400	480
Tecno	TECNO CAMON 20s Pro 5G	1080	2400	480
Tecno	TECNO CAMON 30	1080	2436	480
Tecno	TECNO CAMON 30 5G	1080	2436	480
Tecno	TECNO CAMON 30 Premier 5G	1264	2780	560
Tecno	TECNO CAMON 30 Pro 5G	1080	2436	440
Tecno	TECNO CAMON 30S	1080	2436	480
Tecno	TECNO CAMON 30S Pro	1080	2436	480
Tecno	TECNO CAMON 40	1080	2436	440
Tecno	TECNO CAMON 40 5G	1080	2436	440
Tecno	TECNO CAMON 40 Premier 5G	1260	2800	520
Tecno	TECNO CAMON 40 Pro	1080	2436	440
Tecno	TECNO CAMON 50	1080	2364	440
Tecno	TECNO CAMON 50 Pro	1080	2364	440
Tecno	TECNO CAMON 50 Pro 5G	1208	2644	480
Tecno	TECNO CAMON iACE 2	720	1440	320
Tecno	TECNO CAMON iACE 2x	720	1440	320
Tecno	TECNO CAMON Slim	1080	2364	420
Tecno	TECNO MegaPad 11	1200	1920	280
Tecno	TECNO MEGAPAD 2	1600	2560	360
Tecno	TECNO MEGAPAD SE	1200	1920	240
Tecno	TECNO MEGAPAD SE 2	1280	2048	300
Tecno	TECNO Mobile SPARK 20 Pro	1080	2460	480
Tecno	TECNO Mobile SPARK 8	720	1612	320
Tecno	TECNO Mobile SPARK 8C	720	1612	320
Tecno	TECNO Mobile SPARK 8T	1080	2408	480
Tecno	TECNO PHANTOM V Flip2 5G	1080	2640	480
Tecno	TECNO PHANTOM V Fold	2000	2296	480
Tecno	TECNO PHANTOM V Fold2 5G	2000	2296	480
Tecno	TECNO POP 2 Air	480	854	240
Tecno	TECNO POP 2F	480	960	240
Tecno	Tecno pop 2x Air	480	854	240
Tecno	TECNO POP 2X Plus	480	960	240
Tecno	TECNO POP 3	480	960	240
Tecno	TECNO POP 4	480	960	240
Tecno	TECNO POP 4 Air	540	1200	240
Tecno	TECNO POP 5	720	1560	320
Tecno	TECNO POP 5 Go	720	1520	320
Tecno	TECNO POP 5 LTE	720	1600	320
Tecno	TECNO POP 6	720	1560	320
Tecno	TECNO POP 6 Go	480	960	240
Tecno	TECNO POP 6 Go 4G	480	960	240
Tecno	TECNO POP 7	720	1612	320
Tecno	TECNO POP 8	720	1612	320
Tecno	TECNO POP X5	720	1600	320
Tecno	TECNO POVA 2	1080	2460	480
Tecno	TECNO POVA 3	1080	2460	480
Tecno	TECNO POVA 4	720	1640	320
Tecno	TECNO POVA 4 Pro	1080	2400	480
Tecno	TECNO POVA 5G	1080	2460	480
Tecno	TECNO POVA 6	1080	2436	440
Tecno	TECNO POVA 6 5G	1080	2460	480
Tecno	TECNO POVA 6 Neo	1080	2460	480
Tecno	TECNO POVA 6 Pro 5G	1080	2436	440
Tecno	TECNO POVA 7	1080	2460	440
Tecno	TECNO POVA 7 5G	1080	2460	440
Tecno	TECNO POVA 7 Pro 5G	1224	2720	480
Tecno	TECNO POVA 7 Ultra 5G	1080	2400	520
Tecno	TECNO POVA 8 5G	1080	2344	420
Tecno	TECNO POVA 8 Pro 5G	1208	2644	520
Tecno	TECNO POVA Curve 2 5G	1080	2364	420
Tecno	TECNO POVA Curve 5G	1080	2436	440
Tecno	TECNO POVA Neo 3	720	1640	320
Tecno	TECNO R6S	480	854	240
Tecno	TECNO R7+	480	854	240
Tecno	TECNO RB7S	480	960	213
Tecno	TECNO SA2S	480	800	240
Tecno	TECNO SA7S	480	854	240
Tecno	TECNO SPARK 10	720	1612	320
Tecno	TECNO SPARK 10	1080	1920	480
Tecno	TECNO SPARK 10 Pro	1080	2460	480
Tecno	TECNO SPARK 10C	720	1612	320
Tecno	TECNO SPARK 20	720	1612	320
Tecno	TECNO SPARK 20 Pro	1080	2460	480
Tecno	TECNO SPARK 20 Pro 5G	1080	2460	480
Tecno	TECNO SPARK 20 Pro+	1080	2436	480
Tecno	TECNO SPARK 20C	720	1612	320
Tecno	TECNO SPARK 30	1080	2460	480
Tecno	TECNO SPARK 30 5G	720	1600	320
Tecno	TECNO SPARK 30 Pro	1080	2436	480
Tecno	TECNO SPARK 30C	720	1600	320
Tecno	TECNO SPARK 30C 5G	720	1600	320
Tecno	TECNO SPARK 4	720	1600	320
Tecno	TECNO SPARK 4 Air	720	1560	320
Tecno	TECNO SPARK 40	720	1600	320
Tecno	TECNO SPARK 40 5G	720	1600	280
Tecno	TECNO SPARK 40 Pro	1080	2400	420
Tecno	TECNO SPARK 40 Pro+	1080	2400	420
Tecno	TECNO SPARK 40/SPARK 40 Plus	720	1600	320
Tecno	TECNO SPARK 40C	720	1600	320
Tecno	TECNO SPARK 5	720	1600	320
Tecno	TECNO SPARK 5 Pro	720	1600	320
Tecno	TECNO SPARK 50	720	1576	280
Tecno	TECNO SPARK 50 5G	720	1576	280
Tecno	TECNO SPARK 50/50S	720	1576	280
Tecno	TECNO SPARK 50T	720	1576	320
Tecno	TECNO SPARK 7	720	1600	320
Tecno	TECNO SPARK 7 Pro	720	1600	320
Tecno	TECNO SPARK 7P	720	1640	320
Tecno	TECNO SPARK 7T	720	1600	320
Tecno	TECNO SPARK 8	720	1600	320
Tecno	TECNO SPARK 8	720	1612	320
Tecno	TECNO SPARK 8 P	1080	2408	480
Tecno	TECNO SPARK 8C	720	1612	320
Tecno	TECNO SPARK 8T	1080	2408	480
Tecno	TECNO SPARK 9	720	1612	320
Tecno	TECNO SPARK 9 Pro	1080	2408	480
Tecno	TECNO SPARK 9T	720	1612	320
Tecno	TECNO SPARK Go	720	1560	320
Tecno	TECNO SPARK Go 1	720	1600	320
Tecno	TECNO SPARK Go 2	720	1600	280
Tecno	TECNO SPARK Go 2022	720	1600	320
Tecno	TECNO SPARK Go 2024	720	1612	320
Tecno	TECNO SPARK Go 3	720	1600	280
Tecno	TECNO SPARK Go 5G	720	1600	280
Tecno	TECNO SPARK Slim	1080	2400	420
Tecno	TECNO SPARK Slim 5G	1080	2400	420
Tecno	TECNO Tab	600	1024	213
Tecno	TECNO-W5	720	1280	320
Tecno	TECNO-Y2	480	800	240
Tecno	TECNOPOP 5C	480	854	240
Tecno	W1	480	800	240
Tecno	W2	480	854	240
Tecno	W3	480	854	240
Tecno	W3 Pro	480	854	240
Tecno	W3LTE	480	854	240
Tecno	W4	720	1280	320
Tecno	W5 Lite	720	1280	320
Tecno	WX3	480	854	240
Tecno	WX3F LTE	480	854	240
Tecno	WX3LTE	480	854	240
Tecno	WX3P	480	854	240
Tecno	WX4	720	1280	320
Tecno	WX4 Pro	720	1280	320
Tecno Mobile	CAMON 19 Neo	1080	2460	480
Tecno Mobile	POVA 5 Pro 5G	1080	2460	480
Tecno Mobile	POVA Neo 2	720	1640	320
Tecno Mobile	SPARK Go 2023	720	1612	320
Tecno Mobile	SPARK Go 2024	720	1612	320
Tecno Mobile	TECNO Mobile POVA 6 Neo	1080	2460	440
Tecno Mobile	TECNO Mobile SPARK 20	720	1612	320
Tecno Mobile	TECNO Mobile SPARK 20 Pro+	1080	2436	480
Tecno Mobile	TECNO Mobile SPARK 20C	720	1612	320
Tecno Mobile	TECNO SPARK 10	720	1612	320
Tecno Mobile	TECNO SPARK 30C	720	1600	320
Tecnomaster	EDT800	800	1280	160
Tectoy	TECTOY ON 128GB	720	1520	320
Teeno	TEENO_i12	720	1560	320
Tekwind	A10A	1200	1920	240
Tekwind	Clide A10B	1200	1920	240
Telcel	i50F	480	854	240
Tele2	Mini	480	800	240
Telefunken	TEL-1013GIQA	600	1024	160
Telefunken	TEL-1014GIQ	800	1280	213
Telefunken	TEL-1014GIQA	800	1280	220
Telefunken	TEL-73GIQA	600	1024	160
Telefunken	TEL-73GIQA11	600	1024	160
Telefunken	TEL-74GIQA	600	1024	180
Telefunken	TF600	800	1280	213
Telemor	T9503	480	854	240
Teleone	I06	800	1280	220
Teletab	TL-4	800	1280	213
Teletab	TL-5	800	1280	200
Teletab	TL-5_ROW	800	1280	200
Teletab	TL-9	800	1280	200
Teletab	TL_4_ROW	800	1280	213
Teletab	TL_9_ROW	800	1280	160
TellyTablet	VM_MD_001	1080	1920	160
Telma	IFEEL MAX	480	854	240
Telma	IFeel_Max_4G	480	854	212
Telma	S_Max	720	1520	300
Telma	Telma_F1_Max_4G	720	1440	320
Telma	Telma_F1Prime4G	720	1520	300
Telma	Telma_S_Prime	720	1520	320
TeloSystems	TE580P	480	800	240
TeloSystems	TE590P	480	800	240
TeloSystems	Telo_TE590P	480	800	213
TELOX	BN500	480	800	240
TELOX	TE620G	640	1136	320
Telpo	C9D	1080	1920	240
Telpo	M10	800	1280	160
Telpo	M1K	720	1440	320
Telpo	M1T	720	1600	320
Telpo	M8	800	1280	240
TENCH	TAB_A10	800	1280	213
Teracube	Teracube 2e	800	1280	240
Teracube	Teracube 2s	720	1560	320
Teracube	Teracube_One	1080	2280	480
TERRA	GPAD702	800	1280	240
TERRA	TERRA_MOBILE_PAD_1200	1280	1920	240
TERRA	TERRA_PAD_1005	800	1280	160
TERRA	TERRA_PAD_1005POKO	800	1280	160
TERRA	TERRA_PAD_1006	800	1280	160
TERRA	TERRA_PAD_1006_V2	1200	1920	240
TERRA	TERRA_PAD_1007	1200	1920	240
TERRA	TERRA_PAD_1200_V2	1280	1920	240
TERRA	TERRA_PAD_1201	1600	2560	320
TES (Touch Embedded Solutions)	igs-series	1080	1920	160
TES (Touch Embedded Solutions)	igs-series-gen2	1080	1920	160
Tesco	hudl 2	1200	1920	320
Tesco	Hudl HT7S3	900	1440	240
Tesla	Explr 9	1080	2460	480
Tesla	P80X_ROW	800	1280	213
Tesla	Smartphone 3.4	720	1440	320
Tesla	Smartphone 6.4 Lite	720	1440	320
Tesla	SMARTPHONE3.5	720	1440	320
Tesla	Tesla Smartphone 6.3	720	1280	320
Tesla	Tesla Smartphone 9.1 Lite	720	1440	320
Tesla	Tesla_L8_2	800	1280	160
Tesla	Tesla_SP3.3 Lite	720	1280	320
Tesla	Tesla_SP9_2	720	1520	320
TESPRO	Mayumi U1	720	1520	320
Tevau	T1	720	1640	320
teXet	TM-5075	480	960	240
teXet	TM-5076	480	960	240
teXet	TM-5083	480	960	213
TG&Co.	TG-L800S	1080	1920	480
TG&Co.	TG-L900S	1440	2560	560
THANHHUNG_TECHNOLOGY	HERO 9	720	1600	320
TheNudge	Smartboard_Ai	2160	3840	480
ThinkAcademy	T100	1200	1920	240
Thomson	Delight TH201	720	1280	320
Thomson	Origin_1010_EEA	800	1280	160
Thomson	Origin_679	720	1640	320
Thomson	T13M4BK64LTE	1080	1920	240
Thomson	TEO10	600	1024	160
Thomson	TEO10-KID2BL32	800	1280	160
Thomson	TEO10A	800	1280	160
Thomson	TEO10A	1200	1920	213
Thomson	TEO13P	1080	1920	213
Thomson	TEO84G	800	1280	240
Thomson	TEO8M2BK32LTE	800	1280	240
Thomson	TEOX10-MT8SL128LTE	1200	1920	240
Thomson	TEOX102	800	1280	160
Thomson	TEOX103	800	1280	160
Thomson	THOMSON SEREA500	720	1280	320
Thomson	Thomson_Go	2160	3840	540
Thuraya	Thuraya X5-Touch	1080	1920	480
TIANYU	S40E	720	1440	320
Tibuta	A10_M_EU	800	1280	160
Tibuta	A30	800	1280	160
Tibuta	A40	800	1280	160
Tibuta	A70W_A_EU	800	1280	213
Tibuta	E100_25EU	800	1280	160
Tibuta	E100_25US	800	1280	160
Tibuta	E100_R25_EU	800	1280	213
Tibuta	E101	800	1280	160
Tibuta	E220_M_EU	800	1280	160
Tibuta	SmartPad_E220	800	1280	160
Tibuta	TAB_868_PRO	800	1340	240
Tibuta	Tibuta_MasterPad-E100	800	1280	186
Tigers	TIS001-S3	480	960	240
Tigers	TIS001_S4	540	1200	240
Tigorr	Z7	720	1600	320
Timovi	Insignia_Lab	800	1280	160
TINSIK	A19_Plus	540	1200	200
TIOK	S32	720	1600	320
Tiwell	AP-115G	800	1280	213
Tiwell	AS_601L	720	1440	320
TJD(SZ)	MT 750QU	1080	1440	213
TJD(SZ)	MT-1011	800	1280	210
TJD(SZ)	MT-1011QR	800	1280	213
TJD(SZ)	MT-710QF	600	1024	213
TJD(SZ)	MT-710QU	600	1024	160
TJD(SZ)	MT-710QU_Pro	800	1280	160
TJD(SZ)	MT-717QW	600	1024	160
TJD(SZ)	MT-750QR	1080	1440	280
TJD(SZ)	MT-750QU_Pro	600	1024	160
TJD(SZ)	MT-761QU_Pro	800	1280	160
TJD(SZ)	MT_1025QU	800	1280	186
TM Cell	ISWAG KRONOS	480	960	240
TM Cell	LOGIC X50	480	960	240
TM Cell	UNONU W50	480	960	240
TNT (Panalo)	TNT PANALO PHONE 5G	720	1600	320
TOCHMOBILE	ANGEL_SMART	720	1520	320
Todos	Tab64	800	1280	160
Togocel	S63	720	1600	320
Togocel	Togocel_F1_Max_4G	720	1440	320
TOKECY	T847	800	1332	160
TOKECY	T847_EEA	800	1332	160
TomStar	A1000	800	1280	213
TomStar	A1020	800	1280	213
TomStar	A1110	800	1280	204
TONE	TONE e20	720	1520	280
TONE	TONE_e21	1080	2340	480
TONE	TONE_e22	1080	2400	480
TOPELOTEK	KIDS06	600	1024	160
TOPELOTEK	KIDS709	600	1024	160
TOPELOTEK	KIDS720	600	1024	160
TOPELOTEK	V7	600	1024	160
TOPELOTEK	Y8	600	1024	160
TOPELOTEK	ZIDS_701	600	1024	160
Topicon	mdt865_gms	800	1280	180
TOPJOY	SC0802	800	1280	170
TOPNICE	IFPD-H66	2160	3840	480
Topsand	G12	800	1280	160
Topsand	G12_Pro	800	1280	160
Topsand	M8_U	800	1280	213
Topsand	N10	800	1280	160
Topsand	N8	800	1280	213
Topsand	N8_KIDS	800	1280	213
Topsand	N8_Plus	800	1340	213
Torex	Rugged_tablets	1200	1920	320
TOSCIDO	P101	1200	1920	320
TOSCIDO	P101-EEA	1200	1920	320
TOSCIDO	T12-EEA	800	1280	213
TOSCIDO	T13-EEA	800	1280	213
TOSCIDO	T15	1200	1920	320
TOSCIDO	T151	1200	1920	213
TOSCIDO	T151-EEA	1200	1920	320
TOSCIDO	T181	1200	1920	200
TOSCIDO	T181-EEA	1200	1920	200
TOSCIDO	T20-EEA	1200	1920	240
TOSCIDO	T21-EEA	800	1280	213
TOSCIDO	T211-EEA	1200	1920	213
TOSCIDO	T22	800	1280	186
TOSCIDO	T22-EEA	800	1280	186
TOSCIDO	T221	800	1280	160
TOSCIDO	T26-EEA	1200	1920	320
TOSCIDO	T28	800	1280	212
TOSCIDO	T28-EEA	800	1280	212
TOSCIDO	T32-EEA	1200	1920	280
TOSCIDO	T50	1200	1920	280
TOSCIDO	T50-EEA	1200	1920	240
TOSCIDO	X102	800	1280	160
Toshiba	A204	1200	1920	240
Toshiba	A205	1200	1920	240
Toshiba	AT10-A/AT15-A (Japan: AT503)	800	1280	160
Toshiba	AT10LE-A/AT15LE-A/AT10PE-A/AT15PE-A (Japan: AT703)	1600	2560	320
Toshiba	AT400	752	1280	160
Toshiba	AT7-A	600	1024	160
Toshiba	AT7-B	600	1024	160
Toshiba	JPN:REGZA Tablet AT500 Other countries:TOSHIBA AT300	752	1280	160
Toshiba	TD-E657TS	2160	3840	480
Toshiba	TD-E757TS	2160	3840	480
Touch plus	1100AS	800	1280	180
Touch plus	770G	600	1024	160
Touch plus	AS1000	800	1280	160
TOUCH_DYNAMIC	Nexus	1080	1920	160
Touchmate	TM-MID1010	800	1280	213
Touchmate	TM-MID1010NB	800	1280	160
Touchmate	TM-MID1065	800	1280	160
Touchmate	TM-MID1080	1200	1920	240
Touchmate	TM-MID880PRO	800	1280	240
Touchview Interactive	TVULTRA98_G5	2160	3840	420
TOXIIK	A7K	600	1024	160
TOXIIK	M10_KID	800	1280	160
TOXIIK	TOXIIK_A8	800	1280	213
TOYIN	RJ TOYIN	480	854	240
Tpad	TPAD-T30B_EEA	1200	1920	320
TPS	ALTAB08	800	1280	213
TPS	K1091F	1200	1920	280
TPS	KF7	600	1024	160
TPS	S50	1200	2000	360
TPS	SZTPS	1200	1920	280
TravelWifi	Sapphire Tablet	1200	1920	320
Trecfone	17 Pro Max	720	1612	320
Trecfone	T15	720	1600	320
Trecfone	T20	1080	2460	480
Trecfone	TRECFONE S26	720	1600	280
Trecfone	Trecfone_16 Pro Max	720	1612	320
Trecfone	V30	720	1640	320
Trecfone	V35	720	1600	480
Trekstor	TFMTKAW01232	1080	1920	160
Trekstor	THMTKAW03232_eea	800	1280	160
Trekstor	THMTKAW04232_eea	800	1280	160
Trekstor	tolino tab 8	1200	1920	320
Trekstor	Trekstor Surftab B10	800	1280	160
Trekstor	Trekstor Surftab theatre K13	1080	1920	213
Trekstor	Trekstor Surftab theatre S11	1080	1920	213
Trend Mobile	Lite_07	720	1612	320
Trend Mobile	Meta_17	720	1600	320
Trend Mobile	Prime_100	1080	2460	480
Trevi	KIDTAB_7_S04	600	1024	160
Trevi	Tab104GS2	800	1280	213
Trident	A23_Max	720	1560	320
Trident	A24	720	1612	320
Trident	A25	1080	2340	480
Trident	A43	720	1600	320
Trident	A53 PRO	1080	2340	480
Trident	A54	1080	2340	480
Trident	A55	720	1600	320
Trident	A60	1080	2400	480
Trident	A75 Pro Max	1080	2460	480
Trimble Navigation	MM50	720	1280	320
Trimble Navigation	Nomad 5	720	1280	320
Trimble Navigation	Ranger 5	720	1280	320
Trimble Navigation	TDC600/MM60	1080	1920	480
Trimble Navigation	TDC600_2	1080	1920	480
Trimble Navigation	Trimble TDC6	1080	2340	480
Trimble Navigation	TSC510	720	1280	320
Trimble Navigation	TSC710	800	1280	240
TRIPLTEK	T mini	1080	2160	480
True	Alpha_5G	720	1600	300
True	S1	720	1600	320
True	S1A	720	1600	320
True	SMART 4G Adventure	480	800	240
True	SMART 4G Adventure Pro	480	960	240
True	SMART 4G Champion	480	800	240
True	SMART 4G P1	480	960	240
True	SMART 4G P1 Prime	720	1440	320
True	SMART TAB 4G e-Biz	800	1280	240
True	SMART TAB 4G e-Biz PRO	800	1280	240
True	SMART TAB 4G M1	800	1280	213
TRUE_SLIM	T1586K	480	960	200
trueslim	5516D	480	960	240
TRUFON	TRUFON FLEX	720	1600	280
TrumpMobile	T1	1080	2436	480
TrustKernel	PS01	1080	1920	400
TTfone	TT20_eea	480	800	240
TTKIDS	K06_EEA	600	1024	160
TTKIDS	K106_EEA	800	1280	160
TTS-group	IT10268	800	1280	213
TUFEN	Q718B_EEA	600	1024	160
TUFEN	Q738	600	1024	160
TUFEN	Q801	800	1280	213
TUFEN	Q88D_FUFEN_EEA	600	1024	160
Turbo-X	Turbo-X Fire II (2GB) Tablet 10.1" WIFI	800	1280	160
Turbopad	Dream	720	1440	320
Turbopad	Turbopad1015NEW	800	1280	160
Turbopad	Turbopad1016NEW	800	1280	213
Turbopad	Turbopadpro	800	1280	213
TVT VIET NAM	TVT-T10	1200	1920	300
TVT(A)	TVT-T108	1200	1920	300
TwinMOS	MQ703G	600	1024	220
TWOE	2E E450A 2018	480	854	240
TWZ Corporation PLC	V10	720	1520	320
UAUU	M10	1536	2048	240
UAUU	T30	1200	1920	304
UAUU	T30Pro	1200	1920	320
UAUU	T60	1200	1920	280
UAUU	T90_NEW	1200	1920	272
UAUU	U10_RU	800	1280	160
Ubiquiti	UVP	640	960	240
Ubiquiti	UVP Executive	600	1024	160
Ubiquiti	UVP Pro	640	960	240
UBOS	UTAB	1200	1920	280
UCM(M)	T12	800	1280	213
ugee	UT1Lite_NOEEA	1200	2000	240
ugee	UT2	1200	2000	240
ugee	UT3 Drawing Pad	1600	2400	320
UGRIHACH	A7_EEA	800	1280	160
UGRIHACH	C11	800	1280	160
UJJ(SZ)	U3_EEA	800	1280	160
UJJ(SZ)	U3_US	800	1280	160
UJJ(SZ)	U3_V_EEA	800	1280	213
UJJ(SZ)	U3_V_US	800	1280	213
UJJ(SZ)	U6_EEA	800	1280	160
UJJ(SZ)	U6_US	800	1280	160
UJJ(SZ)	U6_V_EEA	800	1280	213
UJJ(SZ)	U6_V_US	800	1280	213
UJJ(SZ)	U7_EEA	800	1280	160
UJJ(SZ)	U7_US	800	1280	160
UJJ(SZ)	U8_EEA	800	1280	160
UJJ(SZ)	U8_US	800	1280	160
UJJ(SZ)	U8_V_EEA	800	1280	213
UJJ(SZ)	U8_V_US	800	1280	213
UJoyFeel	KIDS705-701A	600	1024	160
Ulefone	Armor 10 5G	1080	2400	480
Ulefone	Armor 11 5G	720	1560	320
Ulefone	Armor 11T 5G	720	1560	320
Ulefone	Armor 12 5G	720	1600	320
Ulefone	Armor 12S	720	1600	320
Ulefone	Armor 15	720	1440	320
Ulefone	Armor 17 Pro	1080	2408	480
Ulefone	Armor 2	1080	1920	480
Ulefone	Armor 20WT	1080	2160	480
Ulefone	Armor 21	1080	2408	480
Ulefone	Armor 22	1080	2408	480
Ulefone	Armor 23 Ultra	1080	2460	480
Ulefone	Armor 24	1080	2460	480
Ulefone	Armor 25T 4G	1080	2460	480
Ulefone	Armor 26 Ultra	1080	2460	480
Ulefone	Armor 27	1080	2460	480
Ulefone	Armor 27 Pro	1080	2460	480
Ulefone	Armor 27T	1080	2460	480
Ulefone	Armor 27T Pro	1080	2460	480
Ulefone	Armor 28 Pro	1080	2400	480
Ulefone	Armor 28 Ultra	1080	2400	480
Ulefone	Armor 29 Pro	1080	2400	480
Ulefone	Armor 29 Ultra	1080	2400	480
Ulefone	Armor 2S	1080	1920	480
Ulefone	Armor 30	1080	2460	480
Ulefone	Armor 30 Pro	1080	2460	480
Ulefone	Armor 31 Pro	1080	2460	480
Ulefone	Armor 33	1080	2460	480
Ulefone	Armor 34	1080	2460	480
Ulefone	Armor 34 Pro	1080	2460	480
Ulefone	Armor 6	1080	2246	480
Ulefone	Armor 7	1080	2340	480
Ulefone	Armor 8	720	1560	320
Ulefone	Armor 8 Pro	720	1560	320
Ulefone	Armor 9	1080	2340	480
Ulefone	Armor 9E	1080	2340	480
Ulefone	Armor Mini 20	720	1600	320
Ulefone	Armor Mini 20 Pro	720	1600	320
Ulefone	Armor Mini 20T Pro	720	1600	320
Ulefone	Armor Pad	800	1280	240
Ulefone	Armor Pad 2	1200	2000	240
Ulefone	Armor Pad 4 Ultra	1200	2000	320
Ulefone	Armor Pad 5 Pro	1200	1920	260
Ulefone	Armor Pad 5 Ultra	1200	1920	260
Ulefone	Armor Pad Lite	800	1280	240
Ulefone	Armor Pad Pro	800	1280	240
Ulefone	Armor X	720	1440	320
Ulefone	Armor X10	720	1440	320
Ulefone	Armor X10 Pro	720	1440	320
Ulefone	Armor X12	720	1440	320
Ulefone	Armor X12 Pro	720	1440	320
Ulefone	Armor X13	720	1600	320
Ulefone	Armor X16	720	1612	320
Ulefone	Armor X16 Pro	720	1612	320
Ulefone	Armor X2	720	1440	320
Ulefone	Armor X31	720	1612	320
Ulefone	Armor X31 Pro	720	1612	320
Ulefone	Armor X32	720	1440	320
Ulefone	Armor X32 Pro	720	1440	320
Ulefone	Armor X5 Pro	720	1440	320
Ulefone	Armor X5 Q	720	1440	320
Ulefone	Armor X6 Pro	720	1280	320
Ulefone	Armor X7	720	1280	320
Ulefone	Armor X7 Pro	720	1280	320
Ulefone	Armor X8	720	1440	320
Ulefone	Armor X8i	720	1440	320
Ulefone	Armor X9 Pro	720	1440	320
Ulefone	Armor_3	1080	2160	480
Ulefone	Armor_3W	1080	2160	480
Ulefone	Armor_3WT	1080	2160	480
Ulefone	Armor_5	720	1512	320
Ulefone	Armor_5S	720	1512	320
Ulefone	Armor_6E	1080	2246	480
Ulefone	Armor_6S	1080	2246	480
Ulefone	Armor_7	1080	2340	480
Ulefone	Armor_7E	1080	2340	480
Ulefone	Armor_X3	720	1440	320
Ulefone	Armor_X5	720	1440	320
Ulefone	Armor_X5	1080	2220	440
Ulefone	Armor_X6	720	1280	320
Ulefone	Armor_X9	720	1440	320
Ulefone	ArmorPad3Pro_EEA	1200	2000	320
Ulefone	GQ5007AF2	1080	2460	480
Ulefone	MIX	720	1280	320
Ulefone	Note 10P	800	1280	260
Ulefone	Note 11P	720	1600	320
Ulefone	Note 12	720	1640	320
Ulefone	Note 12P	720	1640	320
Ulefone	Note 13P	1080	2400	480
Ulefone	Note 14	720	1600	320
Ulefone	Note 15	720	1520	320
Ulefone	Note 16 Pro	720	1600	320
Ulefone	Note 17 Pro	1080	2400	480
Ulefone	Note 18 Pro	720	1640	320
Ulefone	Note 18 Ultra	1080	2460	480
Ulefone	Note 19	720	1612	320
Ulefone	Note 19 Pro	720	1612	320
Ulefone	Note 20Pro	720	1600	320
Ulefone	Note 21	720	1612	320
Ulefone	Note 22	480	854	160
Ulefone	Note 23	540	1210	240
Ulefone	Note 6	720	1612	320
Ulefone	Note 6P	720	1600	320
Ulefone	Note 6T	720	1560	320
Ulefone	Note 8	442	960	240
Ulefone	Note 8P	442	960	240
Ulefone	Note 9P	720	1600	320
Ulefone	Note_10	720	1600	320
Ulefone	Note_10	720	1612	320
Ulefone	Note_7P	600	1280	240
Ulefone	Note_7T_EEA	600	1280	240
Ulefone	P6000_Plus	720	1440	320
Ulefone	Power 2	1080	1920	480
Ulefone	Power 3	1080	2160	480
Ulefone	Power 3S	1080	2160	480
Ulefone	Power 5	1080	2160	480
Ulefone	Power 5S	1080	2160	480
Ulefone	Power Armor 13	1080	2400	480
Ulefone	Power Armor 14	720	1600	320
Ulefone	Power Armor 14 Pro	720	1600	320
Ulefone	Power Armor 16 Pro	720	1440	320
Ulefone	Power Armor 16S	720	1440	320
Ulefone	Power Armor 18	1080	2408	480
Ulefone	Power Armor 18T	1080	2408	480
Ulefone	Power Armor 19	1080	2408	480
Ulefone	Power Armor 19T	1080	2408	480
Ulefone	Power Armor X11	720	1440	320
Ulefone	Power Armor X11 Pro	720	1440	320
Ulefone	Power_3L	720	1440	320
Ulefone	Power_6_EEA	1080	2340	480
Ulefone	RugKing	720	1440	320
Ulefone	RugKing 2 Pro	720	1440	320
Ulefone	RugKing 3 Pro	720	1612	320
Ulefone	RugKing 4 Pro	720	1612	320
Ulefone	RugKing 5 Pro	1080	2460	480
Ulefone	RugKing Pad 2 Pro	800	1280	160
Ulefone	RugKing Pad Pro	800	1340	240
Ulefone	S10_Pro	720	1498	320
Ulefone	S11_Pro	540	1200	240
Ulefone	S7	720	1280	320
Ulefone	S8_Pro	720	1280	320
Ulefone	S9_Pro	720	1440	320
Ulefone	T2	1080	2280	480
Ulefone	Tab A10	800	1280	213
Ulefone	Tab A10 Pro	800	1280	180
Ulefone	Tab A11	1200	1920	320
Ulefone	Tab A11 Pro	1200	1920	240
Ulefone	Tab A8	1200	1920	280
Ulefone	Tab A9 Pro	800	1340	280
Ulefone	Tab W10	800	1280	213
Ulefone	UF1201RK1	1600	2400	320
Ulefone	Ulefone Tab A7	1200	1920	320
Ulefone	Ulefone_Note_7	600	1280	240
Ulefone	Ulefone_S1	480	960	240
Ulefone	Ulefone_S11	600	1280	240
Ulefone	Ulefone_S7	720	1280	320
Ulefone	Ulefone_X	720	1512	320
uLesson	uLesson_Education_Tab	800	1280	213
uLesson	uLesson_Education_Tab_V2	800	1280	213
Uleway	T6501	720	1612	320
Umax	10A_3G	800	1280	213
Umax	10A_LTE_eea	800	1280	160
Umax	10C-LTE-A11	1200	1920	240
Umax	10C-PRO-LTE	1200	1920	240
Umax	10C_LTE	1200	1920	240
Umax	10L-PLUS	800	1280	160
Umax	10T-LTE_EEA	1200	1920	240
Umax	11T-LTE-Pro_EEA	1200	2000	314
Umax	7A_3G	600	1024	213
Umax	7A_Plus_eea	600	1024	160
Umax	8A_Plus_eea	800	1280	160
Umax	8C_LTE	800	1280	213
Umax	8L_PLUS_EEA	800	1280	160
Umidigi	A11 EEA	720	1600	320
Umidigi	A11 Pro Max	1080	2460	480
Umidigi	A11_Tab	1200	2000	320
Umidigi	A11_Tab-EEA	1200	2000	320
Umidigi	A11S EEA	720	1600	320
Umidigi	A13	720	1650	320
Umidigi	A13 Pro 5G EEA	1080	2400	480
Umidigi	A13 Pro EEA	720	1650	320
Umidigi	A13 Pro Max 5G EEA	1080	2460	480
Umidigi	A13_Tab	1200	1920	280
Umidigi	A13_Tab_EEA	1200	1920	280
Umidigi	A13S	720	1650	320
Umidigi	A15_Tab	1200	2000	280
Umidigi	A15_Tab_EEA	1200	2000	280
Umidigi	A15T	720	1650	320
Umidigi	A3	720	1440	320
Umidigi	A3_Pro	720	1512	320
Umidigi	A3S_EEA	720	1440	320
Umidigi	A3X	720	1512	320
Umidigi	A5 Pro	1080	1920	480
Umidigi	A7	720	1560	320
Umidigi	A7 Pro	1080	2340	480
Umidigi	A7S	720	1600	320
Umidigi	A9	720	1600	320
Umidigi	A9 Pro 128G EEA	1080	2340	480
Umidigi	A9 Pro R EEA	1080	2340	480
Umidigi	A9 Pro_EEA	1080	2340	480
Umidigi	AblePad_Pro	1200	2000	240
Umidigi	Active T1 EEA	1200	2000	320
Umidigi	BISON	1080	2340	480
Umidigi	BISON 2 EEA	1080	2400	480
Umidigi	BISON GT EEA	1080	2400	480
Umidigi	BISON R EEA	1080	2340	480
Umidigi	BISON X10G EEA	720	1600	320
Umidigi	BISON X10G NFC EEA	720	1600	320
Umidigi	BISON X10S EEA	720	1600	320
Umidigi	BISON X10S NFC	720	1600	320
Umidigi	BISON X20 EEA	720	1600	320
Umidigi	BISON_GT2	1080	2400	480
Umidigi	BISON_GT2_5G	1080	2400	480
Umidigi	BISON_Pro_RU	1080	2340	480
Umidigi	BISON_X10_Pro_RU	720	1600	320
Umidigi	BISON_X10_TR	720	1600	320
Umidigi	C1 Max EEA	720	1600	320
Umidigi	C1 Plus EEA	720	1600	320
Umidigi	F1_EEA	1080	2340	480
Umidigi	F2	1080	2248	480
Umidigi	F3 EEA	720	1650	320
Umidigi	F3_5G	720	1650	320
Umidigi	F3_Pro_5G	1080	2408	480
Umidigi	F3S EEA	720	1650	320
Umidigi	G1 Max RU	720	1600	320
Umidigi	G1 Plus EEA	720	1600	320
Umidigi	G1_Tab	800	1280	213
Umidigi	G1_Tab_EEA	800	1280	213
Umidigi	G1_Tab_Kids	800	1280	213
Umidigi	G1_Tab_Kids_EEA	800	1280	213
Umidigi	G1_Tab_Mini	800	1280	213
Umidigi	G1_Tab_Mini_EEA	800	1280	213
Umidigi	G1_Tab_Mini_Kids	800	1280	213
Umidigi	G1_Tab_Mini_Kids_EEA	800	1280	213
Umidigi	G2 EEA	720	1600	320
Umidigi	G2_Tab	800	1280	213
Umidigi	G2_Tab_EEA	800	1280	213
Umidigi	G2_Tab_Kids	800	1280	213
Umidigi	G2_Tab_Kids_EEA	800	1280	213
Umidigi	G3 EEA	720	1600	320
Umidigi	G3 Plus EEA	720	1600	320
Umidigi	G3_Tab_Ultra_EEA	800	1280	200
Umidigi	G5 Mecha RU	720	1612	320
Umidigi	G5_Tab	800	1280	213
Umidigi	G5_Tab_EEA	800	1280	213
Umidigi	G5_Tab_Kids	800	1280	213
Umidigi	G5_Tab_Kids_EEA	800	1280	213
Umidigi	G7_Tab_Mini	1200	1920	280
Umidigi	G7_Tab_Pro	1200	1920	320
Umidigi	G9 Tab	800	1280	213
Umidigi	One	720	1520	320
Umidigi	One Max	720	1520	320
Umidigi	One Pro	720	1520	320
Umidigi	Power	1080	2340	480
Umidigi	Power 5 EEA	720	1600	320
Umidigi	Power 5S RU	720	1600	320
Umidigi	Power 7	720	1650	320
Umidigi	Power 7 Max EEA	720	1650	320
Umidigi	Power 7S EEA	720	1650	320
Umidigi	Power_3_EEA	1080	2340	480
Umidigi	S2PRO	1080	2160	480
Umidigi	S3_Pro	1080	2340	480
Umidigi	S5 Pro	1080	2340	480
Umidigi	UMIDIGI A15	720	1650	320
Umidigi	UMIDIGI A15C EEA	720	1650	320
Umidigi	UMIDIGI A75x	720	1600	320
Umidigi	UMIDIGI C1 EEA	720	1600	320
Umidigi	UMIDIGI C2 EEA	720	1600	320
Umidigi	UMIDIGI G1 EEA	720	1600	320
Umidigi	UMIDIGI G100	720	1640	480
Umidigi	UMIDIGI G100 Pro	720	1640	320
Umidigi	UMIDIGI G100A	720	1640	480
Umidigi	UMIDIGI G100x	720	1640	320
Umidigi	UMIDIGI G3 Max EEA	1080	2408	480
Umidigi	UMIDIGI G5 EEA	720	1612	320
Umidigi	UMIDIGI G5A EEA	720	1600	320
Umidigi	UMIDIGI G6 5G	720	1616	320
Umidigi	UMIDIGI G7_EEA	720	1280	240
Umidigi	UMIDIGI G9A	720	1600	320
Umidigi	UMIDIGI G9C	720	1600	320
Umidigi	UMIDIGI G9T	720	1600	480
Umidigi	UMIDIGI G9x	720	1600	320
Umidigi	UMIDIGI Note 100	720	1600	480
Umidigi	UMIDIGI Note 100 5G	720	1600	480
Umidigi	UMIDIGI Note 100A	720	1600	480
Umidigi	UMIDIGI X	1080	1920	480
Umidigi	Z2	1080	2246	480
Umidigi	Z2 Pro	1080	2246	480
Umx(Ultimate Mobile Experience)	U2-PLUS-TE-VR	1080	2160	480
Umx(Ultimate Mobile Experience)	U2VR	1080	1920	480
Umx(Ultimate Mobile Experience)	U3AR	1080	2160	480
Umx(Ultimate Mobile Experience)	U504TL	480	854	240
Umx(Ultimate Mobile Experience)	U683CL	480	854	240
Umx(Ultimate Mobile Experience)	U693CL	480	854	240
Umx(Ultimate Mobile Experience)	U696CL	480	960	240
Unbluable)	T7E	768	1024	160
Unihertz	Atom_L	640	1136	300
Unihertz	Atom_XL	640	1136	300
Unihertz	Jelly 2E	480	854	220
Unihertz	Jelly Max	720	1520	320
Unihertz	Jelly Star	480	854	220
Unihertz	Jelly2	480	854	220
Unihertz	Jelly2_JP	480	854	220
Unihertz	Luna	1080	2400	480
Unihertz	TANK 01	1080	2400	480
Unihertz	Ticktock	1080	2340	480
Unihertz	TickTock-E	720	1600	320
Unihertz	TickTock-S	1080	2340	480
Unihertz	Titan	1440	1440	400
Unihertz	Titan 2	1440	1440	400
Unihertz	Titan pocket	720	720	220
Unihertz	Titan Slim	768	1280	320
UNION99	ZLQ9	800	1280	220
UnionTek	S65	720	1600	320
UnionTek	S65L	720	1600	320
UNIQ-CELL	D7	600	1024	180
Uniqcell	UNI 10X	720	1600	320
Uniqcell	UNI GO	720	1600	320
Uniqcell	UNI X	720	1600	320
UNISCED	UNISCEDTAB24	800	1280	160
Uniscope	S6s	800	1280	160
Uniscope	s6w	800	1280	160
Unistrong	UT10	1080	1920	480
Unistrong	UT12	1080	1920	480
Unistrong	UT12P	1080	1920	480
Unistrong	UT30_EEA	800	1280	320
Unistrong	UT32	800	1280	320
Unistrong	UT56	720	1612	320
Unitech	EA320	480	800	240
Unitech	EA500Plus	720	1280	320
Unitech	EA510	720	1440	320
Unitech	EA520	720	1280	320
Unitech	EA520_US	720	1280	320
Unitech	EA530	720	1440	320
Unitech	EA630	1080	2160	480
Unitech	EA630_Plus	1080	2160	480
Unitech	EA660	1080	2160	480
Unitech	HT330	480	800	220
Unitech	HT730	480	800	160
Unitech	HT730P	480	800	240
Unitech	PA760	720	1440	320
Unitech	PA768	1080	2340	480
Unitech	RT112	1200	1920	340
Unitech	TB85	800	1280	320
Unitech	TB85Plus	800	1280	320
Unitech	WD200	480	800	240
unitel	SMART_4G_II	720	1600	300
unitel	U903	720	1600	320
unitel	UNITEL_SMART_5G_S25	720	1600	320
unitel	UNITEL_TAB_4G_H101	800	1280	160
unitel	USMART6	720	1612	320
UNIWA	K626_EEA	1080	2160	480
UNIWA	M101	800	1280	180
UNIWA	UNIWA W888	720	1520	320
UNIWA	UNIWA_F400_EEA	480	800	220
UNIWA	UNIWA_W999	1080	2340	480
UNIWA	W555	720	1520	320
Unnecto	Bolt 1U	720	1600	300
Unnecto	Bolt1	480	854	180
Unnecto	Eco 1	720	1600	320
Unnecto	UB101_albssl	720	1612	320
Unnecto	UB202_albssl	720	1600	480
Unnecto	UB501_enetnp	720	1600	320
Unnecto	UE010	720	1600	320
Unnecto	UE020	720	1600	480
Unnion Technologies	UN-CT101	800	1280	190
Unnion Technologies	UNSP7	720	1440	320
Unonu	N63A	720	1520	300
Unonu	UN55L	444	960	213
Unonu	UNONU N65 LITE	720	1600	320
Unonu	UNONU U4001	480	800	240
Unonu	UNONU W61	720	1560	320
Unonu	UNONU_W609	720	1440	320
Unonu	UT3G	600	1024	213
Unonu	UT3GPlus	600	1024	160
Unonu	W57A	480	960	240
UnoPhone	NewPad 10	800	1280	200
UnoPhone	Premier5	480	960	240
UnoPhone	Premier5Max	480	960	200
UnoPhone	Premier_Pro_B	480	960	213
UnoPhone	Premier_ProA	480	960	213
UnoPhone	UNO_Prime6	480	960	213
UNOWHY	QOOQ	800	1280	160
UNOWHY	S10G001S4M_EEA	800	1280	160
UNOWHY	SQOOL-V4	800	1280	160
UNOWHY	UNOWHY	800	1280	160
UNOWHY	UNOWHY	1200	1920	213
UNOWHY	Y10_Premium	1200	1920	240
UNOWHY	Y10G001S4M_EEA	800	1280	160
UNOWHY	Y10G007S4M_EEA	800	1280	160
UNOWHY	Y10G007S4MI_EEA	800	1280	160
Up_Mobile	Mover_Edition	1080	2460	400
URAO	A10Max_EEA	800	1280	160
URAO	C109-3	800	1280	160
URAO	G140L_EEA	1200	1920	240
URAO	G142L_EEA	1200	1920	240
URAO	G143A_EEA	1400	2240	240
URAO	X108	800	1280	160
Urovo	CT58S	720	1440	320
Urovo	DT20_EEA	720	1280	320
Urovo	DT40_EEA	480	800	240
Urovo	DT50	720	1440	320
Urovo	DT50 5G	720	1440	320
Urovo	DT66	720	1600	320
Urovo	i6310	720	1280	320
Urovo	i9000S	720	1280	320
Urovo	i9100	720	1280	320
Urovo	P8100	800	1280	210
Urovo	P8100P	1200	1920	320
Urovo	P8100P 5G	1200	1920	320
Urovo	RT40	480	800	240
Urovo	RT40S	480	800	240
Urovo	U2	480	800	200
USA111	IRULU X11	600	1024	160
USConnect	VT10M2	800	1280	160
UTIME	TH602	720	1560	320
V-MOCCS	VT-A9	800	1280	160
V7	BUV7TBLT10A	1200	1920	240
V7	IFPXX03-V7PRO	2160	3840	480
VAIO	VA-10J	720	1280	320
VAIO	VPA051	1080	1920	480
VALE	V10A	800	1280	160
VALE	V10E-LTE	800	1280	160
VALE	V10E_LTE_464	800	1280	200
VALE	V11E LTE_4128	1200	1920	200
VALE	V12E LTE_14	1200	2000	240
VALE	V12E-LTE	1200	2000	280
VALIFONE	V200_EEA	720	1280	320
VALIFONE	V210	720	1440	320
VALIFONE	V710	720	1280	320
VALIFONE	V730	720	1280	320
VALIFONE	W888	720	1520	320
VALIFONE	W999	1080	2340	480
Vankyo	MatrixPad-X36	800	1280	213
Vankyo	P10	800	1280	160
Vankyo	P31	1200	1920	240
Vankyo	P31-E	1200	1920	240
Vankyo	P40	1200	1920	240
Vankyo	QTAB1010X	800	1280	213
Vankyo	S10	800	1280	160
Vankyo	S10_EEA	800	1280	213
Vankyo	S10_ROW	800	1280	213
Vankyo	S20	800	1280	180
Vankyo	S20_2020	800	1280	180
Vankyo	S20_EEA	800	1280	180
Vankyo	S21	800	1280	160
Vankyo	S30	1200	1920	280
Vankyo	S30_EEA	1200	1920	280
Vankyo	S7	600	1024	160
Vankyo	S7_EEA	600	1024	160
Vankyo	s8	800	1280	213
Vankyo	S8_EEA	800	1280	213
Vankyo	Vankyo_S10	800	1280	180
Vankyo	Vankyo_S10_EEA	800	1280	180
Vankyo	VANKYO_S7	600	1024	160
Vankyo	VANKYO_S7_EEA	600	1024	160
Vankyo	VANKYO_S8	800	1280	213
Vankyo	VANKYO_S8_EEA	800	1280	213
Vankyo	Z1	600	1024	160
Vankyo	Z10	1200	1920	213
Vankyo	Z1_EEA	600	1024	160
Vankyo	Z4	800	1280	160
Vankyo	Z4_EEA	800	1280	160
VASOUN	L10-M01	1200	1920	240
VASOUN	L10-T02	1200	2000	280
VASOUN	L10-T02-EEA	1200	2000	280
VASOUN	L10-T11	800	1280	180
VASOUN	L10-T11-EEA	800	1280	180
VASOUN	L10-T17	800	1280	180
VASOUN	L10_A01	800	1280	213
VASOUN	L10_A01_EEA	800	1280	213
VASOUN	L10_A03	800	1280	160
VASOUN	L10_A03_EEA	800	1280	160
VASOUN	L10_A05	800	1280	160
VASOUN	L10_A05_EEA	800	1280	160
VASOUN	L10_A06	800	1280	160
VASOUN	L10_T05	1200	2000	280
VASOUN	L10_T05_EEA	1200	2000	280
VASOUN	L10_T06	1200	1920	280
VASOUN	L10_T06_EEA	1200	1920	280
VASOUN	L10_T08	1200	2000	320
VASOUN	L10_T08_EEA	1200	2000	320
VASOUN	L10_T10	1200	1920	280
VASOUN	L10_T10_EEA	1200	1920	280
VASOUN	L10_T14	1200	2000	320
VASOUN	M7	600	1024	160
VASOUN	M7_EEA	600	1024	160
VASOUN	TAB12	800	1280	180
VASOUN	TAB12_EEA	800	1280	180
Vastking	KindPad_SA8_EEA	1200	1920	320
Vastking	KingPad_K10	1200	1920	280
Vastking	KingPad_K10_EEA	1200	1920	280
Vastking	KingPad_K10Pro	1200	1920	280
Vastking	KingPad_K10Pro_EEA	1200	1920	280
Vastking	KingPad_M10	1200	2000	280
Vastking	KingPad_M10_EEA	1200	2000	280
Vastking	KingPad_SA10	1200	1920	320
Vastking	KingPad_SA10_EEA	720	1280	240
Vastking	KingPad_SA8	1200	1920	320
Vastking	KingPad_Z10	800	1280	213
Vastking	KingPad_Z10_EEA	800	1280	213
Vastking	VZ-1	600	1024	200
vatenick	v7-EEA	600	1024	160
Vava	V1	720	1440	320
Vava	V2	540	1080	240
Vava	XP3	640	1280	320
VECT	VECT-IFPD	2160	3840	480
Veidoo	T12	800	1280	160
Veidoo	T20	800	1280	160
Veidoo	T20-Plus	1200	1920	240
Veidoo	T20_Play_EEA	600	1024	160
Veidoo	T30_EEA	800	1280	160
Veidoo	T30_PLUS	800	1280	213
Veidoo	T30_Plus_EEA	800	1280	213
Veidoo	T40	1200	2000	240
Veidoo	T50	800	1280	160
Veidoo	T80	600	1024	160
Veidoo	T80_PLUS	800	1280	160
Veidoo	V88	600	1024	160
Veidoo	VEIDOO_T40	800	1280	213
Veidoo	VEIDOO_T40_EEA	1200	2000	320
Veidoo	VEIDOO_T50	1200	2000	240
Veidoo	VEIDOO_T60_PLUS	1200	2000	240
Veidoo	VEIDOO_T70	800	1280	160
Veidoo	VEIDOO_T70_PLUS	800	1280	160
Veidoo	VEIDOO_T8	600	1024	160
Veidoo	VEIDOO_T80	600	1024	160
Veidoo	VeidooT30_EEA	1200	1920	280
Velox	Velox_10X_Pro	800	1280	220
Venturer	CT9A06P23_eea	800	1280	160
Venturer	Mariner 10 Pro	800	1280	160
Venturer	VCT9B06Q22_eea	800	1280	160
Venturer	VCT9B06Q23	800	1280	160
Venturer	VCT9F0A68R23EU	800	1280	160
Venturer	VCT9F78Q22	600	1024	160
Venturer	VCT9F78Q22-A1	600	1024	160
Venturer	VCT9F78Q22-E	600	1024	160
Venturer	VCT9F78Q22EU_eea	600	1024	160
Venturer	VCT9F8A68RD	800	1280	160
Venturer	VCT9T48Q34EU_eea	1080	1920	213
Venus	Venus V6	720	1440	320
verifone	IX90_CQA1103_EEA	800	1280	160
Verizon	Visible Midnight	720	1600	280
Verizon Wireless	5059S	480	960	240
Verizon Wireless	Ellipsis 10	1200	1920	240
Verizon Wireless	Ellipsis 7 (QMV7A)	800	1280	213
Verizon Wireless	Ellipsis 8	800	1280	213
Verizon Wireless	Ellipsis 8 HD	1200	1920	320
Verizon Wireless	Ellipsis ® 10 HD	1200	1920	240
Verizon Wireless	Gizo Tab	1200	1920	320
Verizon Wireless	TCL TAB Pro 5G	1200	2000	320
Vernee	Active	1080	1920	480
Vernee	M3	720	1440	320
Vernee	M5	720	1280	320
Vernee	M6	720	1440	320
Vernee	M7_EEA	600	1280	240
Vernee	M8 Pro	1080	2246	480
Vernee	MIX 2	1080	2160	480
Vernee	T3 Pro	720	1440	320
Vernee	Thor E	720	1280	320
Vernee	Thor Plus	720	1280	320
Vernee	V2 Pro	1080	2160	480
Vernee	X1	1080	2160	400
Vernee	X2_euro	720	1440	320
Vertex	BLK3D	720	1280	320
Vertex	CS24	720	1280	320
Vertex	CS28	720	1280	320
Vertex	Impress Click NFC	480	960	240
Vertex	Impress Cube	720	1440	320
Vertex	Impress Fire	720	1440	320
Vertex	Impress Forest	480	960	240
Vertex	Impress Grip	720	1280	320
Vertex	Impress Life	480	854	240
Vertex	Impress Luck	480	854	240
Vertex	Impress_Aqua	480	960	240
Vertex	Impress_Blade	1080	1920	480
Vertex	Impress_Wolf	720	1280	320
Vertex	Interactive-Multimedia-Display	2160	3840	480
Vertex	Lion_DC	720	1280	320
Vertex	Luck	480	854	240
Vertex	Luck_L130	480	854	213
Vertex	Pro_P300_4G	600	1280	240
Vertex	Pro_P300_4G	720	1560	320
Vertex	S1	1080	1920	480
Vertex	TAB-X10	800	1280	214
Vertex	TAB-X8	800	1280	214
Vertu	ASTER P	1080	1920	480
Vertu	Aster T	1080	1920	480
Vertu	Constellation X	1440	2560	640
Vertu	METAFLIP	1188	2790	520
Vertu	METAVERTU 2	1260	2800	560
Vertu	Signature Touch	1080	1920	480
Vertu	VERTU AGENT Q	1080	2340	480
Vertu	VTL-202101	1080	2400	480
Vertu	VTL-202201	1080	2400	480
Vestel	5000	720	1280	320
Vestel	5530	720	1280	320
Vestel	V TAB 7020A	720	1280	240
Vestel	V TAB 7810	768	1024	160
Vestel	V TAB Z1	800	1280	213
Vestel	V TAB Z2 LTE	1200	1920	280
Vestel	Venus E2 Plus	720	1280	320
Vestel	Venus E3	720	1280	320
Vestel	Venus E4	720	1440	320
Vestel	Venus E5	1080	2248	480
Vestel	Venus Go	720	1280	320
Vestel	Venus V3 5020	720	1280	320
Vestel	Venus V3 5040	1080	1920	480
Vestel	Venus V3 5070	1080	1920	480
Vestel	Venus V3 5570	1080	1920	480
Vestel	Venus V3 5580	1080	1920	480
Vestel	Venus V5	720	1280	320
Vestel	Venus V7	720	1520	320
Vestel	Venus Z10	1080	1920	420
Vestel	Venus Z30	1080	2246	480
Vestel	Venus Z40	1080	2340	480
Vestel	venus_v3_5010	720	1280	320
Vestel	Venus_V3_5040_2GB	720	1280	320
Vestel	Venus_V4	720	1280	320
Vestel	Vestel Z20	1080	2160	480
Vestel	Vestel_5000_2gb	720	1280	320
Vestel	VTAB1050	800	1280	160
Vestel	VTABZ1A	800	1280	213
VETOO	T4GB07	600	1024	160
VETOO	T4GB10	800	1280	160
VETOO	V10	1200	1920	280
Vexia	NicatabletV3	800	1280	213
Vgo Tel	Flex_2	720	1612	320
Vgo Tel	Flex_3	720	1612	320
Vgo Tel	NEW 10	720	1600	300
Vgo Tel	NEW 11	720	1560	320
Vgo Tel	NEW 15	720	1600	320
Vgo Tel	NEW 15 Pro	720	1612	320
Vgo Tel	NEW 17	720	1612	320
Vgo Tel	NEW 24	720	1600	320
Vgo Tel	NEW 25	720	1600	320
Vgo Tel	NEW 26	720	1604	320
Vgo Tel	NEW 26 Lite	720	1604	320
Vgo Tel	NEW 7	480	960	240
Vgo Tel	NEW_16_PRO	720	1600	320
Vgo Tel	NEW_20	720	1600	320
Vgo Tel	NOTE 24	1080	2460	480
Vgo Tel	NOTE_23_V02	1080	2460	480
Vgo Tel	Onyx 2	480	854	160
Vgo Tel	SMART 12	720	1600	260
Vgo Tel	SMART 13	720	1600	260
Vgo Tel	Smart 7	720	1440	320
Vgo Tel	SMART 8	720	1600	320
Vgo Tel	SMART 8 Go	720	1600	320
Vgo Tel	SMART 9 PRO	720	1600	320
VIBE Z	K910	1080	1920	480
Victurio	VI108	800	1280	213
VID(CN)	GQ3115TF5	1080	2408	480
VID(CN)	GQ3121AF1	1200	2000	320
VID(CN)	GQ5021AH2	720	1440	320
VID(CN)	GQ5021RH1	720	1440	320
Vida	S63Plus	720	1600	320
Vida	VIDA_i501	720	1280	300
VIEWEDGE	V11	1200	1920	280
ViewSonic	IFP34	2160	3840	480
ViewSonic	IFP41_1_Series	2160	3840	480
ViewSonic	IFP51_Series	2160	3840	480
ViewSonic	IFP53_Series	2160	3840	480
ViewSonic	IFP8652-2	2160	3840	480
ViewSonic	IN01_2_1N	2160	3840	480
ViewSonic	IN02 series	2160	3840	420
ViewSonic	IN03_Series	2160	3840	480
ViewSonic	IN05_Series	2160	3840	480
ViewSonic	IN21C_Series	2160	3840	480
ViewSonic	ViewPad_M10_2_32	800	1280	160
ViewSonic	ViewPad_M7_2_32	600	1024	160
ViewSonic	VPC-A31-O1	2160	3840	480
ViewSonic	VSD242	1080	1920	160
VIKUSHA	V-E5	800	1280	213
VIKUSHA	V-N5	1200	1920	280
VIKUSHA	V-Z40	800	1280	240
VIKUSHA	V-Z40Pro	800	1280	240
VIKUSHA	V-Z70	1200	2000	280
VIKUSHA	V-Z80Plus	1200	2000	252
VIKUSHA	V_M1	800	1280	213
VIKUSHA	VZ-30	800	1280	213
VIKUSHA	VZ-30Pro	800	1280	213
VILLAON	AC52	480	854	180
VILLAON	V-Pad1	800	1280	213
VILLAON	V20	480	1014	200
VILLAON	V20 SE	480	854	200
VILLAON	V30 RS	720	1600	320
VILLAON	V40	576	1280	240
VILLAON	V40s	720	1600	320
VILLAON	V50s	720	1600	320
VILLAON	VILLAON Aeon One 5G	720	1600	480
VILLAON	VILLAON Hyper 100	720	1600	480
VILLAON	VILLAON V30	540	1200	240
VILLAON	VILLAON X50	720	1600	480
VILLAON	VP1002L-OP	800	1280	200
VILLAON	Yas Y60	576	1280	240
ViMa-Tek	VM20	800	1280	213
ViMASS	VPhone_22	720	1600	320
VIMOQ	SE668S	720	1612	320
VIMOQ	VIMOQ A49 Play	480	1014	200
VIMOQ	VIMOQ Vision 3	720	1612	320
VIOS	65PB1_2	720	1612	320
VIOS	VIOS_series	720	1600	320
VIOS	VTAB7	600	1024	160
VIOS	VTABX	800	1280	213
VIPER	SZ11MK1	800	1280	200
VIPER	VIPER-Z08MK	800	1280	213
VIPER	Z11MK	800	1280	200
Virtual	Interactive-Flat-Panel	2160	3840	480
Virzo	V511	720	1440	320
Virzo	VT1001	800	1280	213
Virzo	VT701	600	1024	213
Vision	Vision V1	720	1440	320
Visiontech	PVT-8-A50-R1	800	1280	213
VISIONTEK	VT_31	800	1280	240
Visual Land	10QH_Plus	800	1280	160
Visual Land	Elite10QH	800	1280	213
Visual Land	Elite10QHPro	800	1280	200
Visual Land	P10_Plus	800	1280	160
Visual Land	P11P	1200	1920	260
Vitumi	TV46410B01	1200	1920	280
Viumee	EV7 Pro	720	1440	320
Vivax	Point_X2	720	1440	320
Vivax	TPC-102_4G_eea	800	1280	160
Vivax	TPC_8043G	800	1280	213
Vivax	TPC_8053G	800	1280	160
Vivax	TPC_8063G	800	1280	213
Vivax	TPC_8074G	800	1280	213
Vivax	VIVAX Fly6	1080	2340	480
Vivax	VIVAX_Fly_V1	720	1440	320
Vivax	VIVAX_TPC-105_4G	800	1280	213
VIVIMAGE	E8	1200	1920	240
VIVIMAGE	VIVIMAGE_A10	800	1280	180
VIVIMAGE	VIVIMAGE_A10_EEA	800	1280	180
VIVIMAGE	VIVIMAGE_E10	1200	1920	240
VIVIMAGE	VIVIMAGE_E11	1200	1920	213
VIVITEK	BK3_TH3_series	2160	3840	480
Vivo	1601	720	1280	320
Vivo	1609	720	1280	320
Vivo	I1927	1080	2400	480
Vivo	I2009	1080	2400	440
Vivo	I2011	1080	2408	440
Vivo	I2012	1080	2400	440
Vivo	I2017	1080	2376	440
Vivo	I2127	1080	2408	440
Vivo	I2202	1080	2400	440
Vivo	iQOO 10	1080	2400	480
Vivo	iQOO 10 Pro	1080	2400	480
Vivo	iQOO 11	1080	2400	480
Vivo	iQOO 11 Pro	1080	2400	480
Vivo	iQOO 11S	1080	2400	480
Vivo	iQOO 12	1260	2800	560
Vivo	iQOO 12 Pro	1080	2400	480
Vivo	iQOO 13	1440	3168	440
Vivo	iQOO 9 Pro	1080	2400	440
Vivo	iQOO 9 SE	1080	2400	440
Vivo	iQOO 9T	1080	2400	440
Vivo	iQOO Neo 10R	1260	2800	480
Vivo	iQOO Neo10	1260	2800	560
Vivo	iQOO Neo10 Pro	1260	2800	560
Vivo	iQOO Neo5S	1080	2400	480
Vivo	iQOO Neo6	1080	2400	480
Vivo	iQOO Neo6 SE	1080	2400	480
Vivo	iQOO Neo7	1080	2400	480
Vivo	iQOO Neo7 Pro	1080	2400	440
Vivo	iQOO Neo7 SE	1080	2400	480
Vivo	iQOO Neo7 竞速版	1080	2400	480
Vivo	iQOO Neo8	1260	2800	560
Vivo	iQOO Neo8 Pro	1260	2800	560
Vivo	iQOO Neo9	1260	2800	560
Vivo	iQOO Neo9 Pro	1260	2800	480
Vivo	iQOO Neo9S Pro+	1260	2800	560
Vivo	iQOO Pad	1968	2800	400
Vivo	iQOO Pad Air	1840	2800	400
Vivo	iQOO Z10 5G	1080	2392	440
Vivo	iQOO Z10 Turbo Pro	1260	2800	560
Vivo	iQOO Z10R 5G	1080	2392	440
Vivo	iQOO Z10x 5G	1080	2408	440
Vivo	iQOO Z5	1080	2400	440
Vivo	iQOO Z5 6000mAh	1080	2408	480
Vivo	iQOO Z6	1080	2400	440
Vivo	iQOO Z6 Lite 5G	1080	2408	440
Vivo	iQOO Z6 Pro	1080	2404	440
Vivo	iQOO Z6x	1080	2408	480
Vivo	iQOO Z7	1080	2388	480
Vivo	iQOO Z7 5G	1080	2388	440
Vivo	iQOO Z7 5G	1080	2400	440
Vivo	iQOO Z7 Pro 5G	1080	2400	440
Vivo	iQOO Z7s 5G	1080	2400	440
Vivo	iQOO Z7x (m)	1080	2388	480
Vivo	iQOO Z7x 5G	1080	2388	440
Vivo	iQOO Z8	1080	2388	480
Vivo	iQOO Z9 5G	1080	2400	440
Vivo	iQOO Z9 5G	1260	2800	420
Vivo	iQOO Z9 Turbo 长续航版	1260	2800	560
Vivo	iQOO Z9 Turbo+	1260	2800	560
Vivo	iQOO Z9s 5G	1080	2392	440
Vivo	iQOO Z9s Pro 5G	1080	2392	440
Vivo	iQOO Z9x 5G	1080	2408	440
Vivo	NEX A	1080	2316	480
Vivo	PA2170	1600	2560	400
vivo	Pad6 Pro	2512	3840	480
Vivo	PD1731D	1080	1920	480
Vivo	S17	1260	2800	560
Vivo	S17 Pro	1260	2800	560
Vivo	S17t	1260	2800	560
Vivo	S18 Pro	1260	2800	480
Vivo	S19 Pro	1260	2800	480
Vivo	S20	1260	2800	480
Vivo	S20 Pro	1260	2800	560
vivo	S30	1260	2800	480
vivo	S30 Pro mini	1216	2640	560
vivo	S50 Pro mini	1216	2640	560
vivo	S50t Series	1260	2750	480
vivo	S60	1260	2750	480
vivo	S60 元气版	1260	2750	560
Vivo	T1	1080	2400	440
Vivo	T1 5G	1080	2404	440
Vivo	T2	1080	2400	440
Vivo	T2 Pro 5G	1080	2400	440
Vivo	T2x 5G	1080	2408	440
Vivo	T3 5G	1080	2400	440
Vivo	T3x 5G	1080	2408	440
vivo	T4 Pro	1080	2392	440
vivo	T4 Ultra	1260	2800	420
Vivo	T4R 5G	1080	2392	440
vivo	T5 Pro 5G	1260	2800	440
vivo	T5x 5G	1080	2344	440
Vivo	U5x	720	1600	320
Vivo	V1	720	1280	320
Vivo	V1730EA	1080	1920	480
Vivo	V1731CA	1080	1920	480
Vivo	V1732A	1080	1920	480
Vivo	V1809A	1080	1920	480
Vivo	V1813BA	1080	1920	480
Vivo	V1813BT	1080	1920	480
Vivo	V1814A	1080	1920	480
Vivo	V1816A	1080	1920	480
Vivo	V1818A	720	1520	320
Vivo	V1818A	1080	1920	480
Vivo	V1821BA	1080	2340	480
Vivo	V1824A	1080	2340	480
Vivo	V1829A	1200	1920	280
Vivo	V1836A	1080	2460	480
Vivo	V1838A	1080	2340	480
Vivo	V1901K	720	1544	320
Vivo	V1911A	1080	2340	480
Vivo	V1913A	1080	1920	480
Vivo	V1914A	1080	2340	480
Vivo	V1916A	1080	2340	480
Vivo	V1921A	1080	2340	480
Vivo	V1922A	1080	2340	480
Vivo	V1923A	1080	2256	440
Vivo	V1924A	1080	2256	440
Vivo	V1928A	1080	1920	480
Vivo	V1930	1080	2400	480
Vivo	V1930A	1080	1920	480
Vivo	V1932A	1080	2400	480
Vivo	V1934A	1080	1920	480
Vivo	V1936A	1080	2340	480
Vivo	V1936AL	1080	2340	480
Vivo	V1937	1080	2340	480
Vivo	V1938CT	1080	2400	480
Vivo	V1941A	1080	2340	480
Vivo	V1945A	1080	1920	480
Vivo	V1950A	1080	2256	440
Vivo	V1955A	1080	2400	480
Vivo	V1962A	1080	2400	480
Vivo	V1963A	1080	2400	480
Vivo	V1965A	1080	2248	480
Vivo	V1981A	1080	2408	480
Vivo	V1986A	1080	2408	480
Vivo	V1990A	1080	2340	480
Vivo	V1Max	720	1280	320
Vivo	V2001A	1080	2376	480
Vivo	V2002A	720	1600	320
Vivo	V2002A	1080	2340	480
Vivo	V2005A	1080	2376	480
Vivo	V2009A	1080	2408	480
Vivo	V2011A	1080	2376	480
Vivo	V2012A	1080	2408	480
Vivo	V2020A	1080	2400	480
Vivo	V2022	1080	2400	440
Vivo	V2023A	1080	2340	480
Vivo	V2025	1080	2400	440
Vivo	V2025A	1080	2376	480
Vivo	V2028	720	1600	300
Vivo	V2029_PK	720	1600	320
Vivo	V2030	1080	2408	440
Vivo	V2031A	1080	2400	480
Vivo	V2031EA	1080	2400	480
Vivo	V2034A	720	1600	320
Vivo	V2036_21	1080	2408	440
Vivo	V2036A	720	1600	320
Vivo	V2038	720	1600	300
Vivo	V2040	1080	2400	440
Vivo	V2041	1080	2408	440
Vivo	V2044	720	1600	300
Vivo	V2045	1080	2376	440
Vivo	V2046	1080	2376	440
Vivo	V2046A	1080	2376	480
Vivo	V2047	1080	2376	440
Vivo	V2048	720	1600	300
Vivo	V2048A	1080	2404	480
Vivo	V2049A	1080	2400	480
Vivo	V2050	1080	2404	440
Vivo	V2054A	720	1600	320
Vivo	V2054A	1080	2408	480
Vivo	V2055	1080	2400	440
Vivo	V2055A	1080	2400	480
Vivo	V2056A	1080	2376	480
Vivo	V2057A	1080	2408	480
Vivo	V2058	1080	2408	440
Vivo	V2059	1080	2400	440
Vivo	V2059A	1080	2376	480
Vivo	V2060	1080	2408	440
Vivo	V2061	1080	2400	440
Vivo	V2061A	1080	2408	480
Vivo	V2065A	720	1600	320
Vivo	V2066A	720	1600	320
Vivo	V2066BA	720	1600	320
Vivo	V2068A	720	1600	320
Vivo	V2072A	1080	2400	480
Vivo	V2073A	1080	2408	480
Vivo	V2080A	1080	2400	480
Vivo	V2085A	1080	2376	480
Vivo	V2099A	720	1600	320
Vivo	V2102	720	1600	300
Vivo	V2102A	1080	2400	480
Vivo	V2104	1080	2376	440
Vivo	V2109	1080	2408	440
Vivo	V2111	720	1600	300
Vivo	V2111A	1080	2408	480
Vivo	V2115	1080	2400	440
Vivo	V2115A	1080	2400	480
Vivo	V2118	720	1600	300
Vivo	V2118A	1080	2408	480
Vivo	V2121A	1080	2400	480
Vivo	V2123A	1080	2408	480
Vivo	V2124	1080	2408	440
Vivo	V2126	1080	2400	440
Vivo	V2127	1080	2408	440
Vivo	V2129	720	1600	300
Vivo	V2130	1080	2400	440
Vivo	V2130A	1080	2400	480
Vivo	V2131A	1080	2408	480
Vivo	V2132	1080	2376	440
Vivo	V2132A	1080	2376	480
Vivo	V2133A	1080	2376	480
Vivo	V2136A	1080	2376	480
Vivo	V2140	720	1600	300
Vivo	V2140A	720	1600	300
Vivo	V2141	1080	2408	440
Vivo	V2141A	1080	2400	480
Vivo	V2143	1080	2408	440
Vivo	V2143A	720	1600	320
Vivo	V2145A	1080	2400	480
Vivo	V2148A	1080	2400	480
Vivo	V2152	720	1600	300
Vivo	V2156FA	1080	2408	480
Vivo	V2157A	1080	2400	480
Vivo	V2158A	720	1600	320
Vivo	V2162A	1080	2400	480
Vivo	V2163A	1080	2376	480
Vivo	V2164PA	1080	2408	480
Vivo	V2165A	1080	2408	480
Vivo	V2166A	720	1600	320
Vivo	V2166BA	1080	2408	480
Vivo	V2168A	720	1600	320
Vivo	V2171A	1080	2400	480
Vivo	V2172A	1080	2400	480
Vivo	V2203A	1080	2400	480
Vivo	V2220A	1080	2388	480
Vivo	V2279A	1080	2388	480
Vivo	V2353A	1080	2408	480
Vivo	V25	1080	2404	440
Vivo	V25 Pro	1080	2376	440
Vivo	V25e	1080	2404	440
Vivo	V27	1080	2400	440
Vivo	V27 Pro	1080	2400	440
Vivo	V29	1260	2800	480
Vivo	V29 Lite 5G	1080	2400	440
Vivo	V3	720	1280	320
Vivo	V30	1260	2800	420
Vivo	V30 Lite	1080	2400	440
Vivo	V30 Pro	1260	2800	480
Vivo	V30e	1080	2400	440
Vivo	V3M A	720	1280	320
Vivo	V3Max	1080	1920	480
Vivo	V3Max A	1080	1920	480
Vivo	V40	1260	2800	420
Vivo	V40 Lite	1080	2400	440
Vivo	V40 Pro	1260	2800	420
Vivo	V40e	1080	2392	440
Vivo	V50	1080	2392	440
vivo	V60 Lite	1080	2392	440
vivo	V60 Lite 5G	1080	2392	440
vivo	V60e	1080	2392	440
vivo	V70	1260	2750	440
vivo	V70 Elite	1260	2750	440
vivo	V70 FE	1260	2800	440
vivo	V70 Lite	1260	2800	440
Vivo	V80 Lite 5G	1260	2800	440
Vivo	V9	1080	2280	480
Vivo	V9 6GB	1080	2280	480
Vivo	V9 Pro	1080	2280	480
Vivo	vivo 1611	1080	1920	480
Vivo	vivo 1714	720	1280	320
Vivo	vivo 1716	720	1440	320
Vivo	vivo 1718	720	1440	320
Vivo	vivo 1720	1080	2160	480
Vivo	vivo 1721	1080	2160	480
Vivo	vivo 1723	1080	2280	480
Vivo	vivo 1724	720	1440	320
Vivo	vivo 1725	1080	2280	480
Vivo	vivo 1726	720	1520	320
Vivo	vivo 1727	1080	2280	480
Vivo	vivo 1802	720	1520	320
Vivo	vivo 1803	720	1520	320
Vivo	vivo 1804	1080	2340	480
Vivo	vivo 1805	1080	2316	480
Vivo	vivo 1806	1080	2280	480
Vivo	vivo 1807	720	1520	320
Vivo	vivo 1808	720	1520	320
Vivo	vivo 1812	720	1520	320
Vivo	vivo 1813	1080	2340	480
Vivo	vivo 1814	720	1520	320
Vivo	vivo 1815	720	1520	320
Vivo	vivo 1816	720	1520	320
Vivo	vivo 1817	720	1520	320
Vivo	vivo 1818	1080	2340	480
Vivo	vivo 1819	1080	2340	480
Vivo	vivo 1820	720	1520	320
Vivo	vivo 1901	720	1544	320
Vivo	vivo 1904	720	1544	320
Vivo	vivo 1906	720	1544	320
Vivo	vivo 1907	1080	2340	480
Vivo	vivo 1909	1080	2400	480
Vivo	vivo 1910	1080	2400	480
Vivo	vivo 1912	1080	2256	440
Vivo	vivo 1913	1080	2256	440
Vivo	vivo 1914	720	1520	320
Vivo	vivo 1915	1080	2340	480
Vivo	vivo 1916	720	1544	320
Vivo	vivo 1917	1080	2340	480
Vivo	vivo 1919	1080	2400	480
Vivo	vivo 1920	1080	2340	480
Vivo	vivo 1921	1080	2340	480
Vivo	vivo 1933	1080	2400	480
Vivo	vivo 1935	1080	2340	480
Vivo	vivo 2005	1080	2376	480
Vivo	vivo 2010	720	1544	320
Vivo	vivo 2015_21	720	1520	320
Vivo	vivo 2018	1080	2400	440
Vivo	vivo 2019	720	1560	320
Vivo	vivo NEX A	1080	2316	480
Vivo	vivo NEX S	1080	2316	480
Vivo	vivo Pad SE	1600	2464	400
Vivo	vivo Pad2	1968	2800	400
Vivo	vivo S1	1080	2340	480
Vivo	vivo S15 Pro	1080	2376	480
Vivo	vivo S15e	1080	2404	480
Vivo	vivo S16	1080	2400	480
Vivo	vivo S16 Pro	1080	2400	480
Vivo	vivo S16e	1080	2400	480
Vivo	vivo S17e	1080	2400	480
Vivo	vivo S18	1260	2800	480
Vivo	vivo S18e	1080	2400	480
Vivo	vivo S19	1260	2800	480
Vivo	vivo T3 Pro 5G	1080	2392	440
Vivo	vivo T4 5G	1080	2392	440
Vivo	vivo V50 Lite	1080	2392	440
vivo	vivo V50 Lite 5G	1080	2392	440
Vivo	vivo X Fold	1916	2160	480
Vivo	vivo X Fold+	1916	2160	480
Vivo	vivo X Fold2	1916	2160	480
Vivo	vivo X Fold3	2200	2480	520
Vivo	vivo X Note	1080	2310	480
Vivo	vivo X20	1080	1920	480
Vivo	vivo X200	1260	2800	480
Vivo	vivo X200 Pro mini	1216	2640	560
Vivo	vivo X200s	1260	2800	560
Vivo	vivo X20Plus	1080	1920	480
Vivo	vivo X20Plus UD	1080	1920	480
Vivo	vivo X21A	1080	1920	480
Vivo	vivo X21i A	1080	1920	480
Vivo	vivo X21UD A	1080	1920	480
Vivo	vivo X70 Pro+	1080	2400	440
Vivo	vivo X80	1080	2400	480
Vivo	vivo X80 Pro	1080	2400	480
Vivo	vivo X80 Pro 天玑9000版	1080	2400	480
Vivo	vivo X90 Pro	1260	2800	480
Vivo	vivo X90 Pro+	1080	2400	480
Vivo	vivo X90s	1260	2800	480
Vivo	vivo X9Plus	1080	1920	480
Vivo	vivo X9s	1080	1920	480
Vivo	vivo X9s Plus	1080	1920	480
Vivo	vivo Y04	720	1600	300
Vivo	vivo Y100i长续航版	1080	2388	480
Vivo	vivo Y11	480	800	240
Vivo	vivo Y22	720	1612	300
Vivo	vivo Y29	720	1608	300
Vivo	vivo Y29	1080	2408	440
Vivo	vivo Y29 5G	720	1608	300
Vivo	vivo Y300 Pro+	1080	2392	480
Vivo	vivo Y300i	720	1608	320
Vivo	vivo Y36c	720	1612	320
Vivo	vivo Y39 5G	720	1608	300
Vivo	vivo Y65	720	1280	320
Vivo	vivo Y66i A	720	1280	320
Vivo	vivo Y69A	720	1280	320
Vivo	vivo Y71A	1080	1920	480
Vivo	vivo Y75A	720	1440	320
Vivo	vivo Y75s	1080	2408	480
Vivo	vivo Y77	1080	2388	480
Vivo	vivo Y83A	1080	1920	480
Vivo	vivo Y85A	1080	1920	480
Vivo	vivo Z1i	1080	1920	480
Vivo	vivo Z3x	1080	2280	480
Vivo	X Flip	1080	2520	480
Vivo	X Fold3 Pro	2200	2480	520
vivo	X Fold5	2200	2480	520
vivo	X Fold6	2312	2504	520
Vivo	X100	1260	2800	480
Vivo	X100 Pro	1260	2800	480
Vivo	X100 Ultra	1080	2400	480
Vivo	X100s	1260	2800	560
vivo	X200 FE	1216	2640	480
Vivo	X200 Pro	1260	2800	560
Vivo	X200 Ultra	1440	3168	480
vivo	X200T	1260	2800	520
vivo	X300	1216	2640	560
vivo	X300 E	1260	2750	560
vivo	X300 FE	1216	2640	480
vivo	X300 Pro	1260	2800	520
vivo	X300 Pro 卫星通信版	1260	2800	560
vivo	X300 Ultra	1440	3168	520
vivo	X300 Ultra 卫星通信版	1440	3168	560
vivo	X300s	1260	2800	560
Vivo	X50	1080	2376	480
Vivo	X50 Pro	1080	2376	480
Vivo	X5Max S	1080	1920	480
Vivo	X5MaxV	480	854	240
Vivo	X5Pro	1080	1920	480
Vivo	X5Pro D	1080	1920	480
Vivo	X5Pro V	1080	1920	480
Vivo	X6A	1080	1920	480
Vivo	X6D	1080	1920	480
Vivo	X6Plus A	1080	1920	480
Vivo	X6Plus D	1080	1920	480
Vivo	X6S A	1080	1920	480
Vivo	X6SPlusA	1080	1920	480
Vivo	X7	1080	1920	480
Vivo	X7Plus	1080	1920	480
Vivo	X80	1080	2400	440
Vivo	X80 Pro	1080	2400	440
Vivo	X9	1080	1920	480
Vivo	X90	1260	2800	420
Vivo	X90 Pro	1260	2800	420
Vivo	X9i	1080	1920	480
Vivo	Xplay5A	1440	2560	640
Vivo	Xplay6	1080	1920	480
Vivo	Y02	720	1600	320
Vivo	Y02t	720	1600	300
Vivo	Y03t	720	1612	300
vivo	Y05e	720	1600	300
Vivo	Y100	1080	2400	440
Vivo	Y100+	1080	2408	480
Vivo	Y100A	1080	2400	440
vivo	Y11d	720	1600	300
Vivo	Y15S	480	854	240
Vivo	Y16	720	1600	300
Vivo	Y17	720	1544	320
Vivo	Y17s	720	1612	300
Vivo	Y18	720	1612	300
Vivo	Y19s pro	720	1608	300
Vivo	Y200 5G	1080	2400	440
Vivo	Y200 GT	1260	2800	480
Vivo	Y200 Pro 5G	1080	2400	440
Vivo	Y200e 5G	1080	2400	440
Vivo	Y21	480	854	240
vivo	Y21 5G	720	1600	300
Vivo	Y21A	720	1600	300
vivo	Y21d	720	1608	300
Vivo	Y21L	480	854	240
Vivo	Y22s	720	1612	300
Vivo	Y27	1080	2388	440
Vivo	Y27 5G	1080	2388	440
Vivo	Y27s	1080	2388	440
Vivo	Y28	720	1608	300
Vivo	Y28 5G	720	1612	300
Vivo	Y28s 5G	720	1612	300
Vivo	Y29s 5G	720	1600	300
Vivo	Y30 5G	720	1600	300
Vivo	Y300 5G	1080	2400	440
Vivo	Y300 Plus 5G	1080	2400	440
Vivo	Y300 Pro	1080	2392	480
Vivo	Y300+	1080	2408	480
Vivo	Y300c	1080	2392	480
Vivo	Y31	540	960	240
Vivo	Y31	720	1280	320
vivo	Y31 5G	720	1608	300
vivo	Y31 Pro 5G	1080	2408	440
vivo	Y31d	720	1570	300
Vivo	Y31i	540	960	240
Vivo	Y31L	540	960	240
vivo	Y31s 5G	1080	2408	440
vivo	Y31t 5G	720	1570	300
Vivo	Y33	720	1280	320
Vivo	Y33t	720	1600	320
Vivo	Y33t	720	1612	320
Vivo	Y35	720	1280	320
Vivo	Y35	1080	2408	440
Vivo	Y35A	720	1280	320
Vivo	Y36 5G	1080	2388	440
Vivo	Y36s	720	1612	320
Vivo	Y36t	720	1612	320
Vivo	Y37 Pro	720	1608	320
Vivo	Y37c	720	1600	320
Vivo	Y38 5G	720	1608	300
vivo	Y400	1080	2400	440
vivo	Y400 5G	1080	2400	440
vivo	Y400 Pro 5G	1080	2392	440
vivo	Y500	1080	2392	480
vivo	Y500 Pro	1260	2800	560
vivo	Y500s AI版	720	1570	320
vivo	Y50e AI版	720	1600	320
Vivo	Y51	540	960	240
vivo	Y51 Pro 5G	720	1570	300
Vivo	Y51A	540	960	240
Vivo	Y53	540	960	240
Vivo	Y53L	1080	1920	480
Vivo	Y53t	720	1600	320
Vivo	Y55	720	1280	320
Vivo	Y55A	720	1280	320
Vivo	Y55s	720	1280	320
Vivo	Y55t	1080	2388	480
Vivo	Y58 5G	1080	2408	440
vivo	Y600 Pro AI版	1260	2800	480
vivo	Y600 Turbo	1260	2800	480
Vivo	Y66	720	1280	320
Vivo	Y67	720	1280	320
vivo	Y6m	1080	2344	480
Vivo	Y71	1080	1920	480
Vivo	Y77t	1080	2388	480
Vivo	Y78+	1080	2400	480
Vivo	Y79A	720	1440	320
Vivo	Y937	720	1280	320
Vivo	Y97	1080	1920	480
Vivo	Z1	1080	1920	480
Vivo	Z1 Pro	1080	2340	480
Vivo	Z3i	1080	1920	480
Vivo	Z3i	1080	2280	480
Viwa	VIWA_V10	600	1024	160
Vizio	XR6M10	720	1280	240
Vizio	XR6P10	1080	1920	400
Vizualogic	Q83	1200	1920	240
Vkworld	S8	1080	2160	480
VL Wireless Inc	VL10	800	1280	180
VL Wireless Inc	VL68_Lite	720	1600	300
VL Wireless Inc	VL68_Pro	720	1600	300
VNPT Technology	VNPTTechnology	800	1280	200
VNPT Technology	VNT_Tab8	800	1280	213
Vocal	v0	720	1612	280
Vocal	V01	720	1612	280
Vocal	V0Core	480	854	200
Vocal	v1	720	1600	280
Vocal	V11	720	1612	280
Vocal	Vocal V1 Core	720	1612	280
Vocal	Vocal V2 Pro	720	1604	280
VOD_Horizon	Web 3 Pro 8	1080	2400	400
Vodacom	Kicka7	576	1152	220
Vodacom	Sechocha_Ultra_2	720	1600	300
Vodafone	785	480	800	240
Vodafone	895	720	1280	320
Vodafone	Smart first 7	320	480	160
Vodafone	Smart mini 7	480	800	240
Vodafone	Smart mini 7 dual	480	800	240
Vodafone	Smart N8	720	1280	320
Vodafone	Smart platinum 7	1440	2560	640
Vodafone	Smart prime 7	720	1280	320
Vodafone	Smart Tab 4	800	1280	213
Vodafone	Smart Tab N8	800	1280	160
Vodafone	Smart turbo 7	480	854	213
Vodafone	Smart turbo 7 dual	480	854	213
Vodafone	Smart ultra 6	1080	1920	480
Vodafone	Smart ultra 7	1080	1920	480
Vodafone	Smart V8	1080	1920	480
Vodafone	Smart_N9_Lite	480	960	240
Vodafone	Smart_Tab_3G	540	960	160
Vodafone	Smart_Tab_4G	800	1280	213
Vodafone	SmartV22	720	1640	320
Vodafone	Tab mini 7	600	1024	160
Vodafone	Tab Prime 7	1200	1920	240
Vodafone	V Lite 3	720	1480	280
Vodafone	V Pro 3	720	1612	280
Vodafone	VF-1296	800	1280	213
Vodafone	VF-1397	800	1280	213
Vodafone	VF-1497	800	1280	213
Vodafone	VF-696	480	854	240
Vodafone	VF685	320	480	160
Vodafone	VF695	480	800	240
Vodafone	VFD320	480	800	240
Vodafone	Vodacom Kicka VE	320	480	160
Vodafone	Vodacom Smart 4G	480	960	240
Vodafone	Vodafone Smart E8	480	854	240
Vodafone	Vodafone Smart E9	480	960	240
Vodafone	Vodafone Smart N10	720	1498	340
Vodafone	Vodafone Smart N9	720	1440	320
Vodafone	Vodafone Smart V10	720	1560	320
Vodafone	Vodafone Smart X9	1080	2160	480
Voger	X100	800	1280	213
Voger	X100_EEA	800	1280	213
VOLFEN	NEXO TAB 10A	600	1024	210
Volkano	Cosmic	1200	1920	280
Volkano	VK74012BLV2	800	1280	213
Volkano	VK_740_12	600	1024	160
Vonino	iMart_Pro	1200	1920	320
Vonino	Magnet M1_A7	800	1280	160
Vonino	Magnet_G30_lite	800	1280	160
Vonino	Magnet_G50	800	1280	160
Vonino	Magnet_M10	800	1280	160
Vonino	Magnet_M10_2020	800	1280	213
Vonino	Pluri_M7_2020	600	1024	160
Vonino	Pluri_M8	800	1280	160
Vonino	Pluri_M8_2020_A10	800	1280	213
Vonino	Xavy G7	720	1280	160
Vorago	PAD-7-KIDS	600	1024	160
Vorago	PAD-7-V5	600	1024	160
Vorago	PAD-7-V6	600	1024	160
Vorago	PAD-8	800	1280	213
VORCOM	AVALON	1200	2000	280
VORCOM	QuartzLITE	800	1280	213
VORCOM	QuartzPRO	1200	1920	280
VORCOM	S12_classic	800	1280	213
VORCOM	S7-classic	600	1024	160
VORCOM	S7-classic-10	600	1022	160
VORCOM	S8Pro	800	1280	213
VORCOM	SXPRO_classic	800	1280	213
VORCOM	ULTRAPAD	1200	2000	280
Vortex	A24	720	1600	280
Vortex	C24L	480	960	200
Vortex	CB68	720	1600	280
Vortex	CG65	720	1600	320
Vortex	G8	800	1280	213
Vortex	HD55	480	960	200
Vortex	HD60	480	960	213
Vortex	HD60i	480	960	200
Vortex	HD60L	480	960	200
Vortex	HD62	720	1520	320
Vortex	HD65	720	1600	320
Vortex	HD65_PLUS	720	1600	320
Vortex	HD65_Select	720	1600	320
Vortex	HD65_Ultra	720	1600	320
Vortex	HD67	720	1600	320
Vortex	J24	720	1600	320
Vortex	JK68	720	1600	320
Vortex	NS65	720	1600	320
Vortex	PG65	720	1600	320
Vortex	SYNQ	480	854	240
Vortex	T10M_Pro	800	1280	200
Vortex	TAB8	800	1280	213
Vortex	V22	720	1560	320
Vortex	V22S	720	1560	320
Vortex	VORTEX BTAB10	800	1280	200
Vortex	VORTEX CM62	720	1520	280
Vortex	VORTEX HD65 Choice	720	1600	320
Vortex	Vortex Z22	720	1600	320
Vortex	Vortex Z23	720	1600	320
Vortex	VortexV20	480	960	240
Vortex	ZG55	480	960	200
Vortex	ZG65	720	1600	320
Vortex	ZG65 Pro	720	1600	320
Voto	VOTO V2i`	720	1280	320
Vsmart	Active 1	1080	2160	480
Vsmart	Active 1+	1080	2260	480
Vsmart	Active 3	1080	2340	480
Vsmart	Aris	1080	2340	480
Vsmart	Aris Pro	1080	2340	480
Vsmart	AT&T Fusion Z	720	1440	320
Vsmart	Bee	720	1440	320
Vsmart	Bee 3	720	1440	320
Vsmart	Bee Lite	480	960	240
Vsmart	Hobson	720	1440	320
Vsmart	Joy 1	720	1440	320
Vsmart	Joy 1+	720	1500	320
Vsmart	Joy 2+	720	1520	320
Vsmart	Joy 3	720	1600	320
Vsmart	Joy 4	1080	2340	480
Vsmart	Live	1080	2232	480
Vsmart	Live 4	1080	2340	480
Vsmart	Star	720	1520	320
Vsmart	Star 3	720	1560	320
Vsmart	Star 4	720	1560	320
Vsmart	Star 5	720	1600	320
VTEX	MT8768	800	1280	160
VTEX	VK102W	800	1280	160
VTEX	VK802W	800	1280	188
VUCATIMES	N10	800	1280	160
VUCATIMES	N8	800	1280	213
VUCATIMES	VucaPad_N20	1200	1920	280
VUCATIMES	VucaPad_NS20_EEA	800	1280	160
W&O	X6	540	960	240
Wacom	Cintiq Companion Hybrid 13HD	1080	1920	160
Wacom	DTHA116	1440	2200	240
Wacom	DTHA140	1800	2880	280
Waf	F808NM	800	1280	160
Waf	THMTKAW01216_eea	800	1280	160
Wainyok	K8	1200	1920	240
Wainyok	P10S_EEA	800	1280	160
Wainyok	P10U	800	1280	160
Wainyok	P10X	800	1280	160
Walton	Customer need debug	720	1640	320
Walton	NEXG N26	720	1612	480
Walton	NEXG N28	720	1600	280
Walton	NEXG N71	720	1612	320
Walton	NEXG N71 Plus	720	1612	280
Walton	NEXG N72	720	1600	280
Walton	NEXG N73	720	1600	320
Walton	NEXG N74	720	1600	480
Walton	NEXG N75	720	1600	480
Walton	NEXG N77	720	1600	320
Walton	NEXG N8	1080	2460	480
Walton	NEXG_N25	720	1612	320
Walton	NEXG_N27	720	1600	280
Walton	NEXG_N76	720	1640	280
Walton	Orbit M20	720	1600	320
Walton	Orbit Y11	480	854	240
Walton	ORBIT Y12	720	1612	320
Walton	ORBIT Y13	720	1612	320
Walton	Orbit Y20	720	1600	320
Walton	ORBIT Y70c	720	1612	280
Walton	Orbit Y72	720	1600	320
Walton	PRIMO D10	480	960	240
Walton	Primo E10	480	854	240
Walton	Primo E10 PlUS	480	854	240
Walton	Primo E11	480	854	240
Walton	Primo E12	480	854	240
Walton	Primo E8s	480	854	240
Walton	Primo E9	480	854	240
Walton	Primo EF8 4G	480	960	240
Walton	PRIMO F10	480	960	240
Walton	Primo F8	480	854	240
Walton	Primo F8s	480	960	240
Walton	Primo F9	480	960	240
Walton	Primo G8i 4G	480	960	240
Walton	Primo G9	720	1440	320
Walton	Primo GF6	480	854	240
Walton	Primo GF7	480	960	240
Walton	PRIMO GH10	720	1600	320
Walton	Primo GH7	480	960	240
Walton	Primo GH7i	480	960	240
Walton	Primo GH8	720	1498	320
Walton	Primo GH9	720	1560	320
Walton	Primo GM3+	480	960	240
Walton	Primo GM4	720	1560	320
Walton	Primo H10	720	1600	320
Walton	Primo H8 Pro	720	1520	320
Walton	Primo H9	720	1560	320
Walton	Primo H9 Pro	720	1560	320
Walton	Primo HM5	720	1560	320
Walton	Primo HM6	720	1600	320
Walton	Primo HM7	720	1600	280
Walton	Primo N4	720	1600	320
Walton	Primo N5	720	1640	320
Walton	Primo NF4	480	960	240
Walton	Primo NF5	720	1640	320
Walton	Primo NH3i	720	1280	320
Walton	PRIMO NH4	480	960	240
Walton	Primo NH5	480	960	240
Walton	Primo NX6	1080	2460	480
Walton	Primo R5	720	1440	320
Walton	Primo R5 Plus	720	1440	320
Walton	Primo R6	720	1560	320
Walton	Primo R6 Max	720	1520	320
Walton	Primo R8	720	1600	320
Walton	Primo R9	720	1600	320
Walton	Primo RM2 mini	720	1280	320
Walton	Primo RM4	720	1600	320
Walton	Primo RX7	1080	2340	480
Walton	Primo RX8 Mini	1080	2340	480
Walton	Primo S6 Dual	720	1440	320
Walton	Primo S6 infinity	720	1440	320
Walton	Primo S7 Pro	1080	2340	480
Walton	Primo ZX3	1080	1920	480
Walton	PRIMO_EF10	720	1440	320
Walton	Primo_EF9	480	960	240
Walton	PRIMO_RX8	720	1600	320
Walton	PRIMO_RX9	720	1600	320
Walton	PRIMO_S7	720	1520	280
Walton	PRIMO_S8	1080	2460	480
Walton	PRIMO_ZX4	1080	2400	480
Walton	RX7 Mini	720	1520	320
Walton	WALPAD 10H	1200	1920	240
Walton	WALPAD 10H Pro	1200	2000	240
Walton	WALPAD 10P	1200	1920	360
Walton	WALPAD 8G	800	1280	210
Walton	Walpad10HProMax	1200	2000	240
Walton	Walpad11G	1200	1920	240
Walton	Walpad8GPro	800	1340	160
Walton	WALPAD_11G	1200	1920	240
Walton	WALPAD_9G	800	1340	213
Walton	Walton Primo X5	1080	2160	480
Walton	XANON X1 Ultra	720	1612	280
Walton	XANON X20	1080	2460	480
Walton	XANON X21	1080	2460	480
Walton	XANON X22 5G	720	1600	320
Walton	XANON X50	1080	2400	480
Walton	XANON_X90	1080	2400	480
Walton	XANON_X91	1080	2400	480
Walton	ZenX 1	720	1612	480
Walton	zenx 2	720	1600	480
Walton	zenx Z3	720	1600	260
WARP	TAB-WP11	1200	2000	240
Wave 8	Wave_8_10	1200	1920	320
Wave 8	WV7P	720	1280	300
Wave 8 Red Nougat	WV8R-N	1536	2048	320
WCED	H1010_M50	1200	2000	320
We (BD)	F1	480	960	240
We (BD)	WE L9	1080	1920	480
We (BD)	WE V5	720	1440	320
Webee	Webee_Tab_8	800	1280	160
Webfleet Solutions	PRO 8475	600	1024	160
weelikeit	C19W	800	1280	160
weelikeit	C19W_EEA	800	1280	160
weelikeit	C28	600	1024	200
weelikeit	C72W	600	1024	160
weelikeit	C72W_EEA	600	1024	160
weelikeit	C76W	600	1024	160
weelikeit	C76W_EEA	600	1024	160
weelikeit	C81W	800	1280	213
weelikeit	C81W_EEA	800	1280	213
weelikeit	C85W	800	1280	213
weelikeit	C85W_EEA	800	1280	213
weelikeit	F11W	800	1280	160
weelikeit	F83W	800	1280	160
weelikeit	P11W	800	1280	160
weelikeit	P11W_EEA	800	1280	160
weelikeit	P16-W	1200	1920	280
weelikeit	P16W	800	1280	160
weelikeit	P36W	1200	1920	240
weelikeit	P36W_EEA	1200	1920	240
weelikeit	P39W	1200	2000	240
weelikeit	P39W_EEA	1200	2000	240
weelikeit	P51L_EEA	1200	2000	320
Welio	wPad_Aura	800	1280	213
WEONEX	Interactive Flat Panel	2160	3840	480
Westgate	Westgate_T801	800	1280	213
Westgate Resorts	T803	800	1280	213
Westgate Resorts	T805	800	1280	160
Westinghouse	WH10S9863232	1200	1920	280
WeTap	WeTap_Y10	800	1280	160
Whitedeer	G13_EEA	800	1280	160
Whitedeer	G13A_EEA	800	1280	160
Whitedeer	G13L_EEA	800	1280	160
Whitedeer	K7	800	1280	160
Whitedeer	KT1028A_EEA	800	1280	160
Whitedeer	X7_EEA	800	1280	160
WHOOP	TAB-8US2	800	1280	220
Wigor	V2	720	1280	320
Wigor	V3	720	1280	320
Wigor	V5	720	1512	320
Wiko	C210AE	480	960	240
Wiko	C800	720	1528	280
Wiko	FEVER	1080	1920	480
Wiko	FREDDY	480	854	240
Wiko	Gallardo	480	960	213
Wiko	HARRY	720	1280	320
Wiko	Harry2	720	1440	320
Wiko	HIGHWAY PURE	720	1280	320
Wiko	HIGHWAY STAR	720	1280	320
Wiko	JERRY	480	854	240
Wiko	JERRY MAX	480	854	240
Wiko	JERRY2	480	854	240
Wiko	Jerry4	720	1440	320
Wiko	K-KOOL	480	854	240
Wiko	K300S	480	960	240
Wiko	KENNY	480	854	240
Wiko	LENNY2	480	854	240
Wiko	LENNY3	720	1280	320
Wiko	LENNY3 MAX	720	1280	320
Wiko	Lenny4	720	1280	320
Wiko	Lenny4 Plus	720	1280	320
Wiko	M10 Lite	480	800	240
Wiko	Power U10	720	1640	280
Wiko	Power U20	1080	2248	480
Wiko	Power U30	720	1640	260
Wiko	PULP	720	1280	320
Wiko	PULP 4G	720	1280	320
Wiko	PULP FAB	720	1280	320
Wiko	PULP FAB 4G	720	1280	320
Wiko	RAINBOW JAM	720	1280	320
Wiko	RAINBOW LITE	480	854	240
Wiko	RAINBOW LITE 4G	480	854	240
Wiko	RAINBOW LITE 4G	720	1280	320
Wiko	RIDGE 4G	720	1280	320
Wiko	RIDGE FAB 4G	720	1280	320
Wiko	ROBBY	720	1280	320
Wiko	ROBBY2	720	1280	320
Wiko	SUGAR S9	1080	1920	480
Wiko	SUNNY	480	800	240
Wiko	Sunny2 Plus	480	854	240
Wiko	Sunny3	480	854	240
Wiko	Sunny3 Mini	480	800	240
Wiko	sunny4 Plus	720	1440	320
Wiko	Sunny5	720	1600	300
Wiko	Sunny5 Lite	720	1600	300
Wiko	SUNSET2	480	800	240
Wiko	T10	720	1600	280
Wiko	T20	720	1612	320
Wiko	T3	720	1600	280
Wiko	T50	1080	2400	400
Wiko	T60	1080	2408	480
Wiko	TOMMY	720	1280	320
Wiko	TOMMY2	720	1280	320
Wiko	Tommy2 Plus	720	1280	320
Wiko	Tommy3	480	960	240
Wiko	Tone E19	720	1512	320
Wiko	U FEEL	720	1280	320
Wiko	U FEEL FAB	720	1280	320
Wiko	U FEEL LITE	720	1280	320
Wiko	U FEEL PRIME	1080	1920	480
Wiko	U PULSE	720	1280	320
Wiko	U PULSE LITE	720	1280	320
Wiko	U307AS	480	960	213
Wiko	U520AS	720	1440	300
Wiko	VIEW	720	1440	320
Wiko	View	720	1440	320
Wiko	View Prime	720	1440	320
Wiko	View2 Go	720	1512	320
Wiko	View2 Plus	720	1512	320
Wiko	View3	720	1520	280
Wiko	View3 Lite	720	1560	320
Wiko	View3 Pro	1080	2340	420
Wiko	View4	720	1600	280
Wiko	View4 Lite	720	1600	280
Wiko	View5	720	1600	280
Wiko	View5 Plus	720	1600	280
Wiko	W-K200	480	960	240
Wiko	W_C800	720	1528	280
Wiko	W_C860	720	1528	280
Wiko	W_K300	480	960	240
Wiko	W_K400	720	1440	320
Wiko	W_K600	480	960	240
Wiko	W_P130	720	1440	320
Wiko	W_P200	720	1440	320
Wiko	W_P200CM	720	1440	320
Wiko	WC300	720	1440	320
Wiko	WC300SN	720	1440	320
Wiko	WIKO 10	720	1600	320
Wiko	Wiko Life 3	480	960	220
Wiko	Wiko Ride 3	720	1560	300
Wiko	WIKO T21	720	1600	480
Wiko	WIKO T30	720	1600	320
Wiko	WIKO VOIX	720	1600	280
Wiko	WIM Lite	1080	1920	480
Wiko	Y50	480	854	240
Wiko	Y52	480	854	200
Wiko	Y60	480	960	240
Wiko	Y61	480	960	240
Wiko	Y62	720	1560	280
Wiko	Y80	720	1440	320
Wiko	Y81	720	1520	280
Wiko	Y82	720	1600	320
Wileyfox	Spark Add-X	720	1280	320
Wileyfox	Spark X	720	1280	320
Wileyfox	Swift	720	1280	320
Wileyfox	Swift 2	1080	1920	480
WILLKOTECH	Kishi-001	1200	1920	240
WILLKOTECH	WK1863L	800	1280	160
Win (VE)	M3	480	854	213
Win (VE)	Q9	720	1440	320
Wings	W1	720	1560	320
Wings	W4 EEA	720	1600	320
Wings	W7	1080	2340	480
Wings	W7_Q_EEA	1080	2340	480
Wings	WX	1080	2340	480
Winmax	Tiger X12	320	385	160
Winmax	X50	480	960	240
Winnovo	H10	800	1280	160
Winnovo	H10_US	800	1280	160
Winnovo	H10Pro_eea	800	1280	160
Winnovo	H7_US	600	1024	160
Winnovo	H8_US	800	1280	213
Winnovo	P20-Tab	1200	1920	280
Winnovo	T10	800	1280	160
Winnovo	T10LTE_eea	800	1280	160
Winnovo	T7_eea	600	1024	160
Winnovo	T8	800	1280	213
Winnovo	TS10	800	1280	160
Winnovo	TS10_EEA	800	1280	160
Winnovo	TS7	600	1024	160
Winnovo	Winnovo	800	1280	160
Winny	K11	600	1024	160
WinRo	Voni10	800	1280	160
WinRo	Voni10Pro	800	1280	213
WINTEK	W405	480	800	213
Wintouch	A20	800	1280	213
Wintouch	A50	800	1280	160
Wintouch	K19	800	1280	213
Wintouch	Q705	600	1024	160
WirelessGate	wg_tablet_01	800	1280	200
Wise-Tech	P33	720	1600	320
Wise-Tech	P33Lite	720	1600	320
Wise-Tech	P55	720	1600	320
Wise-Tech	Tech-A1	600	1024	160
Wise-Tech	Tech_A1_Plus	800	1280	213
Wise-Tech	WiseTech_Note_12	720	1640	320
Wiseasy	WISENET5	720	1280	320
WiseTech	WiseTech_Note_10	720	1612	320
Wishtel	IRA102017I	1200	1920	280
Wishtel	IRA_DUO	1200	1920	320
Wishtel	IRAJ2	1200	1920	320
Wishtel	IRAW7258	600	1024	213
Wishtel	IRAW801I	800	1280	213
Wishtel	T811	1200	1920	360
WITECOR	M623-EEA	1200	1920	240
Wizphone	Arc8	800	1280	240
Wizphone	Slate10	1200	1920	240
Wobble	WB25SPMTA15P2	1080	2400	480
WONGKUO	T20	1200	1920	320
WOREGOO	M396-EEA	800	1280	213
Workmate	U13	1200	2000	240
Wowi	S8e	800	1280	213
Wowi	SQ788	480	854	213
Wowi	SQ788_1	480	854	213
Wowi	SQ788Extreme	480	854	240
Woxter	X100	800	1280	160
Woxter	X100_PRO	800	1280	160
Woxter	X100v3	800	1280	160
Woxter	X200	800	1280	160
Woxter	X200_PRO_v2	800	1280	160
Woxter	X70	600	1024	160
Woxter	X70v2	600	1024	160
WOZIFAN	3W_EEA	800	1280	213
WOZIFAN	W10_EEA	800	1280	160
WOZIFAN	W10_T_US	800	1280	160
WOZIFAN	W10_US	800	1280	160
Wpawa	HT10-A	800	1280	160
Wpawa	HT10-AB	800	1280	200
Wpawa	HT10-PRO	800	1280	200
Wpawa	HT10_Plus	800	1280	213
Wpawa	HT10_Ultra	800	1280	213
WQi(sh)	Gm81	1080	1920	240
WS(SZ)	TD-TP010G-2	800	1280	213
WS(SZ)	WS-T01	800	1280	160
WS(SZ)	WS_T02	800	1280	160
WXUNJA	E10_EEA	800	1280	213
X-Age	G1	720	1500	320
X-Age	X_AGE_Leap_1	720	1612	300
X-Age	X_AGE_Snap_1	720	1640	320
X-mobile	X-mobile SmartWiFi	1080	1920	480
X-mobile	X63Pro	720	1520	280
X-PREMIUM	X1	800	1280	160
X-TIGI	9C	720	1600	320
X-TIGI	A10c	720	1600	300
X-TIGI	A10S	720	1520	320
X-TIGI	A20C	720	1560	320
X-TIGI	A20S	720	1560	320
X-TIGI	A20S_PRO	720	1560	320
X-TIGI	A3	720	1520	320
X-TIGI	A55	480	1120	240
X-TIGI	Hope10_Mate	800	1280	213
X-TIGI	Hope10_Plus	800	1280	213
X-TIGI	Hope10_Pro	800	1280	213
X-TIGI	Hope10Pro	800	1280	213
X-TIGI	Hope7_LTE	600	1024	213
X-TIGI	Hope7_Max	600	1024	213
X-TIGI	Hope7_Pro	600	1024	213
X-TIGI	Hope8_LTE	800	1280	240
X-TIGI	Hope8_Mate	800	1280	204
X-TIGI	JOY10_LTE	800	1280	160
X-TIGI	JOY10_Mate	800	1280	213
X-TIGI	JOY7_Mate	600	1024	240
X-TIGI	JOY8_Mate	800	1280	213
X-TIGI	Kids7_Pro	600	1024	160
X-TIGI	Kids8 Pro	800	1280	240
X-TIGI	Kids9 Pro	600	1024	213
X-TIGI	M20S	720	1560	320
X-TIGI	SHARP_2	1080	2244	400
X-TIGI	V12	480	854	240
X-TIGI	V18 pro_A	480	854	240
X-TIGI	V28 LTE	480	960	240
X-TIGI	V51	540	1200	260
X-TIGI	V8	480	800	240
X-TIGI	X-TIGI_JOY7_MAX	600	1024	160
X-TIGI	X-TIGI_V18 Pro	480	854	240
X-View	AMBER_KIDS	600	1024	160
X-View	Bears	600	1024	160
X-View	FTB13	1200	2000	240
X-View	Kids10	800	1280	160
X-View	PRO_BOOK	1200	2000	265
X-View	PROTON_AMBER_HD	600	1024	160
X-View	Proton_Neon	600	1024	160
X-View	Q10	800	1280	160
X-View	Q11	800	1280	213
X-View	Q7	600	1024	160
X-View	Quantum_Q7s	600	1024	160
X-View	Quantum_Q7s_Plus	600	1024	160
X-View	Tablet10_X-View	800	1280	160
X-View	Tablet7_X_View	600	1024	160
X-View	X-View	600	1024	160
X-View	X-ViewGamer10	800	1280	160
X-View	X-ViewTablet10	800	1280	160
X-View	X_ViewTablet10	800	1280	160
X-View	XRB15	1200	2000	240
X-View	Xview_tablet_7	600	1024	160
X-View	ZPB17	1200	1920	240
X_View	Protab10	800	1280	160
X_View	X_View_Q7	600	1024	160
XB(TABLETS INDIA)	XB-T11i	1200	2000	240
XD-Enjoy	XDDGM10	800	1280	194
XD-Enjoy	XDDGM11BS	800	1280	160
XD-Enjoy	XDDGM99PM	800	1280	213
Xelex	Gama_Tab_X8	800	1280	213
XForge	XForge 01	720	1612	320
Xgody	Mate_70_EEA	720	1600	320
Xgody	N02	800	1280	160
Xgody	N02_A	800	1280	160
Xgody	N02_Pro	800	1280	200
Xgody	N02_ProA	800	1280	160
Xgody	N05_PRO	800	1280	213
Xgody	P60Pro	800	1280	213
Xgody	P60pro_15	800	1280	213
Xgody	Q16	800	1280	160
Xgody	Q17	800	1280	160
Xgody	R15_EEA	1200	1920	280
Xgody	T702Pro	600	1024	160
Xgody	T702Pro_S	600	1024	160
Xgody	TAB10	800	1280	160
Xgody	TAB_M10	800	1280	213
Xgody	TAB_M10_EEA	800	1280	213
Xgody	X32_EEA	480	960	213
Xgody	X36_EEA	720	1600	320
Xiaomi	HM 1SC	720	1280	320
Xiaomi	HM 2LTE-BR	720	1280	320
Xiaomi	HM 2LTE-CMCC	720	1280	320
Xiaomi	HM 2LTE-CT	720	1280	320
Xiaomi	HM 2LTE-CU	720	1280	320
Xiaomi	HM 2LTE-IN	720	1280	320
Xiaomi	HM 2LTE-SA	720	1280	320
Xiaomi	HM NOTE 1LTETD	720	1280	320
Xiaomi	HM NOTE 1S CT	720	1280	320
Xiaomi	HM NOTE 1W	720	1280	320
Xiaomi	HM Note 2	1080	1920	480
Xiaomi	Mi 10	1080	2340	440
Xiaomi	Mi 10 lite 5G	1080	2400	440
Xiaomi	Mi 10 Lite zoom	1080	2400	440
Xiaomi	Mi 10 Pro	720	1600	480
Xiaomi	Mi 10 Pro	1080	2376	480
Xiaomi	Mi 10 Pro	1080	2388	480
Xiaomi	Mi 10 Pro	1084	2412	480
Xiaomi	Mi 10 Pro	1256	2760	480
Xiaomi	Mi 10 Ultra	1080	2340	440
Xiaomi	Mi 10i	1080	2400	440
Xiaomi	Mi 10S	1080	2340	440
Xiaomi	Mi 10T Lite	1080	2400	440
Xiaomi	Mi 10T Pro	1080	2400	440
Xiaomi	Mi 11	720	1600	540
Xiaomi	Mi 11	1080	2376	540
Xiaomi	Mi 11	1080	2388	540
Xiaomi	Mi 11	1084	2412	540
Xiaomi	Mi 11	1256	2760	540
Xiaomi	Mi 11	1260	2844	540
Xiaomi	Mi 11	1440	3200	540
Xiaomi	Mi 11 LE	1080	2400	440
Xiaomi	Mi 11 Lite	1080	2400	440
Xiaomi	Mi 11 Lite 5G	1080	2400	440
Xiaomi	Mi 11 Pro	1440	3200	560
Xiaomi	Mi 11 Ultra	1440	3200	560
Xiaomi	Mi 11i	1080	2400	440
Xiaomi	Mi 11X Pro	1080	2400	440
Xiaomi	MI 2	720	1280	320
Xiaomi	Mi 3	1080	1920	480
Xiaomi	Mi 4c	1080	1920	480
Xiaomi	Mi 4i	1080	1920	480
Xiaomi	MI 4LTE-CT	1080	1920	480
Xiaomi	MI 4s	1080	1920	480
Xiaomi	Mi 5	1080	1920	480
Xiaomi	MI 5C	1080	1920	480
Xiaomi	Mi 5s	1080	1920	480
Xiaomi	MI 5s Plus	1080	1920	480
Xiaomi	MI 5X	1080	1920	480
Xiaomi	MI 6X	1080	1920	480
Xiaomi	MI 8	1080	2248	440
Xiaomi	MI 8 Explorer Edition	720	1280	300
Xiaomi	MI 8 Lite	1080	2280	440
Xiaomi	MI 8 Pro	1080	2248	440
Xiaomi	MI 8 SE	720	1600	320
Xiaomi	MI 9	1080	2340	440
Xiaomi	Mi 9 Lite	1080	2340	440
Xiaomi	MI 9 SE	1080	2340	480
Xiaomi	Mi A1	1080	1920	480
Xiaomi	Mi A2	1080	2160	480
Xiaomi	Mi A2 Lite	1080	2280	480
Xiaomi	Mi A3	720	1560	320
Xiaomi	MI MAX	1080	1920	480
Xiaomi	MI MAX 2	1080	1920	480
Xiaomi	MI MAX 3	1080	2160	440
Xiaomi	Mi MIX 3 5G	1080	2340	440
Xiaomi	Mi Note 10	1080	2340	440
Xiaomi	Mi Note 10 Lite	1080	2340	440
Xiaomi	MI Note 3	1080	1920	440
Xiaomi	MI NOTE LTE	1080	1920	440
Xiaomi	MI NOTE Pro	1440	2560	640
Xiaomi	Mi Note2	1080	1920	480
Xiaomi	MI PAD	1536	2048	320
Xiaomi	MI PAD 3	1536	2048	320
Xiaomi	MI PAD 4	1080	1920	480
Xiaomi	MI PLAY	1080	2280	480
Xiaomi	MI6	1080	1920	480
Xiaomi	Mi9 Pro 5G	1080	2340	440
Xiaomi	MIPAD2	1536	2048	320
Xiaomi	MIX	1080	2040	480
Xiaomi	MIX 2	1080	2160	440
Xiaomi	MIX 2S	1080	2160	440
Xiaomi	MIX 3	1080	2340	440
Xiaomi	MIX 4	1080	2400	440
Xiaomi	POCO F1	1080	2246	440
Xiaomi	POCO M5s	1080	2400	440
Xiaomi	Redmi	720	1280	320
Xiaomi	Redmi 3	720	1280	320
Xiaomi	Redmi 3S	720	1280	320
Xiaomi	Redmi 4	720	1280	320
Xiaomi	Redmi 4 Pro	1080	1920	480
Xiaomi	Redmi 4A	720	1280	320
Xiaomi	Redmi 4X	720	1280	320
Xiaomi	Redmi 5	720	1440	320
Xiaomi	Redmi 5 Plus	1080	2160	480
Xiaomi	Redmi 5A	720	1280	320
Xiaomi	Redmi 6 Pro	1080	2280	440
Xiaomi	Redmi 6A	720	1440	320
Xiaomi	Redmi 6Pro	1080	1920	480
Xiaomi	Redmi 7A	720	1440	320
Xiaomi	Redmi 8	720	1520	320
Xiaomi	Redmi 8	720	1600	320
Xiaomi	Redmi Go	720	1280	320
Xiaomi	Redmi K30 Pro Zoom Edition	1080	2400	440
Xiaomi	Redmi Note 3	1080	1920	480
Xiaomi	Redmi Note 4	1080	1920	480
Xiaomi	Redmi Note 5 Pro	1080	2160	480
Xiaomi	Redmi Note 5A	720	1280	320
Xiaomi	Redmi Note 6 Pro	1080	2280	440
Xiaomi	Redmi Note 7 Pro	1080	2340	440
Xiaomi	Redmi Pro	1080	1920	480
Xiaomi	Redmi S2	720	1440	320
Xiaomi	Xiaomi 11i	1080	2400	440
Xiaomi	Xiaomi 11i HyperCharge	1080	2400	440
Xiaomi	Xiaomi 11T	1080	2400	440
Xiaomi	Xiaomi 11T Pro	1080	2400	440
Xiaomi	Xiaomi 12	1080	2400	440
Xiaomi	Xiaomi 12 Lite	1080	2400	440
Xiaomi	Xiaomi 12 Pro	1440	3200	560
Xiaomi	Xiaomi 12 Pro Dimensity	1440	3200	560
Xiaomi	Xiaomi 12S	1080	2400	440
Xiaomi	Xiaomi 12S Pro	1440	3200	560
Xiaomi	Xiaomi 12S Ultra	1440	3200	560
Xiaomi	Xiaomi 12T	1220	2712	480
Xiaomi	Xiaomi 12T Pro	1220	2712	480
Xiaomi	Xiaomi 12X	1080	2400	440
Xiaomi	Xiaomi 13	1080	2400	440
Xiaomi	Xiaomi 13 Pro	1440	3200	560
Xiaomi	Xiaomi 13 Ultra	1440	3200	560
Xiaomi	Xiaomi 13T	1220	2712	480
Xiaomi	Xiaomi 13T Pro	1220	2712	480
Xiaomi	Xiaomi 14	1200	2670	480
Xiaomi	Xiaomi 14 Pro	1440	3200	560
Xiaomi	Xiaomi 14 Ultra	1440	3200	560
Xiaomi	Xiaomi 14T	1220	2712	520
Xiaomi	Xiaomi 14T Pro	1220	2712	520
Xiaomi	Xiaomi 15	1200	2670	520
Xiaomi	Xiaomi 15 Pro	1080	2400	600
Xiaomi	Xiaomi 15 Ultra	1080	2400	600
Xiaomi	Xiaomi 15S Pro	1080	2400	600
Xiaomi	Xiaomi 15T	1280	2772	520
Xiaomi	Xiaomi 15T Pro	1280	2772	520
Xiaomi	Xiaomi 17	1220	2656	520
Xiaomi	Xiaomi 17 Max	1200	2608	480
Xiaomi	Xiaomi 17 Pro	1220	2656	520
Xiaomi	Xiaomi 17 Pro Max	1200	2608	480
Xiaomi	Xiaomi 17 Ultra	1200	2608	480
Xiaomi	Xiaomi 17T	1268	2756	520
Xiaomi	Xiaomi 17T Pro	1280	2772	520
Xiaomi	Xiaomi Civi	1080	2400	440
Xiaomi	Xiaomi Civi 1S	1080	2400	440
Xiaomi	Xiaomi civi 3	1080	2400	440
Xiaomi	Xiaomi Civi 4	1236	2750	480
Xiaomi	Xiaomi Civi 5 Pro	1236	2750	520
Xiaomi	Xiaomi civi2	1080	2400	440
Xiaomi	Xiaomi MIX Flip	1224	2912	520
Xiaomi	Xiaomi MIX Fold	1860	2480	440
Xiaomi	Xiaomi MIX Fold 2	1914	2160	440
Xiaomi	Xiaomi MIX Fold 3	1916	2160	440
Xiaomi	Xiaomi MIX Fold 4	2224	2488	480
Xiaomi	Xiaomi Pad 5	1600	2560	360
Xiaomi	Xiaomi Pad 5 Pro	1600	2560	320
Xiaomi	Xiaomi Pad 5 Pro 5G	1600	2560	360
Xiaomi	Xiaomi Pad 6	1800	2880	400
Xiaomi	Xiaomi Pad 6 Max 14	1800	2880	360
Xiaomi	Xiaomi pad 6 Pro	1800	2880	400
Xiaomi	Xiaomi Pad 6S Pro 12.4	2032	3048	400
Xiaomi	Xiaomi Pad 7	2136	3200	440
Xiaomi	Xiaomi Pad 7 Pro	2136	3200	440
Xiaomi	Xiaomi Pad 7 Ultra	2136	3200	360
Xiaomi	Xiaomi Pad 7S Pro 12.5	2136	3200	400
Xiaomi	Xiaomi Pad 8	2136	3200	440
Xiaomi	Xiaomi Pad 8 Pro	2136	3200	440
Xiaomi	Xiaomi Pad Mini	1880	3008	450
Xitrix	TravelPad A10	1200	1920	280
XMART	X10S	800	1280	160
Xmobile	X1	480	960	213
Xmobile	X10	800	1280	200
Xmobile	X10Max	800	1280	200
Xmobile	X55	480	960	213
Xmobile	X55USA	480	960	213
Xmobile	X63Pro	720	1520	280
Xmobile	X7	600	1024	213
Xmobile	X8Max	800	1280	213
Xmobile	X8Pro	800	1280	210
Xmobile	X_55B	480	960	213
Xmobile	Xmovi_X8	800	1280	213
Xolo	Era5X	720	1440	320
Xolo	Era_4X	720	1440	320
Xolo	Era_4X_2GB	720	1440	320
XORO	Megapad_1333	1080	1920	213
XORO	Megapad_1333_Pro	1080	1920	213
Xphoenix	OneTabPro2	1200	1920	320
Xphoenix	OneTabProMate	1200	1920	280
Xplore Technologies	M6	1080	1920	480
Xplore Technologies	XP8105A	800	1280	160
Xplore Technologies	XSLATE_D10	768	1366	160
XPPen	XPPen_Magic_Drawing_Pad	1440	2160	320
XREAL	Beam Pro	1080	2400	480
Xsmart	CORE_X	720	1640	320
Xsmart	Mate_10	720	1612	320
Xsmart	NOVA_7	720	1612	300
xTouch	S40	720	1520	320
xTouch	X40	480	800	240
xTouch	XBot Junior	720	1280	320
xTouch	XBOT_SENIOR	720	1440	320
xTouch	XP10_4G	800	1280	160
xTouch	XP10_Wifi	800	1280	160
xTouch	XTOUCH X	720	1440	320
xTouch	XTOUCH X10	720	1440	320
Xtratech	BRIO_X31	720	1520	320
Xtratech	X10MT16	800	1280	160
Xtratech	X10MT87	800	1280	160
Xtratech	X8MT87	800	1280	160
XTRATECH_IGUANAPAD	X8MT16	800	1280	213
Yandex	YNDX-000SB	1080	2160	420
Yes	Altitude 3	480	854	200
Yes	Altitude 4	480	960	240
Yes	M631Y	720	1280	320
YesTeL	Note_30_pro	720	1560	320
YesTeL	T10_V_EEA	800	1280	213
YesTeL	T13_EEA	1200	1920	240
YesTeL	T13_T_EEA	800	1280	160
YesTeL	T13_US	1200	2000	240
YesTeL	T13_V_EEA	800	1280	213
YesTeL	T15_EEA	1200	2000	240
YesTeL	T15_US	1200	2000	240
YesTeL	T5	800	1280	160
YesTeL	T5-plus	1200	1920	240
YesTeL	T5_0	800	1280	160
YesTeL	T5_EEA	800	1280	160
YesTeL	T5_EEA	1200	1920	240
YesTeL	T5_EEA_0	800	1280	160
YesTeL	X2_EEA	800	1280	160
YesTeL	X2_T_EEA	800	1280	213
YesTeL	X2_T_US	800	1280	213
YesTeL	X2_US	800	1280	200
YesTeL	X3_EEA	600	1024	160
YesTeL	X7_EEA	800	1280	213
YesTeL	X9_EEA	800	1280	213
Yezz	4E	480	800	240
Yezz	5E	480	854	240
Yezz	5EQ	480	854	240
Yezz	ART1	720	1560	320
Yezz	ART1_PRO	720	1560	320
Yezz	ART2PRO	720	1600	320
Yezz	ART3_PRO	1080	2400	460
Yezz	ART_3_Lite	720	1600	320
Yezz	ART_3S	720	1600	280
Yezz	EPIC_MAX	800	1280	160
Yezz	GO 3	360	640	240
Yezz	GO1	480	800	240
Yezz	GO2	480	800	240
Yezz	LIV 1S	480	960	240
Yezz	LIV 3S LTE	480	854	200
Yezz	LIV1	480	960	240
Yezz	LIV2_LTE	540	960	240
Yezz	LIV2LTE	480	854	240
Yezz	LIV3_LTE	480	854	240
Yezz	LIV_3S	540	960	240
Yezz	MAX 3 PLUS	480	1010	200
Yezz	MAX 3 ULTRA	720	1520	320
Yezz	MAX2	480	960	200
Yezz	MAX2 PLUS	720	1440	320
Yezz	MAX3	720	1440	320
Yezz	MAX_2_Ultra	600	1280	240
YGF(tech)	YGF-F7	480	800	240
YIKEMI	Pad6_Plus_EEA	800	1280	213
YINBER	S11Ultra	1200	1920	213
YINOCHE	R8	600	1024	160
YOBANSE	T88	600	1024	160
YOBANSE	Y101	800	1280	160
YOBANSE	Z-T10	800	1280	190
YOBANSE	Z-TAB10	800	1280	160
Yokoscan	TC60	720	1440	320
Yokoscan	TC60_EEA	720	1440	320
YOSATOO	K15	800	1280	160
YOSATOO	P10	1720	2408	260
YOSATOO	Y101	600	1024	160
Yota Devices	YotaPhone2	1080	1920	480
YOTOPT	Q11-EEA	800	1280	213
YOTOPT	X109	800	1280	160
YOTOPT	Y103_EEA	800	1280	160
YOTOPT	Y121-EEA	800	1280	160
YOTOPT	Y3-EEA	800	1280	213
YOTOPT	Y61	800	1280	213
YOTOPT	Y61-EEA	800	1280	213
YOTOPT	Y8-EEA	800	1280	160
YQSAVIOR	Q2K	600	1024	160
YQSAVIOR	YQ10S	800	1280	213
YQSVAIOR	YQ10	800	1280	213
YQSVAIOR	YQ81-ROW	800	1280	213
YSFEN	B9000	1080	1920	480
Ytab	Pad2	800	1280	160
YU	YUNICORN	1080	1920	480
YU	YUNIQUE	720	1280	320
YU	Yunique 2	720	1280	320
YU	YUREKA	1080	1920	480
YU	Yureka Black	1080	1920	480
Yuho	A1332E	480	960	200
Yuho	Netra	720	1560	240
Yuho	Yuho_Tab10	800	1280	213
Yuho	Yuho_Tab8	800	1280	213
Yuho	YUHO_Y1_StarS	320	385	160
YUMKEM	N10-EEA	800	1280	160
YUMKEM	U221	800	1280	213
YUMKEM	U221-EEA	800	1280	213
YUMKEM	U320	800	1280	200
YUMKEM	U320-EEA	1200	1920	240
YUNTAB	D107	1200	1920	320
yyswie	A74W	800	1280	213
yyswie	CT1001	800	1280	160
yyswie	CT1001_EEA	800	1280	160
ZAIKAI	GPROseries	2160	3840	480
ZAIKAI	Gseries	2160	3840	480
ZAMOLXE	ZXT-10FL323G-PRO	1200	1920	213
ZAMOLXE	ZXT-10HL323S	800	1280	213
Zatec	ZPAD_1	600	1024	213
ZBOE	Interactive_Flat_Display	2160	3840	480
zcobro	KIDS710	600	1024	160
ZCS(SZ)	Z91	720	1280	240
ZCS(SZ)	Z92	720	1280	240
ZDK(SZ)	ZDKMP-T30A_ROW	800	1280	160
ZDK(SZ)	ZDKMP-T30B_ROW	1200	1920	320
Zebra	Customer Concierge 600	720	1280	160
Zebra	Customer Concierge 6000	800	1280	160
Zebra	EC30	480	854	320
Zebra	EC50	720	1280	320
Zebra	EC55	720	1280	320
Zebra	EM45	1080	2400	480
Zebra	ET40	800	1280	220
Zebra	ET40	1200	1920	240
Zebra	ET401	1200	1920	280
Zebra	ET45	800	1280	220
Zebra	ET45	1200	1920	240
Zebra	ET5X	1200	1920	240
Zebra	ET60	1200	1920	220
Zebra	ET65	1200	1920	220
Zebra	FR55	1080	2160	480
Zebra	HC25	1080	2160	480
Zebra	HC50	1080	2160	480
Zebra	KC50 Android™ Kiosk computers	1080	1920	220
Zebra	MC330K	480	800	240
Zebra	MC3400	480	800	240
Zebra	MC3450	480	800	240
Zebra	MC9400	480	800	240
Zebra	MC9450	480	800	240
Zebra	Pollux	720	1280	320
Zebra	PS20(Personal Shopper)	480	800	240
Zebra	PS30J	720	1280	320
Zebra	TC101	720	1440	320
Zebra	TC15	720	1600	320
Zebra	TC20	480	800	240
Zebra	TC201	1080	2160	480
Zebra	TC20KB	480	800	240
Zebra	TC21	720	1280	320
Zebra	TC25	480	800	240
Zebra	TC501	1080	2160	480
Zebra	TC51	720	1280	320
Zebra	TC53	1080	2160	480
Zebra	TC53E	1080	2160	480
Zebra	TC55	480	800	240
Zebra	TC56	720	1280	320
Zebra	TC58	1080	2160	480
Zebra	TC701	1080	2160	480
Zebra	TC70x	720	1280	320
Zebra	TC73	1080	2160	480
Zebra	TC75x	720	1280	320
Zebra	TC75xDF	720	1280	320
Zebra	TC78	1080	2160	480
Zebra	TC8000	480	800	240
Zebra	VC80x	768	1024	160
Zebra	WT6400	720	1280	280
Zebra	Zebra Technologies ET51	1600	2560	320
Zebra	Zebra Technologies ET56	1600	2560	320
Zebra	Zebra Technologies L10	1200	1920	240
Zebra	Zebra Technologies MC2200	480	800	240
Zebra	Zebra Technologies MC2700	480	800	240
Zebra	Zebra Technologies MC3300ax	480	800	240
Zebra	Zebra Technologies MC3300x	480	800	240
Zebra	Zebra Technologies MC9300	480	800	240
Zebra	Zebra Technologies TC26	720	1280	320
Zebra	Zebra Technologies TC52	720	1280	320
Zebra	Zebra Technologies TC52x	1080	1920	480
Zebra	Zebra Technologies TC57	720	1280	320
Zebra	Zebra Technologies TC57x	1080	1920	480
Zebra	Zebra Technologies TC72	720	1280	320
Zebra	Zebra Technologies TC77	720	1280	320
Zebra	Zebra Technologies TC8300	480	800	240
Zebra	Zebra Technologies VC8300	720	1280	160
Zebra	Zebra Technologies VC8300	768	1024	160
Zebra	Zebra Technologies WT6300	480	800	240
ZEEKER	ZEEKER_P10_RU	1080	2400	480
ZEEKER	ZEEKER_T100_EEA	1080	2160	480
Zeki	TBOG1034	800	1280	160
Zeki	TBOG1034BLK	800	1280	160
Zeki	TBQG1031	800	1280	213
Zenijust	H20	800	1280	160
Zigo	Zigo_Nebula_10_1	800	1280	214
ZIK (kz)	ZIK_W1027	800	1280	213
Zinox	Zinox_Zirra_Pro_Tablet	1200	1920	240
Zinox	Zpad-X8	800	1280	213
Zinox	Zpad-X8-PRO	800	1280	160
ZIOVO	Z118-EEA	800	1280	160
ZIOVO	Z118-U-EEA	800	1280	160
ZIOVO	Z118-U-US	800	1280	160
ZIOVO	Z118-US	800	1280	160
ZIOVO	Z128_EEA	1200	2000	240
ZIOVO	Z128_T_EEA	800	1280	160
ZIOVO	Z128_T_US	800	1280	160
ZIOVO	Z128_US	1200	2000	240
ZIOVO	Z138_EEA	800	1280	160
ZIOVO	Z138_US	800	1280	160
ZIOVO	Z138_V_EEA	800	1280	213
ZIOVO	Z138_V_US	800	1280	213
ZIOVO	Z168-EU	800	1280	213
ZIOVO	Z168-W	800	1280	213
ZIOVO	Z168_EEA	800	1280	213
ZIOVO	Z168_U_EEA	800	1280	160
ZIOVO	Z168_U_US	800	1280	160
ZIOVO	Z168_US	800	1280	213
Zitab	Zitab01	1200	2000	280
ZMBIZI	ZMBIZI	1080	2280	480
ZMBIZI	ZMBIZI Z2	1080	2400	480
ZMOOTH	ZMOOTH ZTAB020	1080	1920	240
ZOFYWNAS	D10	1200	1920	200
Zoji	Z11	720	1440	320
Zoji	Z33	720	1512	320
Zoji	Z9	720	1440	320
ZOLON	L16XX	1080	1920	240
Zong 4G	Z2	720	1440	320
Zonko	D105	800	1280	213
Zonko	D105_EEA	800	1280	160
Zonko	D106	800	1280	200
Zonko	D110	800	1280	200
Zonko	D115	800	1280	240
Zonko	D118	800	1280	200
Zonko	K101	800	1280	160
Zonko	K101_EEA	1200	1920	160
Zonko	K105	800	1280	160
Zonko	K105_EEA	800	1280	160
Zonko	K106	1200	1920	240
Zonko	K110	800	1280	160
Zonko	K113	800	1280	160
Zonko	K116_M	800	1280	160
Zonko	K118	800	1280	213
Zonko	K150	800	1280	200
Zonko	K710	600	1024	160
Zonko	K711	600	1024	160
ZONMAI	MX2_EEA	800	1280	160
Zoom	ULTRA	600	1024	213
Zoom	ULTRA_Plus	600	1024	220
ZOOMME	M3	600	1280	240
ZOOMSMART	LT600T	1200	1920	360
ZOOMSMART	LT800	800	1280	240
ZOOMSMART	ZM800	800	1280	240
Zpad	Zpad_X7	800	1280	213
Zpad	ZpadX7	800	1280	213
ZTE	5G UG Phone U25	720	1612	320
ZTE	5G UG Phone U26	720	1600	320
ZTE	5G UG Tablet T26	1200	1920	260
ZTE	901ZT	1080	2160	480
ZTE	902ZT	1080	2340	480
ZTE	A001ZT	720	1560	320
ZTE	A003ZT	1080	2340	480
ZTE	A1 Alpha	720	1520	320
ZTE	A103ZT	1080	2400	480
ZTE	A1R	1080	1920	480
ZTE	A2015	1080	1920	480
ZTE	A202ZT	1080	2400	480
ZTE	A303ZT	1080	2400	480
ZTE	A402ZT	720	1560	320
ZTE	A403ZT	1080	2400	480
ZTE	A404ZT	1188	2790	520
ZTE	A504ZT	1080	2400	480
ZTE	A505ZT	1188	2790	520
ZTE	A601ZT	1080	2400	480
ZTE	Amazing_X3s_16G	480	854	240
ZTE	B2016	1080	1920	480
ZTE	B2017G	1080	1920	480
ZTE	BA510	720	1280	320
ZTE	BA520	720	1280	320
ZTE	BA602	720	1280	320
ZTE	BA610T	720	1280	320
ZTE	BA611T	720	1280	320
ZTE	BA910	720	1280	320
ZTE	BGH Joy X5	720	1280	320
ZTE	BLADE A110	480	800	240
ZTE	BLADE A3	480	960	240
ZTE	Blade A3 2019	480	960	240
ZTE	Blade A3 Plus	576	1152	240
ZTE	Blade A3 SE	480	960	240
ZTE	Blade A30	480	960	240
ZTE	Blade A31	720	1440	320
ZTE	BLADE A310	480	854	240
ZTE	BLADE A320	480	854	240
ZTE	Blade A452	720	1280	320
ZTE	Blade A460	480	854	240
ZTE	Blade A465	480	854	240
ZTE	Blade A475	720	1280	320
ZTE	Blade A476	720	1280	320
ZTE	Blade A5 2019-T	720	1440	320
ZTE	BLADE A506	720	1280	320
ZTE	BLADE A510	720	1280	320
ZTE	Blade A510	720	1280	320
ZTE	Blade A511	720	1280	320
ZTE	BLADE A512	720	1280	320
ZTE	Blade A52 Pro	720	1600	320
ZTE	BLADE A520	720	1280	320
ZTE	BLADE A530	720	1440	320
ZTE	BLADE A6 MAX	720	1280	320
ZTE	BLADE A602	720	1280	320
ZTE	Blade A7 2019-T	720	1560	320
ZTE	Blade A7S 2020-T	720	1560	320
ZTE	BLADE A910	720	1280	320
ZTE	Blade C370	480	854	240
ZTE	Blade Force	720	1280	320
ZTE	BLADE L0510	720	1280	320
ZTE	Blade L2 Plus	480	854	240
ZTE	Blade L3	480	854	240
ZTE	Blade L3 Plus	720	1280	320
ZTE	Blade L5	480	854	240
ZTE	Blade L6	720	1280	320
ZTE	BLADE L7A	480	854	240
ZTE	Blade S	720	1280	320
ZTE	Blade S6 Flex	720	1280	320
ZTE	BLADE V Ultra	1080	1920	480
ZTE	BLADE V0710	1080	1920	480
ZTE	BLADE V0720	720	1280	320
ZTE	BLADE V0730	1080	1920	480
ZTE	Blade V580	720	1280	320
ZTE	Blade V580	1080	1920	480
ZTE	Blade V6	720	1280	320
ZTE	BLADE V7	1080	1920	480
ZTE	Blade V770	1080	1920	480
ZTE	BLADE V8	1080	1920	480
ZTE	BLADE V8 SE	720	1280	320
ZTE	BLADE V8Q	720	1280	320
ZTE	BLADE V9	1080	2160	480
ZTE	BLADE V9 VITA	720	1440	320
ZTE	Blade X Max	1080	1920	480
ZTE	Blade X1 5G	1080	2340	480
ZTE	Blade X2 Max	1080	1920	480
ZTE	Bland A610	720	1280	320
ZTE	BOLTON	1080	1920	480
ZTE	Bolton	1080	1920	480
ZTE	BV0701	1080	1920	480
ZTE	BV0710T	1080	1920	480
ZTE	BV0720	720	1280	320
ZTE	BV0730	1080	1920	480
ZTE	C880S	720	1280	320
ZTE	Chapel	480	854	240
ZTE	ConeXis X1	720	1280	320
ZTE	ConeXis X2	720	1280	320
ZTE	Fanfare 2	480	854	240
ZTE	G720C	1080	1920	480
ZTE	G720T	1080	1920	480
ZTE	Grand X Max 2	1080	1920	480
ZTE	Grand X2 In	600	1024	160
ZTE	GrayJoy	480	854	240
ZTE	ISE-T100C	1200	2000	240
ZTE	Jasper LTE	480	800	240
ZTE	K81	800	1280	213
ZTE	K813	720	1280	320
ZTE	K83V	800	1280	240
ZTE	K85	1200	1920	320
ZTE	K87CA	800	1280	240
ZTE	K88	800	1280	213
ZTE	K95L	1200	2000	320
ZTE	K97	768	1024	160
ZTE	Libero Flip	1188	2790	520
ZTE	Majesty Pro LTE	480	854	240
ZTE	MO-01J	720	1280	320
ZTE	MO-01K	720	1280	320
ZTE	N9132	480	854	240
ZTE	N918St	720	1280	320
ZTE	N9518	720	1280	320
ZTE	NP01J	1600	2560	320
ZTE	NP03J	1800	2880	400
ZTE	NP05J	1504	2400	360
ZTE	NT01	1800	2880	400
ZTE	nubia A56	720	1600	320
ZTE	nubia A75	720	1600	320
ZTE	nubia A76	720	1600	320
ZTE	nubia A76 5G	720	1600	320
ZTE	nubia Air	1080	2400	480
ZTE	nubia Flip 2 5G	1188	2790	520
ZTE	nubia Flip 5G	1188	2790	520
ZTE	nubia Flip2	1188	2790	520
ZTE	nubia Focus	720	1612	320
ZTE	nubia Focus 2 5G	720	1600	320
ZTE	nubia Focus 2 Ultra 5G	1080	2392	480
ZTE	nubia Focus 5G	720	1612	320
ZTE	nubia Music	720	1612	320
ZTE	nubia Music 2	720	1600	320
ZTE	nubia Neo 2 5G	1080	2400	480
ZTE	nubia Neo 3	900	2030	400
ZTE	nubia Neo 3 5G	900	2030	400
ZTE	nubia Neo 5 5G	900	1940	400
ZTE	nubia Neo 5G	1080	2408	480
ZTE	nubia Pad 3D	1600	2560	320
ZTE	nubia Pad 3D II	1600	2560	320
ZTE	nubia Pad 5G	1200	1920	260
ZTE	nubia Pad SE	1200	1920	260
ZTE	nubia Play	1080	2340	480
ZTE	nubia S2e	1080	2400	480
ZTE	nubia S2R	1080	2400	480
ZTE	nubia V60	1080	2400	480
ZTE	nubia V60 Design	720	1612	320
ZTE	nubia V70 Design	720	1600	320
ZTE	nubia Z30 Pro	1080	2400	480
ZTE	nubia Z50 Ultra	1116	2480	480
ZTE	nubia Z50S Pro	1260	2800	560
ZTE	nubia Z60 Ultra	1116	2480	480
ZTE	nubia Z60S Pro	1260	2800	560
ZTE	nubia Z70 Ultra	1216	2688	520
ZTE	nubia Z70S Ultra	1216	2688	520
ZTE	nubia Z80	1216	2688	520
ZTE	NX505J	1080	1920	480
ZTE	NX507J	1080	1920	480
ZTE	NX508J	1080	1920	480
ZTE	NX510J	1080	1920	480
ZTE	NX511J	1080	1920	480
ZTE	NX512J	1080	1920	480
ZTE	NX513J	1080	1920	480
ZTE	NX523J_V1	1080	1920	480
ZTE	NX529J	1080	1920	480
ZTE	NX531J	1080	1920	480
ZTE	NX541J	1080	1920	480
ZTE	NX549J	1080	1920	480
ZTE	NX551J	1080	1920	480
ZTE	NX563J	1080	1920	440
ZTE	NX569J	1080	1920	480
ZTE	NX573J	720	1280	320
ZTE	NX575J	720	1280	320
ZTE	NX589J	1080	1920	480
ZTE	NX591J	1080	1920	480
ZTE	NX595J	1080	2040	480
ZTE	NX597J	720	1280	320
ZTE	NX601J	1080	1920	480
ZTE	NX609J	1080	1920	480
ZTE	NX612J	1080	2160	480
ZTE	NX619J	1080	2160	480
ZTE	NX627J	1080	2340	480
ZTE	NX629J	1080	2340	480
ZTE	NX659J	1080	2340	480
ZTE	NX666J	1080	2400	480
ZTE	NX669J	1080	2400	480
ZTE	NX679J	540	960	240
ZTE	NX679J	1080	2400	480
ZTE	NX679S	720	1280	320
ZTE	NX702J	1080	2400	480
ZTE	NX709J	540	960	240
ZTE	NX709S	540	960	240
ZTE	NX709S	1080	2400	480
ZTE	NX711J	1080	2400	480
ZTE	NX729J	540	960	240
ZTE	NX729J	1116	2480	480
ZTE	NX907J	720	1280	320
ZTE	Optus X Max	720	1600	320
ZTE	Optus X Pro 5G	720	1600	320
ZTE	Optus X-Plus	576	1280	240
ZTE	Optus X-Pro 2 5G	720	1600	320
ZTE	Orange Neva jet	1080	2340	480
ZTE	OWN FUN 5(4G)	480	854	240
ZTE	P501	480	960	240
ZTE	P505	576	1152	240
ZTE	P545	720	1440	320
ZTE	P601	480	960	240
ZTE	P609	720	1560	320
ZTE	P650 Pro	720	1560	320
ZTE	P652 Pro	720	1600	320
ZTE	P7 Pro 5G	720	1600	320
ZTE	Red Magic 5G	1080	2340	480
ZTE	RED MAGIC 5G	1080	2340	480
ZTE	Red Magic 5G lite	1080	2340	480
ZTE	REDMAGIC 7	1080	2400	480
ZTE	REDMAGIC 7Pro	1080	2400	480
ZTE	REDMAGIC 9	1116	2480	480
ZTE	S2007	720	1280	320
ZTE	Sapphire 3G	480	800	240
ZTE	sapphire lte	480	800	240
ZTE	Sirius	1080	2160	480
ZTE	Spro 2	720	1280	320
ZTE	Stack	480	854	240
ZTE	T620	720	1280	320
ZTE	T80	1080	1920	480
ZTE	T85	720	1280	320
ZTE	T920	1080	1920	480
ZTE	T98	1200	1920	240
ZTE	Telstra T-Elite 2 5G	720	1600	320
ZTE	Telstra Tough Max 3	1080	2160	480
ZTE	TURKCELL T60	720	1280	320
ZTE	TURKCELL T70	720	1280	320
ZTE	TURKCELL T80	1080	1920	480
ZTE	uSmart Cloud Terminal	1320	2112	300
ZTE	V815W	480	800	240
ZTE	V831W	480	854	240
ZTE	Verve Connect	720	1560	320
ZTE	Vesta	720	1280	320
ZTE	Vodafone Smart ultra 6	1080	1920	480
ZTE	Vodafone Smart X9	1080	2160	480
ZTE	Warp 7	720	1280	320
ZTE	Z-01K	1920	2160	480
ZTE	Z2020N3	1080	2340	480
ZTE	Z2339K	480	800	220
ZTE	Z2351N	1080	2400	480
ZTE	Z2359	720	1612	320
ZTE	Z2450	720	1600	320
ZTE	Z2453	720	1600	320
ZTE	Z2459	720	1600	320
ZTE	Z2465N	1080	2392	480
ZTE	Z2472	720	1600	320
ZTE	Z2570N	1224	2720	520
ZTE	Z2575	900	1940	400
ZTE	Z2576	900	1940	400
ZTE	Z2577	720	1640	320
ZTE	Z2581	720	1570	320
ZTE	Z3153V	480	960	240
ZTE	Z3351S	480	960	240
ZTE	Z3352CA	480	960	240
ZTE	Z3353CA	480	960	240
ZTE	Z353VL	320	480	160
ZTE	Z40 Pro	1080	2400	480
ZTE	Z5031O	480	960	240
ZTE	Z5151V	720	1440	320
ZTE	Z5156CC	720	1440	320
ZTE	Z5158	720	1440	320
ZTE	Z557BL	480	854	240
ZTE	Z559DL	480	854	240
ZTE	Z6250CC	720	1560	320
ZTE	Z6251	720	1600	320
ZTE	Z6252CA	720	1600	320
ZTE	Z6356T	720	1600	320
ZTE	Z6410	1080	2160	480
ZTE	Z6530V	1080	2280	480
ZTE	Z6561J	1080	2408	480
ZTE	Z6621O	720	1520	320
ZTE	Z716BL	480	800	240
ZTE	Z717VL	480	800	240
ZTE	Z7540	720	1600	320
ZTE	Z813	480	854	240
ZTE	Z820	480	854	240
ZTE	Z828	480	854	240
ZTE	Z832	480	854	240
ZTE	Z833	480	854	240
ZTE	Z835	480	854	240
ZTE	Z836BL	480	854	240
ZTE	Z837VL	480	854	240
ZTE	Z839	480	854	240
ZTE	Z850	720	1280	320
ZTE	Z851M	480	854	240
ZTE	Z916BL	720	1280	320
ZTE	Z917VL	720	1280	320
ZTE	Z936L	720	1280	320
ZTE	Z955L	720	1280	320
ZTE	Z956	720	1280	320
ZTE	Z958	720	1280	320
ZTE	Z959	720	1280	320
ZTE	Z963U	1080	1920	480
ZTE	Z963VL	1080	1920	480
ZTE	Z970	720	1280	320
ZTE	Z971	720	1280	320
ZTE	Z981	1080	1920	480
ZTE	Z986U	1080	1920	480
ZTE	Z987	720	1280	320
ZTE	Z999	1080	1920	480
ZTE	Zmax 3	1080	1920	480
ZTE	ZPAD	1200	1920	240
ZTE	ZR01	1080	2460	480
ZTE	ZTE 1010L	720	1600	320
ZTE	ZTE 2050	1080	2248	480
ZTE	ZTE 2050RU	1080	1920	480
ZTE	ZTE 7060	720	1612	320
ZTE	ZTE 7530N	720	1600	320
ZTE	ZTE 7531N	720	1600	320
ZTE	ZTE 7532N	720	1600	320
ZTE	ZTE 7540N	720	1600	320
ZTE	ZTE 8010	720	1640	320
ZTE	ZTE 8012N	720	1600	320
ZTE	ZTE 8030	720	1640	320
ZTE	ZTE 8030N	1080	2400	480
ZTE	ZTE 8040N	1080	2400	480
ZTE	ZTE 8045	720	1600	320
ZTE	ZTE 8046	1080	2408	480
ZTE	ZTE 8050	1080	2408	480
ZTE	ZTE 8140N	1080	2408	480
ZTE	ZTE 9030	1080	2400	480
ZTE	ZTE 9030N	1080	2400	480
ZTE	ZTE 9042N	1080	2400	480
ZTE	ZTE 9045	1080	2400	480
ZTE	ZTE 9046	1080	2400	480
ZTE	ZTE 9047	1080	2400	480
ZTE	ZTE 9050N	1080	2400	480
ZTE	ZTE 9100N	1080	2400	480
ZTE	ZTE A20 5G	1080	2460	480
ZTE	ZTE A2017	1440	2560	640
ZTE	ZTE A2017G	1440	2560	640
ZTE	ZTE A2018	1440	2560	640
ZTE	ZTE A2019 Pro	1080	2248	480
ZTE	ZTE A2019G Pro	1080	2248	480
ZTE	ZTE A2022L	1080	2400	480
ZTE	ZTE A2023	1080	2400	480
ZTE	ZTE A2023G	1080	2400	480
ZTE	ZTE A2023P	1116	2480	480
ZTE	ZTE A2023PG	1116	2480	480
ZTE	ZTE A2121E	1080	2460	480
ZTE	ZTE A2121L	1080	2460	480
ZTE	ZTE A2322	1080	2460	480
ZTE	ZTE A2322G	1080	2460	480
ZTE	ZTE A520S	720	1280	320
ZTE	ZTE A530	1080	1920	480
ZTE	ZTE A606	720	1440	320
ZTE	ZTE A7000	720	1560	320
ZTE	ZTE A7020	720	1560	320
ZTE	ZTE A7030	720	1600	320
ZTE	ZTE A7040	720	1600	320
ZTE	ZTE A71 5G	720	1600	320
ZTE	ZTE AVID 4	480	854	240
ZTE	ZTE Avid 579	720	1440	320
ZTE	ZTE Axon 10 Pro	1080	2340	480
ZTE	ZTE Axon 11	1080	2340	480
ZTE	ZTE Axon 11 5G	1080	2340	480
ZTE	ZTE Axon 11 SE 5G	1080	2340	480
ZTE	ZTE Axon 30 5G	1080	2400	480
ZTE	ZTE Axon 30 Pro 5G	1080	2400	480
ZTE	ZTE Axon 30 Ultra 5G	1080	2400	480
ZTE	ZTE BLADE A0620	720	1280	320
ZTE	ZTE BLADE A0622	720	1280	320
ZTE	ZTE Blade A0722	720	1440	320
ZTE	ZTE BLADE A125	480	800	240
ZTE	ZTE Blade A3 2019	480	960	240
ZTE	ZTE Blade A3 2020	720	1440	320
ZTE	ZTE Blade A31	720	1440	320
ZTE	ZTE Blade A31 Lite	480	960	240
ZTE	ZTE Blade A32	720	1440	320
ZTE	ZTE Blade A33	480	1014	240
ZTE	ZTE Blade A33 Core	480	854	240
ZTE	ZTE Blade A33+	480	1014	240
ZTE	ZTE Blade A33+ Core	480	854	240
ZTE	ZTE BLADE A330	480	854	240
ZTE	ZTE Blade A33s	480	1014	240
ZTE	ZTE Blade A34	720	1612	320
ZTE	ZTE Blade A35 Core	480	854	240
ZTE	ZTE Blade A35s	576	1280	240
ZTE	ZTE Blade A3v	720	1440	320
ZTE	ZTE Blade A5 2019	720	1440	320
ZTE	ZTE Blade A5 2019RU	720	1440	320
ZTE	ZTE Blade A5 2020	720	1560	320
ZTE	ZTE BLADE A506	720	1280	320
ZTE	ZTE Blade A51	720	1600	320
ZTE	ZTE Blade A52	720	1600	320
ZTE	ZTE Blade A52 Lite	720	1600	280
ZTE	ZTE BLADE A521	720	1280	320
ZTE	ZTE Blade A522	720	1280	320
ZTE	ZTE Blade A53	720	1600	320
ZTE	ZTE Blade A53 Pro	720	1600	320
ZTE	ZTE Blade A531	720	1440	320
ZTE	ZTE Blade A54	720	1612	320
ZTE	ZTE Blade A56	720	1600	320
ZTE	ZTE Blade A56 Pro	720	1600	320
ZTE	ZTE BLADE A6	720	1280	320
ZTE	ZTE BLADE A612	720	1280	320
ZTE	ZTE Blade A7 2019	720	1560	320
ZTE	ZTE Blade A7 2020	720	1560	320
ZTE	ZTE Blade A7 2020RU	720	1560	320
ZTE	ZTE Blade A75 5G	720	1612	320
ZTE	ZTE Blade A76 5G	720	1600	320
ZTE	ZTE BLADE L111	480	800	240
ZTE	ZTE Blade L130	480	800	240
ZTE	ZTE Blade L210	480	960	240
ZTE	ZTE Blade L220	480	1014	240
ZTE	ZTE BLADE L7	480	854	240
ZTE	ZTE Blade L8	480	960	240
ZTE	ZTE Blade L9	480	960	240
ZTE	ZTE Blade V 2020	1080	2340	480
ZTE	ZTE BLADE V Ultra Z982	1080	1920	480
ZTE	ZTE Blade V10 Vita	720	1520	320
ZTE	ZTE Blade V10 Vita RU	720	1520	320
ZTE	ZTE Blade V1000	1080	2280	480
ZTE	ZTE Blade V1000RU	1080	1920	480
ZTE	ZTE Blade V2020 Vita	720	1560	320
ZTE	ZTE Blade V50 Design 5G	1080	2408	480
ZTE	ZTE Blade V50 Vita	720	1600	320
ZTE	ZTE Blade V60	1080	2400	480
ZTE	ZTE Blade V60 Design	720	1612	320
ZTE	ZTE Blade V70 Max	720	1640	320
ZTE	ZTE Blade V70 Vita	720	1600	320
ZTE	ZTE BLADE V9	1080	2160	480
ZTE	ZTE Blade X10	800	1280	240
ZTE	ZTE Blade X10 II	800	1280	240
ZTE	ZTE Blade X10 Pro	1200	1920	320
ZTE	ZTE Blade X1001	800	1280	480
ZTE	ZTE Blade X1101	1200	1920	480
ZTE	ZTE Blade X8 II	800	1280	240
ZTE	ZTE Blade X8 II Pro	800	1280	240
ZTE	ZTE Blade X8 Pro	1200	1920	360
ZTE	ZTE Blade X8701	800	1340	480
ZTE	ZTE C2017	1080	1920	480
ZTE	ZTE Fanfare 3	480	854	240
ZTE	ZTE Focus	720	1612	320
ZTE	ZTE Grand X View 3	800	1280	240
ZTE	ZTE N939Sc	1080	1920	480
ZTE	ZTE Note 13 Pro	720	1612	270
ZTE	ZTE PA01	1600	2560	320
ZTE	ZTE S30 Pro 5G	1080	2400	480
ZTE	ZTE T0801	800	1280	240
ZTE	ZTE Tempo X	480	854	240
ZTE	ZTE V0840	720	1280	320
ZTE	ZTE V0920	720	1440	320
ZTE	ZTE V1000	1080	2280	480
ZTE	ZTE V890	1080	2160	480
ZTE	ZTE ZFive C LTE	480	854	240
ZTE	ZTE_Blade_X10_II_Pro	1200	1920	360
ZTE	ZTE_Blade_X10_II_Pro+	1200	2000	340
ZTE	ZTE_V971LM	600	1024	240
ZTE	ZTE_V97L	600	1024	213
ZTE	ZTG01	1080	2340	480
ZTE	中兴Axon 50 Ultra 5G	1080	2400	480
ZTE	中兴远航41	720	1600	320
ZTE	红魔10 Pro	1216	2688	520
ZTE	红魔11 Pro游戏手机	1216	2688	520
ZTLEKE	P10	800	1280	160
ZTLEKE	P10MAX	800	1280	160
ZTLEKE	P10MAX2	800	1280	200
ZTLEKE	P10PRO	800	1280	160
ZTLEKE	P10Pro3	800	1280	200
ZTLEKE	S8Plus	800	1280	160
ZTLEKE	S8Plus2	800	1280	160
Zucchetti	Zpad 608	720	1560	320
Zuk	Lenovo Z2 Plus	1080	1920	480
Zuk	Z1	1080	1920	480
Zuk	Z2	1080	1920	480
Zuk	Z2 Pro	1080	1920	480
Zuk	ZTE BLADE A5 PRO	480	800	240
ZULEISY	E10A_EA	800	1280	213
ZULEISY	E8A	800	1340	213
ZULEISY	E8A_EEA	800	1340	213
ZUOPU	JH101	800	1280	213
ZUOPU	JH103	800	1280	213
ZUOPU	JH105	800	1280	213
Zuum	AKUS P1	720	1600	320
Zuum	AKUS PRO	720	1600	300
Zuum	AKUS Z	480	960	240
Zuum	AKUS Z1	480	960	240
Zuum	AKUS_TAB	800	1280	213
Zuum	Aura M1	720	1600	280
Zuum	AURA M2	720	1600	280
Zuum	AURA PLUS JLO	1080	2400	480
Zuum	AURA PRO	720	1600	320
Zuum	AURA PRO JLO	720	1600	320
Zuum	AURA X	1080	2340	480
Zuum	AURA Z	720	1600	320
Zuum	AURA Z1	720	1612	280
Zuum	Aura_X1	720	1600	280
Zuum	COVET PRO	720	1440	320
Zuum	COVET PRO LITE	720	1440	320
Zuum	COVET X	720	1612	320
Zuum	COVET Z	480	960	240
Zuum	GRAVITY M	1080	2160	480
Zuum	GRAVITY Z	720	1440	320
Zuum	Hidra Max	1080	1920	480
Zuum	Hidra Plus	1080	1920	480
Zuum	MAGNO C	480	854	240
Zuum	MAGNO C PLUS	480	960	200
Zuum	MAGNO C1	480	854	240
Zuum	MAGNO C2	480	854	220
Zuum	MAGNO MINI	360	640	240
Zuum	Magno Pro	720	1560	300
Zuum	MAGNO R	720	1640	280
Zuum	MAGNO S	720	1612	320
Zuum	MAGNO_C3	480	854	200
Zuum	MAGNO_P1	480	960	213
Zuum	MAGNO_P4	576	1152	220
Zuum	NOVUS_PRO	1200	1920	280
Zuum	NOVUS_TAB	800	1280	213
Zuum	ROCKET II	480	800	240
Zuum	ROCKET III	720	1600	300
Zuum	SENS PRO	720	1640	320
Zuum	SENS_CURVE	1080	2400	480
Zuum	SENS_G	1080	2460	480
Zuum	SENS_PLUS	1080	2400	480
Zuum	STELLAR M1	720	1440	320
Zuum	STELLAR M2	1080	2160	480
Zuum	STELLAR M3	720	1600	320
Zuum	STELLAR M4	720	1600	320
Zuum	Stellar Max	720	1600	320
Zuum	STELLAR P3	720	1520	320
Zuum	STELLAR P4	720	1600	320
Zuum	STELLAR P5	720	1640	320
Zuum	STELLAR P6	720	1600	320
Zuum	STELLAR_M5	720	1612	320
Zuum	STELLAR_M6	720	1600	320
Zuum	STELLAR_P8	720	1612	480
Zuum	VOLTA_KIDS	600	1024	160
Zuum	ZUUM PAD Kids	600	1024	200
Zuum	ZUUM PAD Lightyear	600	1024	200
Zynex	KB1002	800	1332	160
Zynex	X107L	800	1280	160
zyrex	ZT216_1	800	1280	160
zyrex	ZT216_2	800	1280	160
zyrex	ZT216_23	1200	1920	280
zyrex	ZT216_5	800	1280	160
zyrex	ZT_216	600	1024	160
ZZB (cn)	ZB10	800	1280	213
ZZB (cn)	ZB10M	800	1280	160
ZZB (cn)	ZB40	800	1280	160
